condition,w_inter,trial_idx,seed,A_hat,noise_percentile,noise_threshold
WT_APP,3,0,130442,0.02403359152,95,0.07479816256
WT_APP,3,1,130443,0.03020550712,95,0.07479816256
WT_APP,3,2,130444,0.06290137768,95,0.07479816256
WT_APP,3,3,130445,0.05131208006,95,0.07479816256
WT_APP,3,4,130446,0.07189482841,95,0.07479816256
WT_APP,3,5,130447,0.05139295434,95,0.07479816256
WT_APP,3,6,130448,0.07601310199,95,0.07479816256
WT_APP,3,7,130449,0.005954345456,95,0.07479816256
WT_APP,3,8,130450,0.01215952939,95,0.07479816256
WT_APP,3,9,130451,0.07331323658,95,0.07479816256
WT_APP,3,10,130452,0.02380104043,95,0.07479816256
WT_APP,3,11,130453,0.04798745006,95,0.07479816256
WT_APP,3,12,130454,0.02027376073,95,0.07479816256
WT_APP,3,13,130455,0.03664266254,95,0.07479816256
WT_APP,3,14,130456,0.01964805472,95,0.07479816256
WT_APP,3,15,130457,0.01543391506,95,0.07479816256
WT_APP,3,16,130458,0.05509400136,95,0.07479816256
WT_APP,3,17,130459,0.03763763818,95,0.07479816256
WT_APP,3,18,130460,0.02463800481,95,0.07479816256
WT_APP,3,19,130461,0.02429125757,95,0.07479816256
WT_APP,3,20,130462,0.02768921874,95,0.07479816256
WT_APP,3,21,130463,0.03071372736,95,0.07479816256
WT_APP,3,22,130464,0.007132074365,95,0.07479816256
WT_APP,3,23,130465,0.03261893631,95,0.07479816256
WT_APP,3,24,130466,0.05792344949,95,0.07479816256
WT_APP,3,25,130467,0.01197644737,95,0.07479816256
WT_APP,3,26,130468,0.03183023238,95,0.07479816256
WT_APP,3,27,130469,0.01925117469,95,0.07479816256
WT_APP,3,28,130470,0.006818720343,95,0.07479816256
WT_APP,3,29,130471,0.05753810792,95,0.07479816256
WT_APP,3,30,130472,0.07812908368,95,0.07479816256
WT_APP,3,31,130473,0.01895890037,95,0.07479816256
WT_APP,3,32,130474,0.02129725151,95,0.07479816256
WT_APP,3,33,130475,0.0494301203,95,0.07479816256
WT_APP,3,34,130476,0.04306058757,95,0.07479816256
WT_APP,3,35,130477,0.03026059113,95,0.07479816256
WT_APP,3,36,130478,0.05979223666,95,0.07479816256
WT_APP,3,37,130479,0.02349573703,95,0.07479816256
WT_APP,3,38,130480,0.05739152459,95,0.07479816256
WT_APP,3,39,130481,0.04089619083,95,0.07479816256
WT_APP,3,40,130482,0.05532216818,95,0.07479816256
WT_APP,3,41,130483,0.02357397495,95,0.07479816256
WT_APP,3,42,130484,0.01970147223,95,0.07479816256
WT_APP,3,43,130485,0.09806746081,95,0.07479816256
WT_APP,3,44,130486,0.02639249264,95,0.07479816256
WT_APP,3,45,130487,0.01205854609,95,0.07479816256
WT_APP,3,46,130488,0.04054077279,95,0.07479816256
WT_APP,3,47,130489,0.01151828237,95,0.07479816256
WT_APP,3,48,130490,0.05860156229,95,0.07479816256
WT_APP,3,49,130491,0.05798923051,95,0.07479816256
WT_APP,4,0,140442,0.07576720043,95,0.07589191962
WT_APP,4,1,140443,0.04409937196,95,0.07589191962
WT_APP,4,2,140444,0.05168711419,95,0.07589191962
WT_APP,4,3,140445,0.04824175032,95,0.07589191962
WT_APP,4,4,140446,0.05687476665,95,0.07589191962
WT_APP,4,5,140447,0.04462907443,95,0.07589191962
WT_APP,4,6,140448,0.03244364667,95,0.07589191962
WT_APP,4,7,140449,0.02789465702,95,0.07589191962
WT_APP,4,8,140450,0.0450653476,95,0.07589191962
WT_APP,4,9,140451,0.03806147994,95,0.07589191962
WT_APP,4,10,140452,0.02684477797,95,0.07589191962
WT_APP,4,11,140453,0.02853581799,95,0.07589191962
WT_APP,4,12,140454,0.02425526227,95,0.07589191962
WT_APP,4,13,140455,0.06987511204,95,0.07589191962
WT_APP,4,14,140456,0.0380603057,95,0.07589191962
WT_APP,4,15,140457,0.02073541875,95,0.07589191962
WT_APP,4,16,140458,0.02736663267,95,0.07589191962
WT_APP,4,17,140459,0.0403434794,95,0.07589191962
WT_APP,4,18,140460,0.0176347226,95,0.07589191962
WT_APP,4,19,140461,0.0759939626,95,0.07589191962
WT_APP,4,20,140462,0.06085663507,95,0.07589191962
WT_APP,4,21,140463,0.0152304337,95,0.07589191962
WT_APP,4,22,140464,0.0133400628,95,0.07589191962
WT_APP,4,23,140465,0.03632471552,95,0.07589191962
WT_APP,4,24,140466,0.0550891815,95,0.07589191962
WT_APP,4,25,140467,0.02767082875,95,0.07589191962
WT_APP,4,26,140468,0.05240512976,95,0.07589191962
WT_APP,4,27,140469,0.03583619358,95,0.07589191962
WT_APP,4,28,140470,0.05447123402,95,0.07589191962
WT_APP,4,29,140471,0.02001071123,95,0.07589191962
WT_APP,4,30,140472,0.01808321813,95,0.07589191962
WT_APP,4,31,140473,0.004647632968,95,0.07589191962
WT_APP,4,32,140474,0.03834461133,95,0.07589191962
WT_APP,4,33,140475,0.04714292959,95,0.07589191962
WT_APP,4,34,140476,0.03458477446,95,0.07589191962
WT_APP,4,35,140477,0.04064113268,95,0.07589191962
WT_APP,4,36,140478,0.03992245408,95,0.07589191962
WT_APP,4,37,140479,0.09139134333,95,0.07589191962
WT_APP,4,38,140480,0.02534170606,95,0.07589191962
WT_APP,4,39,140481,0.03455562816,95,0.07589191962
WT_APP,4,40,140482,0.04750368032,95,0.07589191962
WT_APP,4,41,140483,0.0622292331,95,0.07589191962
WT_APP,4,42,140484,0.04014794709,95,0.07589191962
WT_APP,4,43,140485,0.04020725102,95,0.07589191962
WT_APP,4,44,140486,0.1002085944,95,0.07589191962
WT_APP,4,45,140487,0.05169603728,95,0.07589191962
WT_APP,4,46,140488,0.03288785742,95,0.07589191962
WT_APP,4,47,140489,0.01844893312,95,0.07589191962
WT_APP,4,48,140490,0.01399273751,95,0.07589191962
WT_APP,4,49,140491,0.02972239886,95,0.07589191962
WT_APP,5,0,150442,0.02237054639,95,0.09135110087
WT_APP,5,1,150443,0.03956534914,95,0.09135110087
WT_APP,5,2,150444,0.03272728148,95,0.09135110087
WT_APP,5,3,150445,0.07521478025,95,0.09135110087
WT_APP,5,4,150446,0.01832163033,95,0.09135110087
WT_APP,5,5,150447,0.009029971131,95,0.09135110087
WT_APP,5,6,150448,0.04424835263,95,0.09135110087
WT_APP,5,7,150449,0.06238824232,95,0.09135110087
WT_APP,5,8,150450,0.06756120986,95,0.09135110087
WT_APP,5,9,150451,0.08527540121,95,0.09135110087
WT_APP,5,10,150452,0.04197577039,95,0.09135110087
WT_APP,5,11,150453,0.1061742825,95,0.09135110087
WT_APP,5,12,150454,0.03489307039,95,0.09135110087
WT_APP,5,13,150455,0.006727554534,95,0.09135110087
WT_APP,5,14,150456,0.03351002334,95,0.09135110087
WT_APP,5,15,150457,0.09438214684,95,0.09135110087
WT_APP,5,16,150458,0.08076997638,95,0.09135110087
WT_APP,5,17,150459,0.03813121322,95,0.09135110087
WT_APP,5,18,150460,0.0704371868,95,0.09135110087
WT_APP,5,19,150461,0.02484096735,95,0.09135110087
WT_APP,5,20,150462,0.04859874459,95,0.09135110087
WT_APP,5,21,150463,0.04994815764,95,0.09135110087
WT_APP,5,22,150464,0.06389521029,95,0.09135110087
WT_APP,5,23,150465,0.02476168521,95,0.09135110087
WT_APP,5,24,150466,0.05015403442,95,0.09135110087
WT_APP,5,25,150467,0.02478276051,95,0.09135110087
WT_APP,5,26,150468,0.07445550361,95,0.09135110087
WT_APP,5,27,150469,0.03305646906,95,0.09135110087
WT_APP,5,28,150470,0.06457902358,95,0.09135110087
WT_APP,5,29,150471,0.0248151604,95,0.09135110087
WT_APP,5,30,150472,0.08379881315,95,0.09135110087
WT_APP,5,31,150473,0.042956139,95,0.09135110087
WT_APP,5,32,150474,0.09926186196,95,0.09135110087
WT_APP,5,33,150475,0.03771193925,95,0.09135110087
WT_APP,5,34,150476,0.05579655758,95,0.09135110087
WT_APP,5,35,150477,0.08828178735,95,0.09135110087
WT_APP,5,36,150478,0.01284032443,95,0.09135110087
WT_APP,5,37,150479,0.06047411021,95,0.09135110087
WT_APP,5,38,150480,0.00778711209,95,0.09135110087
WT_APP,5,39,150481,0.02093203681,95,0.09135110087
WT_APP,5,40,150482,0.07371763275,95,0.09135110087
WT_APP,5,41,150483,0.02644025837,95,0.09135110087
WT_APP,5,42,150484,0.04540089143,95,0.09135110087
WT_APP,5,43,150485,0.0245738581,95,0.09135110087
WT_APP,5,44,150486,0.01601231912,95,0.09135110087
WT_APP,5,45,150487,0.06293961578,95,0.09135110087
WT_APP,5,46,150488,0.01791718308,95,0.09135110087
WT_APP,5,47,150489,0.01843699493,95,0.09135110087
WT_APP,5,48,150490,0.01701541831,95,0.09135110087
WT_APP,5,49,150491,0.05228322504,95,0.09135110087
WT_APP,5,50,150492,0.01777714873,95,0.09135110087
WT_APP,5,51,150493,0.07950973879,95,0.09135110087
WT_APP,5,52,150494,0.07573558395,95,0.09135110087
WT_APP,5,53,150495,0.03359570084,95,0.09135110087
WT_APP,5,54,150496,0.05515286715,95,0.09135110087
WT_APP,5,55,150497,0.09337161352,95,0.09135110087
WT_APP,5,56,150498,0.02632193696,95,0.09135110087
WT_APP,5,57,150499,0.02929759374,95,0.09135110087
WT_APP,5,58,150500,0.09267672755,95,0.09135110087
WT_APP,5,59,150501,0.03935663079,95,0.09135110087
WT_APP,5,60,150502,0.04055068214,95,0.09135110087
WT_APP,5,61,150503,0.09128133104,95,0.09135110087
WT_APP,5,62,150504,0.04590025282,95,0.09135110087
WT_APP,5,63,150505,0.06153616051,95,0.09135110087
WT_APP,5,64,150506,0.007152170662,95,0.09135110087
WT_APP,5,65,150507,0.02554761619,95,0.09135110087
WT_APP,5,66,150508,0.03917744068,95,0.09135110087
WT_APP,5,67,150509,0.01264825536,95,0.09135110087
WT_APP,5,68,150510,0.06598486262,95,0.09135110087
WT_APP,5,69,150511,0.05207098183,95,0.09135110087
WT_APP,5,70,150512,0.08308457105,95,0.09135110087
WT_APP,5,71,150513,0.01287666812,95,0.09135110087
WT_APP,5,72,150514,0.02636127316,95,0.09135110087
WT_APP,5,73,150515,0.0788157356,95,0.09135110087
WT_APP,5,74,150516,0.03960193129,95,0.09135110087
WT_APP,5,75,150517,0.05099487779,95,0.09135110087
WT_APP,5,76,150518,0.03442049693,95,0.09135110087
WT_APP,5,77,150519,0.03231876877,95,0.09135110087
WT_APP,5,78,150520,0.05648101843,95,0.09135110087
WT_APP,5,79,150521,0.02775970433,95,0.09135110087
WT_APP,5,80,150522,0.03895342047,95,0.09135110087
WT_APP,5,81,150523,0.0437495319,95,0.09135110087
WT_APP,5,82,150524,0.06428500515,95,0.09135110087
WT_APP,5,83,150525,0.0532157988,95,0.09135110087
WT_APP,5,84,150526,0.03855612108,95,0.09135110087
WT_APP,5,85,150527,0.06076262156,95,0.09135110087
WT_APP,5,86,150528,0.03034597498,95,0.09135110087
WT_APP,5,87,150529,0.03534809644,95,0.09135110087
WT_APP,5,88,150530,0.04833923968,95,0.09135110087
WT_APP,5,89,150531,0.02427377617,95,0.09135110087
WT_APP,5,90,150532,0.01661197124,95,0.09135110087
WT_APP,5,91,150533,0.01541247102,95,0.09135110087
WT_APP,5,92,150534,0.03083562633,95,0.09135110087
WT_APP,5,93,150535,0.05811354928,95,0.09135110087
WT_APP,5,94,150536,0.05520736642,95,0.09135110087
WT_APP,5,95,150537,0.08708565509,95,0.09135110087
WT_APP,5,96,150538,0.05803156015,95,0.09135110087
WT_APP,5,97,150539,0.03176043614,95,0.09135110087
WT_APP,5,98,150540,0.01274395432,95,0.09135110087
WT_APP,5,99,150541,0.03342136691,95,0.09135110087
WT_APP,5.5,0,155442,0.01930361532,95,0.08570948025
WT_APP,5.5,1,155443,0.03145411426,95,0.08570948025
WT_APP,5.5,2,155444,0.04916743302,95,0.08570948025
WT_APP,5.5,3,155445,0.006473693454,95,0.08570948025
WT_APP,5.5,4,155446,0.04836707494,95,0.08570948025
WT_APP,5.5,5,155447,0.0780871916,95,0.08570948025
WT_APP,5.5,6,155448,0.05508155608,95,0.08570948025
WT_APP,5.5,7,155449,0.0329820148,95,0.08570948025
WT_APP,5.5,8,155450,0.01076662657,95,0.08570948025
WT_APP,5.5,9,155451,0.02598526647,95,0.08570948025
WT_APP,5.5,10,155452,0.02585841242,95,0.08570948025
WT_APP,5.5,11,155453,0.06964770245,95,0.08570948025
WT_APP,5.5,12,155454,0.03062561997,95,0.08570948025
WT_APP,5.5,13,155455,0.0353405613,95,0.08570948025
WT_APP,5.5,14,155456,0.009199649474,95,0.08570948025
WT_APP,5.5,15,155457,0.03442226828,95,0.08570948025
WT_APP,5.5,16,155458,0.03867156078,95,0.08570948025
WT_APP,5.5,17,155459,0.04798231502,95,0.08570948025
WT_APP,5.5,18,155460,0.07500272429,95,0.08570948025
WT_APP,5.5,19,155461,0.02471216104,95,0.08570948025
WT_APP,5.5,20,155462,0.02033261621,95,0.08570948025
WT_APP,5.5,21,155463,0.04273056826,95,0.08570948025
WT_APP,5.5,22,155464,0.01315321159,95,0.08570948025
WT_APP,5.5,23,155465,0.02411044833,95,0.08570948025
WT_APP,5.5,24,155466,0.07922811158,95,0.08570948025
WT_APP,5.5,25,155467,0.03409553375,95,0.08570948025
WT_APP,5.5,26,155468,0.03820124103,95,0.08570948025
WT_APP,5.5,27,155469,0.04781020247,95,0.08570948025
WT_APP,5.5,28,155470,0.02079070656,95,0.08570948025
WT_APP,5.5,29,155471,0.01839477903,95,0.08570948025
WT_APP,5.5,30,155472,0.0202638335,95,0.08570948025
WT_APP,5.5,31,155473,0.03664241006,95,0.08570948025
WT_APP,5.5,32,155474,0.04624893501,95,0.08570948025
WT_APP,5.5,33,155475,0.03624202981,95,0.08570948025
WT_APP,5.5,34,155476,0.09499565742,95,0.08570948025
WT_APP,5.5,35,155477,0.06099406545,95,0.08570948025
WT_APP,5.5,36,155478,0.08565087677,95,0.08570948025
WT_APP,5.5,37,155479,0.04276659949,95,0.08570948025
WT_APP,5.5,38,155480,0.06185473667,95,0.08570948025
WT_APP,5.5,39,155481,0.02340080486,95,0.08570948025
WT_APP,5.5,40,155482,0.008177576192,95,0.08570948025
WT_APP,5.5,41,155483,0.05109591901,95,0.08570948025
WT_APP,5.5,42,155484,0.05315549921,95,0.08570948025
WT_APP,5.5,43,155485,0.08025979197,95,0.08570948025
WT_APP,5.5,44,155486,0.01591386215,95,0.08570948025
WT_APP,5.5,45,155487,0.04842240951,95,0.08570948025
WT_APP,5.5,46,155488,0.08044639855,95,0.08570948025
WT_APP,5.5,47,155489,0.04197527961,95,0.08570948025
WT_APP,5.5,48,155490,0.02843325895,95,0.08570948025
WT_APP,5.5,49,155491,0.0234283767,95,0.08570948025
WT_APP,5.5,50,155492,0.001946836541,95,0.08570948025
WT_APP,5.5,51,155493,0.02972758241,95,0.08570948025
WT_APP,5.5,52,155494,0.03264471116,95,0.08570948025
WT_APP,5.5,53,155495,0.0543858572,95,0.08570948025
WT_APP,5.5,54,155496,0.06688037381,95,0.08570948025
WT_APP,5.5,55,155497,0.04777679026,95,0.08570948025
WT_APP,5.5,56,155498,0.02502016598,95,0.08570948025
WT_APP,5.5,57,155499,0.04524054913,95,0.08570948025
WT_APP,5.5,58,155500,0.0323273096,95,0.08570948025
WT_APP,5.5,59,155501,0.04777055027,95,0.08570948025
WT_APP,5.5,60,155502,0.07937483015,95,0.08570948025
WT_APP,5.5,61,155503,0.03380947714,95,0.08570948025
WT_APP,5.5,62,155504,0.05213822297,95,0.08570948025
WT_APP,5.5,63,155505,0.01226869639,95,0.08570948025
WT_APP,5.5,64,155506,0.08736773841,95,0.08570948025
WT_APP,5.5,65,155507,0.05093403634,95,0.08570948025
WT_APP,5.5,66,155508,0.07453154337,95,0.08570948025
WT_APP,5.5,67,155509,0.07958405159,95,0.08570948025
WT_APP,5.5,68,155510,0.02888796118,95,0.08570948025
WT_APP,5.5,69,155511,0.04339466182,95,0.08570948025
WT_APP,5.5,70,155512,0.02485134322,95,0.08570948025
WT_APP,5.5,71,155513,0.06918277229,95,0.08570948025
WT_APP,5.5,72,155514,0.003701382543,95,0.08570948025
WT_APP,5.5,73,155515,0.06190746447,95,0.08570948025
WT_APP,5.5,74,155516,0.07443086041,95,0.08570948025
WT_APP,5.5,75,155517,0.02936787363,95,0.08570948025
WT_APP,5.5,76,155518,0.05475067157,95,0.08570948025
WT_APP,5.5,77,155519,0.008645845686,95,0.08570948025
WT_APP,5.5,78,155520,0.0434953153,95,0.08570948025
WT_APP,5.5,79,155521,0.05574326413,95,0.08570948025
WT_APP,5.5,80,155522,0.03130601474,95,0.08570948025
WT_APP,5.5,81,155523,0.00901677751,95,0.08570948025
WT_APP,5.5,82,155524,0.02447182598,95,0.08570948025
WT_APP,5.5,83,155525,0.03981753434,95,0.08570948025
WT_APP,5.5,84,155526,0.05261679851,95,0.08570948025
WT_APP,5.5,85,155527,0.02215304743,95,0.08570948025
WT_APP,5.5,86,155528,0.1115188733,95,0.08570948025
WT_APP,5.5,87,155529,0.06711678706,95,0.08570948025
WT_APP,5.5,88,155530,0.08682294641,95,0.08570948025
WT_APP,5.5,89,155531,0.05801415266,95,0.08570948025
WT_APP,5.5,90,155532,0.04195882948,95,0.08570948025
WT_APP,5.5,91,155533,0.063563918,95,0.08570948025
WT_APP,5.5,92,155534,0.05225978023,95,0.08570948025
WT_APP,5.5,93,155535,0.03096574892,95,0.08570948025
WT_APP,5.5,94,155536,0.08691888953,95,0.08570948025
WT_APP,5.5,95,155537,0.07805942756,95,0.08570948025
WT_APP,5.5,96,155538,0.01474362691,95,0.08570948025
WT_APP,5.5,97,155539,0.06222663065,95,0.08570948025
WT_APP,5.5,98,155540,0.01865755289,95,0.08570948025
WT_APP,5.5,99,155541,0.0391799548,95,0.08570948025
WT_APP,6,0,160442,0.0240798984,95,0.08666442023
WT_APP,6,1,160443,0.0466922092,95,0.08666442023
WT_APP,6,2,160444,0.1101238143,95,0.08666442023
WT_APP,6,3,160445,0.04385940828,95,0.08666442023
WT_APP,6,4,160446,0.03612697454,95,0.08666442023
WT_APP,6,5,160447,0.04434647804,95,0.08666442023
WT_APP,6,6,160448,0.05517636586,95,0.08666442023
WT_APP,6,7,160449,0.04413190414,95,0.08666442023
WT_APP,6,8,160450,0.04814353822,95,0.08666442023
WT_APP,6,9,160451,0.09604895653,95,0.08666442023
WT_APP,6,10,160452,0.03345703813,95,0.08666442023
WT_APP,6,11,160453,0.04857316888,95,0.08666442023
WT_APP,6,12,160454,0.005676348475,95,0.08666442023
WT_APP,6,13,160455,0.0874460828,95,0.08666442023
WT_APP,6,14,160456,0.0866232801,95,0.08666442023
WT_APP,6,15,160457,0.03554946396,95,0.08666442023
WT_APP,6,16,160458,0.04471687208,95,0.08666442023
WT_APP,6,17,160459,0.06160748753,95,0.08666442023
WT_APP,6,18,160460,0.04431793909,95,0.08666442023
WT_APP,6,19,160461,0.03337314985,95,0.08666442023
WT_APP,6,20,160462,0.02406472334,95,0.08666442023
WT_APP,6,21,160463,0.04070992642,95,0.08666442023
WT_APP,6,22,160464,0.0309649203,95,0.08666442023
WT_APP,6,23,160465,0.02229006458,95,0.08666442023
WT_APP,6,24,160466,0.07301061437,95,0.08666442023
WT_APP,6,25,160467,0.03980532774,95,0.08666442023
WT_APP,6,26,160468,0.02160350746,95,0.08666442023
WT_APP,6,27,160469,0.04161338852,95,0.08666442023
WT_APP,6,28,160470,0.04307139478,95,0.08666442023
WT_APP,6,29,160471,0.03683784385,95,0.08666442023
WT_APP,6,30,160472,0.06347497077,95,0.08666442023
WT_APP,6,31,160473,0.006317215953,95,0.08666442023
WT_APP,6,32,160474,0.01160457011,95,0.08666442023
WT_APP,6,33,160475,0.05558745181,95,0.08666442023
WT_APP,6,34,160476,0.03180942096,95,0.08666442023
WT_APP,6,35,160477,0.05414229029,95,0.08666442023
WT_APP,6,36,160478,0.03484183293,95,0.08666442023
WT_APP,6,37,160479,0.06276742918,95,0.08666442023
WT_APP,6,38,160480,0.02699060464,95,0.08666442023
WT_APP,6,39,160481,0.02866757359,95,0.08666442023
WT_APP,6,40,160482,0.05365903634,95,0.08666442023
WT_APP,6,41,160483,0.02649172237,95,0.08666442023
WT_APP,6,42,160484,0.04961371452,95,0.08666442023
WT_APP,6,43,160485,0.03446875183,95,0.08666442023
WT_APP,6,44,160486,0.03053397208,95,0.08666442023
WT_APP,6,45,160487,0.03504839843,95,0.08666442023
WT_APP,6,46,160488,0.04164829402,95,0.08666442023
WT_APP,6,47,160489,0.02128568021,95,0.08666442023
WT_APP,6,48,160490,0.07243499175,95,0.08666442023
WT_APP,6,49,160491,0.0384133351,95,0.08666442023
WT_APP,6,50,160492,0.03938836179,95,0.08666442023
WT_APP,6,51,160493,0.02254981401,95,0.08666442023
WT_APP,6,52,160494,0.01645787369,95,0.08666442023
WT_APP,6,53,160495,0.02718100801,95,0.08666442023
WT_APP,6,54,160496,0.02668763691,95,0.08666442023
WT_APP,6,55,160497,0.04563636003,95,0.08666442023
WT_APP,6,56,160498,0.06310178933,95,0.08666442023
WT_APP,6,57,160499,0.06430635308,95,0.08666442023
WT_APP,6,58,160500,0.02561027285,95,0.08666442023
WT_APP,6,59,160501,0.0266670605,95,0.08666442023
WT_APP,6,60,160502,0.01665559203,95,0.08666442023
WT_APP,6,61,160503,0.04422096186,95,0.08666442023
WT_APP,6,62,160504,0.07443513403,95,0.08666442023
WT_APP,6,63,160505,0.02677054071,95,0.08666442023
WT_APP,6,64,160506,0.02817784261,95,0.08666442023
WT_APP,6,65,160507,0.01108340232,95,0.08666442023
WT_APP,6,66,160508,0.1007085734,95,0.08666442023
WT_APP,6,67,160509,0.02789825396,95,0.08666442023
WT_APP,6,68,160510,0.01255430462,95,0.08666442023
WT_APP,6,69,160511,0.03199931345,95,0.08666442023
WT_APP,6,70,160512,0.05009330003,95,0.08666442023
WT_APP,6,71,160513,0.03169189251,95,0.08666442023
WT_APP,6,72,160514,0.01853634432,95,0.08666442023
WT_APP,6,73,160515,0.03859635899,95,0.08666442023
WT_APP,6,74,160516,0.02938018246,95,0.08666442023
WT_APP,6,75,160517,0.06129124517,95,0.08666442023
WT_APP,6,76,160518,0.05887233595,95,0.08666442023
WT_APP,6,77,160519,0.03872441855,95,0.08666442023
WT_APP,6,78,160520,0.01654614495,95,0.08666442023
WT_APP,6,79,160521,0.01808194005,95,0.08666442023
WT_APP,6,80,160522,0.02027650497,95,0.08666442023
WT_APP,6,81,160523,0.05971962568,95,0.08666442023
WT_APP,6,82,160524,0.07067861277,95,0.08666442023
WT_APP,6,83,160525,0.04411386845,95,0.08666442023
WT_APP,6,84,160526,0.05396890708,95,0.08666442023
WT_APP,6,85,160527,0.03892497147,95,0.08666442023
WT_APP,6,86,160528,0.06135573694,95,0.08666442023
WT_APP,6,87,160529,0.03817732416,95,0.08666442023
WT_APP,6,88,160530,0.1009465232,95,0.08666442023
WT_APP,6,89,160531,0.05449122301,95,0.08666442023
WT_APP,6,90,160532,0.067701902,95,0.08666442023
WT_APP,6,91,160533,0.0723386826,95,0.08666442023
WT_APP,6,92,160534,0.07698513743,95,0.08666442023
WT_APP,6,93,160535,0.01888584711,95,0.08666442023
WT_APP,6,94,160536,0.06236131919,95,0.08666442023
WT_APP,6,95,160537,0.02811419773,95,0.08666442023
WT_APP,6,96,160538,0.02541091091,95,0.08666442023
WT_APP,6,97,160539,0.03654881527,95,0.08666442023
WT_APP,6,98,160540,0.05466400144,95,0.08666442023
WT_APP,6,99,160541,0.05900694735,95,0.08666442023
WT_APP,6.5,0,165442,0.04918648321,95,0.08365336432
WT_APP,6.5,1,165443,0.0404947574,95,0.08365336432
WT_APP,6.5,2,165444,0.02865960933,95,0.08365336432
WT_APP,6.5,3,165445,0.0530233393,95,0.08365336432
WT_APP,6.5,4,165446,0.03853070284,95,0.08365336432
WT_APP,6.5,5,165447,0.05537297201,95,0.08365336432
WT_APP,6.5,6,165448,0.05266883155,95,0.08365336432
WT_APP,6.5,7,165449,0.06106870279,95,0.08365336432
WT_APP,6.5,8,165450,0.05239391266,95,0.08365336432
WT_APP,6.5,9,165451,0.1007601641,95,0.08365336432
WT_APP,6.5,10,165452,0.08200275554,95,0.08365336432
WT_APP,6.5,11,165453,0.05502951163,95,0.08365336432
WT_APP,6.5,12,165454,0.1360421672,95,0.08365336432
WT_APP,6.5,13,165455,0.06576768096,95,0.08365336432
WT_APP,6.5,14,165456,0.01791259795,95,0.08365336432
WT_APP,6.5,15,165457,0.0419861112,95,0.08365336432
WT_APP,6.5,16,165458,0.03581842581,95,0.08365336432
WT_APP,6.5,17,165459,0.007645758448,95,0.08365336432
WT_APP,6.5,18,165460,0.0225408466,95,0.08365336432
WT_APP,6.5,19,165461,0.02659045799,95,0.08365336432
WT_APP,6.5,20,165462,0.01782173907,95,0.08365336432
WT_APP,6.5,21,165463,0.0213383646,95,0.08365336432
WT_APP,6.5,22,165464,0.02768970399,95,0.08365336432
WT_APP,6.5,23,165465,0.02984729008,95,0.08365336432
WT_APP,6.5,24,165466,0.01897124667,95,0.08365336432
WT_APP,6.5,25,165467,0.03021956491,95,0.08365336432
WT_APP,6.5,26,165468,0.06188593289,95,0.08365336432
WT_APP,6.5,27,165469,0.04581393185,95,0.08365336432
WT_APP,6.5,28,165470,0.04450494021,95,0.08365336432
WT_APP,6.5,29,165471,0.06369519935,95,0.08365336432
WT_APP,6.5,30,165472,0.06648414675,95,0.08365336432
WT_APP,6.5,31,165473,0.07022684867,95,0.08365336432
WT_APP,6.5,32,165474,0.04660878424,95,0.08365336432
WT_APP,6.5,33,165475,0.06573434582,95,0.08365336432
WT_APP,6.5,34,165476,0.04909925657,95,0.08365336432
WT_APP,6.5,35,165477,0.02464441218,95,0.08365336432
WT_APP,6.5,36,165478,0.0513811006,95,0.08365336432
WT_APP,6.5,37,165479,0.02464339527,95,0.08365336432
WT_APP,6.5,38,165480,0.02998885013,95,0.08365336432
WT_APP,6.5,39,165481,0.04292655734,95,0.08365336432
WT_APP,6.5,40,165482,0.02305937953,95,0.08365336432
WT_APP,6.5,41,165483,0.1021581757,95,0.08365336432
WT_APP,6.5,42,165484,0.04296014734,95,0.08365336432
WT_APP,6.5,43,165485,0.05714525307,95,0.08365336432
WT_APP,6.5,44,165486,0.04321791821,95,0.08365336432
WT_APP,6.5,45,165487,0.04783332472,95,0.08365336432
WT_APP,6.5,46,165488,0.06620926605,95,0.08365336432
WT_APP,6.5,47,165489,0.05342291121,95,0.08365336432
WT_APP,6.5,48,165490,0.007760662561,95,0.08365336432
WT_APP,6.5,49,165491,0.06761280589,95,0.08365336432
WT_APP,6.5,50,165492,0.09300433669,95,0.08365336432
WT_APP,6.5,51,165493,0.05752101233,95,0.08365336432
WT_APP,6.5,52,165494,0.07168309748,95,0.08365336432
WT_APP,6.5,53,165495,0.03649861853,95,0.08365336432
WT_APP,6.5,54,165496,0.06717826259,95,0.08365336432
WT_APP,6.5,55,165497,0.07631270269,95,0.08365336432
WT_APP,6.5,56,165498,0.0350770077,95,0.08365336432
WT_APP,6.5,57,165499,0.0245577891,95,0.08365336432
WT_APP,6.5,58,165500,0.04081882674,95,0.08365336432
WT_APP,6.5,59,165501,0.02436313403,95,0.08365336432
WT_APP,6.5,60,165502,0.05266483408,95,0.08365336432
WT_APP,6.5,61,165503,0.02156775086,95,0.08365336432
WT_APP,6.5,62,165504,0.01471213309,95,0.08365336432
WT_APP,6.5,63,165505,0.05943619886,95,0.08365336432
WT_APP,6.5,64,165506,0.06686205575,95,0.08365336432
WT_APP,6.5,65,165507,0.06741709807,95,0.08365336432
WT_APP,6.5,66,165508,0.04703589407,95,0.08365336432
WT_APP,6.5,67,165509,0.04971469251,95,0.08365336432
WT_APP,6.5,68,165510,0.05146316668,95,0.08365336432
WT_APP,6.5,69,165511,0.01495763666,95,0.08365336432
WT_APP,6.5,70,165512,0.04317301763,95,0.08365336432
WT_APP,6.5,71,165513,0.02449011818,95,0.08365336432
WT_APP,6.5,72,165514,0.06454714207,95,0.08365336432
WT_APP,6.5,73,165515,0.093890863,95,0.08365336432
WT_APP,6.5,74,165516,0.04038465105,95,0.08365336432
WT_APP,6.5,75,165517,0.05358576546,95,0.08365336432
WT_APP,6.5,76,165518,0.008431744023,95,0.08365336432
WT_APP,6.5,77,165519,0.04595670866,95,0.08365336432
WT_APP,6.5,78,165520,0.07466698591,95,0.08365336432
WT_APP,6.5,79,165521,0.07079059567,95,0.08365336432
WT_APP,6.5,80,165522,0.07176351258,95,0.08365336432
WT_APP,6.5,81,165523,0.01530906206,95,0.08365336432
WT_APP,6.5,82,165524,0.01724392823,95,0.08365336432
WT_APP,6.5,83,165525,0.03803978094,95,0.08365336432
WT_APP,6.5,84,165526,0.05928211222,95,0.08365336432
WT_APP,6.5,85,165527,0.05339240963,95,0.08365336432
WT_APP,6.5,86,165528,0.04737829991,95,0.08365336432
WT_APP,6.5,87,165529,0.07400454928,95,0.08365336432
WT_APP,6.5,88,165530,0.05558074572,95,0.08365336432
WT_APP,6.5,89,165531,0.01798964626,95,0.08365336432
WT_APP,6.5,90,165532,0.08316120788,95,0.08365336432
WT_APP,6.5,91,165533,0.05579309925,95,0.08365336432
WT_APP,6.5,92,165534,0.03615883873,95,0.08365336432
WT_APP,6.5,93,165535,0.04702095023,95,0.08365336432
WT_APP,6.5,94,165536,0.02395345848,95,0.08365336432
WT_APP,6.5,95,165537,0.03050745375,95,0.08365336432
WT_APP,6.5,96,165538,0.0651674794,95,0.08365336432
WT_APP,6.5,97,165539,0.04098999738,95,0.08365336432
WT_APP,6.5,98,165540,0.04406868394,95,0.08365336432
WT_APP,6.5,99,165541,0.08008393654,95,0.08365336432
WT_APP,7,0,170442,0.09170940415,95,0.09452510109
WT_APP,7,1,170443,0.08440746213,95,0.09452510109
WT_APP,7,2,170444,0.06287169232,95,0.09452510109
WT_APP,7,3,170445,0.01211398778,95,0.09452510109
WT_APP,7,4,170446,0.04916499679,95,0.09452510109
WT_APP,7,5,170447,0.1404264527,95,0.09452510109
WT_APP,7,6,170448,0.06912309884,95,0.09452510109
WT_APP,7,7,170449,0.1053403904,95,0.09452510109
WT_APP,7,8,170450,0.04578631438,95,0.09452510109
WT_APP,7,9,170451,0.006540094875,95,0.09452510109
WT_APP,7,10,170452,0.03379795982,95,0.09452510109
WT_APP,7,11,170453,0.04947479551,95,0.09452510109
WT_APP,7,12,170454,0.08004478628,95,0.09452510109
WT_APP,7,13,170455,0.08051912147,95,0.09452510109
WT_APP,7,14,170456,0.0468867839,95,0.09452510109
WT_APP,7,15,170457,0.03861661084,95,0.09452510109
WT_APP,7,16,170458,0.09222806769,95,0.09452510109
WT_APP,7,17,170459,0.04850624595,95,0.09452510109
WT_APP,7,18,170460,0.03025513943,95,0.09452510109
WT_APP,7,19,170461,0.03908064666,95,0.09452510109
WT_APP,7,20,170462,0.01532398115,95,0.09452510109
WT_APP,7,21,170463,0.02087115431,95,0.09452510109
WT_APP,7,22,170464,0.04198111842,95,0.09452510109
WT_APP,7,23,170465,0.02196901898,95,0.09452510109
WT_APP,7,24,170466,0.03663245431,95,0.09452510109
WT_APP,7,25,170467,0.04606779506,95,0.09452510109
WT_APP,7,26,170468,0.06877240978,95,0.09452510109
WT_APP,7,27,170469,0.0749421707,95,0.09452510109
WT_APP,7,28,170470,0.07700209009,95,0.09452510109
WT_APP,7,29,170471,0.02314246393,95,0.09452510109
WT_APP,7,30,170472,0.04997775263,95,0.09452510109
WT_APP,7,31,170473,0.07885770283,95,0.09452510109
WT_APP,7,32,170474,0.03123481258,95,0.09452510109
WT_APP,7,33,170475,0.07654946927,95,0.09452510109
WT_APP,7,34,170476,0.02442253649,95,0.09452510109
WT_APP,7,35,170477,0.01150063521,95,0.09452510109
WT_APP,7,36,170478,0.01099787114,95,0.09452510109
WT_APP,7,37,170479,0.04894682988,95,0.09452510109
WT_APP,7,38,170480,0.09814174956,95,0.09452510109
WT_APP,7,39,170481,0.05830161045,95,0.09452510109
WT_APP,7,40,170482,0.07677080638,95,0.09452510109
WT_APP,7,41,170483,0.03951160893,95,0.09452510109
WT_APP,7,42,170484,0.061304044,95,0.09452510109
WT_APP,7,43,170485,0.0745315797,95,0.09452510109
WT_APP,7,44,170486,0.06111446655,95,0.09452510109
WT_APP,7,45,170487,0.05473236257,95,0.09452510109
WT_APP,7,46,170488,0.03755901289,95,0.09452510109
WT_APP,7,47,170489,0.04921830098,95,0.09452510109
WT_APP,7,48,170490,0.05784208746,95,0.09452510109
WT_APP,7,49,170491,0.1209280776,95,0.09452510109
WT_APP,7,50,170492,0.0463105071,95,0.09452510109
WT_APP,7,51,170493,0.0513460779,95,0.09452510109
WT_APP,7,52,170494,0.05671497163,95,0.09452510109
WT_APP,7,53,170495,0.03624496143,95,0.09452510109
WT_APP,7,54,170496,0.04835068103,95,0.09452510109
WT_APP,7,55,170497,0.07364274529,95,0.09452510109
WT_APP,7,56,170498,0.01351434935,95,0.09452510109
WT_APP,7,57,170499,0.07902926685,95,0.09452510109
WT_APP,7,58,170500,0.09070293214,95,0.09452510109
WT_APP,7,59,170501,0.04979301656,95,0.09452510109
WT_APP,7,60,170502,0.05135772244,95,0.09452510109
WT_APP,7,61,170503,0.01957590484,95,0.09452510109
WT_APP,7,62,170504,0.009540184093,95,0.09452510109
WT_APP,7,63,170505,0.02978779566,95,0.09452510109
WT_APP,7,64,170506,0.06365826808,95,0.09452510109
WT_APP,7,65,170507,0.06909266607,95,0.09452510109
WT_APP,7,66,170508,0.05361222465,95,0.09452510109
WT_APP,7,67,170509,0.04240656146,95,0.09452510109
WT_APP,7,68,170510,0.04381475339,95,0.09452510109
WT_APP,7,69,170511,0.05319479852,95,0.09452510109
WT_APP,7,70,170512,0.0170668114,95,0.09452510109
WT_APP,7,71,170513,0.07438089688,95,0.09452510109
WT_APP,7,72,170514,0.08114859675,95,0.09452510109
WT_APP,7,73,170515,0.04560953178,95,0.09452510109
WT_APP,7,74,170516,0.04135739812,95,0.09452510109
WT_APP,7,75,170517,0.07219089566,95,0.09452510109
WT_APP,7,76,170518,0.03540516937,95,0.09452510109
WT_APP,7,77,170519,0.09433475117,95,0.09452510109
WT_APP,7,78,170520,0.01692090847,95,0.09452510109
WT_APP,7,79,170521,0.007579645809,95,0.09452510109
WT_APP,7,80,170522,0.04593955762,95,0.09452510109
WT_APP,7,81,170523,0.01623215331,95,0.09452510109
WT_APP,7,82,170524,0.01719367089,95,0.09452510109
WT_APP,7,83,170525,0.01546406339,95,0.09452510109
WT_APP,7,84,170526,0.01661818602,95,0.09452510109
WT_APP,7,85,170527,0.02228061204,95,0.09452510109
WT_APP,7,86,170528,0.09202609944,95,0.09452510109
WT_APP,7,87,170529,0.02334617544,95,0.09452510109
WT_APP,7,88,170530,0.02307465089,95,0.09452510109
WT_APP,7,89,170531,0.05520221642,95,0.09452510109
WT_APP,7,90,170532,0.03116098847,95,0.09452510109
WT_APP,7,91,170533,0.0141576462,95,0.09452510109
WT_APP,7,92,170534,0.08440323338,95,0.09452510109
WT_APP,7,93,170535,0.01608141104,95,0.09452510109
WT_APP,7,94,170536,0.04969927983,95,0.09452510109
WT_APP,7,95,170537,0.1102016239,95,0.09452510109
WT_APP,7,96,170538,0.06483248932,95,0.09452510109
WT_APP,7,97,170539,0.07118471372,95,0.09452510109
WT_APP,7,98,170540,0.02792374256,95,0.09452510109
WT_APP,7,99,170541,0.04430843951,95,0.09452510109
WT_APP,7.5,0,175442,0.0486944567,95,0.07366059279
WT_APP,7.5,1,175443,0.04216400145,95,0.07366059279
WT_APP,7.5,2,175444,0.03890677669,95,0.07366059279
WT_APP,7.5,3,175445,0.04242736542,95,0.07366059279
WT_APP,7.5,4,175446,0.02149882203,95,0.07366059279
WT_APP,7.5,5,175447,0.05368637335,95,0.07366059279
WT_APP,7.5,6,175448,0.06742642904,95,0.07366059279
WT_APP,7.5,7,175449,0.06234913609,95,0.07366059279
WT_APP,7.5,8,175450,0.04356980612,95,0.07366059279
WT_APP,7.5,9,175451,0.03524049882,95,0.07366059279
WT_APP,7.5,10,175452,0.04526737014,95,0.07366059279
WT_APP,7.5,11,175453,0.0225173415,95,0.07366059279
WT_APP,7.5,12,175454,0.0552355712,95,0.07366059279
WT_APP,7.5,13,175455,0.0222915676,95,0.07366059279
WT_APP,7.5,14,175456,0.120807106,95,0.07366059279
WT_APP,7.5,15,175457,0.01681455461,95,0.07366059279
WT_APP,7.5,16,175458,0.02820159283,95,0.07366059279
WT_APP,7.5,17,175459,0.04323657354,95,0.07366059279
WT_APP,7.5,18,175460,0.04053280873,95,0.07366059279
WT_APP,7.5,19,175461,0.04884191782,95,0.07366059279
WT_APP,7.5,20,175462,0.03721549669,95,0.07366059279
WT_APP,7.5,21,175463,0.07359331848,95,0.07366059279
WT_APP,7.5,22,175464,0.04939667737,95,0.07366059279
WT_APP,7.5,23,175465,0.04832832113,95,0.07366059279
WT_APP,7.5,24,175466,0.05052143451,95,0.07366059279
WT_APP,7.5,25,175467,0.02215096054,95,0.07366059279
WT_APP,7.5,26,175468,0.0318657435,95,0.07366059279
WT_APP,7.5,27,175469,0.02764154394,95,0.07366059279
WT_APP,7.5,28,175470,0.01883728103,95,0.07366059279
WT_APP,7.5,29,175471,0.01902292062,95,0.07366059279
WT_APP,7.5,30,175472,0.02105409384,95,0.07366059279
WT_APP,7.5,31,175473,0.0599467148,95,0.07366059279
WT_APP,7.5,32,175474,0.04940663016,95,0.07366059279
WT_APP,7.5,33,175475,0.06950453885,95,0.07366059279
WT_APP,7.5,34,175476,0.0549911099,95,0.07366059279
WT_APP,7.5,35,175477,0.03989253359,95,0.07366059279
WT_APP,7.5,36,175478,0.03666061419,95,0.07366059279
WT_APP,7.5,37,175479,0.01135921299,95,0.07366059279
WT_APP,7.5,38,175480,0.0360413554,95,0.07366059279
WT_APP,7.5,39,175481,0.04605068093,95,0.07366059279
WT_APP,7.5,40,175482,0.03087192972,95,0.07366059279
WT_APP,7.5,41,175483,0.05690222857,95,0.07366059279
WT_APP,7.5,42,175484,0.06535600909,95,0.07366059279
WT_APP,7.5,43,175485,0.1241202063,95,0.07366059279
WT_APP,7.5,44,175486,0.003720504561,95,0.07366059279
WT_APP,7.5,45,175487,0.05126229214,95,0.07366059279
WT_APP,7.5,46,175488,0.02978199712,95,0.07366059279
WT_APP,7.5,47,175489,0.07337916624,95,0.07366059279
WT_APP,7.5,48,175490,0.02482932436,95,0.07366059279
WT_APP,7.5,49,175491,0.07191609058,95,0.07366059279
WT_APP,7.5,50,175492,0.01890891532,95,0.07366059279
WT_APP,7.5,51,175493,0.04831193102,95,0.07366059279
WT_APP,7.5,52,175494,0.04818098162,95,0.07366059279
WT_APP,7.5,53,175495,0.03863446408,95,0.07366059279
WT_APP,7.5,54,175496,0.05301505623,95,0.07366059279
WT_APP,7.5,55,175497,0.01640288867,95,0.07366059279
WT_APP,7.5,56,175498,0.05665860813,95,0.07366059279
WT_APP,7.5,57,175499,0.01776154966,95,0.07366059279
WT_APP,7.5,58,175500,0.06014881775,95,0.07366059279
WT_APP,7.5,59,175501,0.08236560914,95,0.07366059279
WT_APP,7.5,60,175502,0.03056467482,95,0.07366059279
WT_APP,7.5,61,175503,0.0256638362,95,0.07366059279
WT_APP,7.5,62,175504,0.02135521286,95,0.07366059279
WT_APP,7.5,63,175505,0.02231376338,95,0.07366059279
WT_APP,7.5,64,175506,0.05451526639,95,0.07366059279
WT_APP,7.5,65,175507,0.06412895102,95,0.07366059279
WT_APP,7.5,66,175508,0.05996953244,95,0.07366059279
WT_APP,7.5,67,175509,0.01478228735,95,0.07366059279
WT_APP,7.5,68,175510,0.03674523748,95,0.07366059279
WT_APP,7.5,69,175511,0.03634438466,95,0.07366059279
WT_APP,7.5,70,175512,0.03298639388,95,0.07366059279
WT_APP,7.5,71,175513,0.04915806332,95,0.07366059279
WT_APP,7.5,72,175514,0.06622446117,95,0.07366059279
WT_APP,7.5,73,175515,0.06850828433,95,0.07366059279
WT_APP,7.5,74,175516,0.05197669695,95,0.07366059279
WT_APP,7.5,75,175517,0.02940642359,95,0.07366059279
WT_APP,7.5,76,175518,0.05733602336,95,0.07366059279
WT_APP,7.5,77,175519,0.04316986457,95,0.07366059279
WT_APP,7.5,78,175520,0.04535544147,95,0.07366059279
WT_APP,7.5,79,175521,0.05915989821,95,0.07366059279
WT_APP,7.5,80,175522,0.04816288243,95,0.07366059279
WT_APP,7.5,81,175523,0.04367225504,95,0.07366059279
WT_APP,7.5,82,175524,0.05583864477,95,0.07366059279
WT_APP,7.5,83,175525,0.02768165123,95,0.07366059279
WT_APP,7.5,84,175526,0.03972038679,95,0.07366059279
WT_APP,7.5,85,175527,0.06199400356,95,0.07366059279
WT_APP,7.5,86,175528,0.062645525,95,0.07366059279
WT_APP,7.5,87,175529,0.02257132443,95,0.07366059279
WT_APP,7.5,88,175530,0.02967417804,95,0.07366059279
WT_APP,7.5,89,175531,0.07747197886,95,0.07366059279
WT_APP,7.5,90,175532,0.02501228773,95,0.07366059279
WT_APP,7.5,91,175533,0.02091489606,95,0.07366059279
WT_APP,7.5,92,175534,0.03606889533,95,0.07366059279
WT_APP,7.5,93,175535,0.06998754135,95,0.07366059279
WT_APP,7.5,94,175536,0.008120455454,95,0.07366059279
WT_APP,7.5,95,175537,0.01875822151,95,0.07366059279
WT_APP,7.5,96,175538,0.01648537829,95,0.07366059279
WT_APP,7.5,97,175539,0.07493880467,95,0.07366059279
WT_APP,7.5,98,175540,0.008878814345,95,0.07366059279
WT_APP,7.5,99,175541,0.02750584824,95,0.07366059279
WT_APP,8,0,180442,0.02258002891,95,0.111420211
WT_APP,8,1,180443,0.0579956769,95,0.111420211
WT_APP,8,2,180444,0.07064134195,95,0.111420211
WT_APP,8,3,180445,0.06396124313,95,0.111420211
WT_APP,8,4,180446,0.02059775173,95,0.111420211
WT_APP,8,5,180447,0.1178416578,95,0.111420211
WT_APP,8,6,180448,0.1110822401,95,0.111420211
WT_APP,8,7,180449,0.0496707468,95,0.111420211
WT_APP,8,8,180450,0.05539707974,95,0.111420211
WT_APP,8,9,180451,0.05367468113,95,0.111420211
WT_APP,8,10,180452,0.03672397838,95,0.111420211
WT_APP,8,11,180453,0.02961189655,95,0.111420211
WT_APP,8,12,180454,0.04456866551,95,0.111420211
WT_APP,8,13,180455,0.04869349552,95,0.111420211
WT_APP,8,14,180456,0.02873771331,95,0.111420211
WT_APP,8,15,180457,0.08803322453,95,0.111420211
WT_APP,8,16,180458,0.02787869003,95,0.111420211
WT_APP,8,17,180459,0.001402989921,95,0.111420211
WT_APP,8,18,180460,0.04118515468,95,0.111420211
WT_APP,8,19,180461,0.04023382117,95,0.111420211
WT_APP,8,20,180462,0.03423818958,95,0.111420211
WT_APP,8,21,180463,0.04985486352,95,0.111420211
WT_APP,8,22,180464,0.1061071961,95,0.111420211
WT_APP,8,23,180465,0.0722742313,95,0.111420211
WT_APP,8,24,180466,0.03959959595,95,0.111420211
WT_APP,8,25,180467,0.05191037881,95,0.111420211
WT_APP,8,26,180468,0.06890470254,95,0.111420211
WT_APP,8,27,180469,0.01661253882,95,0.111420211
WT_APP,8,28,180470,0.02411765267,95,0.111420211
WT_APP,8,29,180471,0.06487164073,95,0.111420211
WT_APP,8,30,180472,0.02688772487,95,0.111420211
WT_APP,8,31,180473,0.14989504,95,0.111420211
WT_APP,8,32,180474,0.1217357174,95,0.111420211
WT_APP,8,33,180475,0.01338054229,95,0.111420211
WT_APP,8,34,180476,0.02278420645,95,0.111420211
WT_APP,8,35,180477,0.03743906986,95,0.111420211
WT_APP,8,36,180478,0.03285929838,95,0.111420211
WT_APP,8,37,180479,0.0102080152,95,0.111420211
WT_APP,8,38,180480,0.06160606654,95,0.111420211
WT_APP,8,39,180481,0.0528245973,95,0.111420211
WT_APP,8,40,180482,0.09334697862,95,0.111420211
WT_APP,8,41,180483,0.05402517836,95,0.111420211
WT_APP,8,42,180484,0.07923506314,95,0.111420211
WT_APP,8,43,180485,0.07537384862,95,0.111420211
WT_APP,8,44,180486,0.03374732804,95,0.111420211
WT_APP,8,45,180487,0.02071493904,95,0.111420211
WT_APP,8,46,180488,0.04193365149,95,0.111420211
WT_APP,8,47,180489,0.06444678957,95,0.111420211
WT_APP,8,48,180490,0.09878414073,95,0.111420211
WT_APP,8,49,180491,0.05838698867,95,0.111420211
WT_APP,8,50,180492,0.06075955225,95,0.111420211
WT_APP,8,51,180493,0.05323236471,95,0.111420211
WT_APP,8,52,180494,0.03100292582,95,0.111420211
WT_APP,8,53,180495,0.06293569332,95,0.111420211
WT_APP,8,54,180496,0.01605286281,95,0.111420211
WT_APP,8,55,180497,0.04541192107,95,0.111420211
WT_APP,8,56,180498,0.02238691221,95,0.111420211
WT_APP,8,57,180499,0.04087254884,95,0.111420211
WT_APP,8,58,180500,0.01777540362,95,0.111420211
WT_APP,8,59,180501,0.05511039311,95,0.111420211
WT_APP,8,60,180502,0.002722794228,95,0.111420211
WT_APP,8,61,180503,0.07329421663,95,0.111420211
WT_APP,8,62,180504,0.08136893411,95,0.111420211
WT_APP,8,63,180505,0.03383972394,95,0.111420211
WT_APP,8,64,180506,0.05863939927,95,0.111420211
WT_APP,8,65,180507,0.07302748204,95,0.111420211
WT_APP,8,66,180508,0.02644499915,95,0.111420211
WT_APP,8,67,180509,0.03036288931,95,0.111420211
WT_APP,8,68,180510,0.1268675952,95,0.111420211
WT_APP,8,69,180511,0.01806271963,95,0.111420211
WT_APP,8,70,180512,0.1226125462,95,0.111420211
WT_APP,8,71,180513,0.0457707244,95,0.111420211
WT_APP,8,72,180514,0.02991102307,95,0.111420211
WT_APP,8,73,180515,0.0438336132,95,0.111420211
WT_APP,8,74,180516,0.1107623358,95,0.111420211
WT_APP,8,75,180517,0.09521617294,95,0.111420211
WT_APP,8,76,180518,0.04008318151,95,0.111420211
WT_APP,8,77,180519,0.03189069401,95,0.111420211
WT_APP,8,78,180520,0.0506998856,95,0.111420211
WT_APP,8,79,180521,0.05446252618,95,0.111420211
WT_APP,8,80,180522,0.05991039431,95,0.111420211
WT_APP,8,81,180523,0.02229073529,95,0.111420211
WT_APP,8,82,180524,0.08993102439,95,0.111420211
WT_APP,8,83,180525,0.06830449719,95,0.111420211
WT_APP,8,84,180526,0.07470698399,95,0.111420211
WT_APP,8,85,180527,0.1038098591,95,0.111420211
WT_APP,8,86,180528,0.1099503214,95,0.111420211
WT_APP,8,87,180529,0.009889981462,95,0.111420211
WT_APP,8,88,180530,0.01988378711,95,0.111420211
WT_APP,8,89,180531,0.09859118429,95,0.111420211
WT_APP,8,90,180532,0.05654540469,95,0.111420211
WT_APP,8,91,180533,0.07898220908,95,0.111420211
WT_APP,8,92,180534,0.06270258084,95,0.111420211
WT_APP,8,93,180535,0.04031303187,95,0.111420211
WT_APP,8,94,180536,0.07037993786,95,0.111420211
WT_APP,8,95,180537,0.05028996511,95,0.111420211
WT_APP,8,96,180538,0.0692051145,95,0.111420211
WT_APP,8,97,180539,0.04919814304,95,0.111420211
WT_APP,8,98,180540,0.05099769194,95,0.111420211
WT_APP,8,99,180541,0.0812193339,95,0.111420211
WT_APP,8.5,0,185442,0.08132863407,95,0.2611930375
WT_APP,8.5,1,185443,0.1439877309,95,0.2611930375
WT_APP,8.5,2,185444,0.2354050055,95,0.2611930375
WT_APP,8.5,3,185445,0.2603397255,95,0.2611930375
WT_APP,8.5,4,185446,0.1277404851,95,0.2611930375
WT_APP,8.5,5,185447,0.06387688556,95,0.2611930375
WT_APP,8.5,6,185448,0.1572082354,95,0.2611930375
WT_APP,8.5,7,185449,0.1732653837,95,0.2611930375
WT_APP,8.5,8,185450,0.2118655072,95,0.2611930375
WT_APP,8.5,9,185451,0.05915185864,95,0.2611930375
WT_APP,8.5,10,185452,0.1686795823,95,0.2611930375
WT_APP,8.5,11,185453,0.08800693234,95,0.2611930375
WT_APP,8.5,12,185454,0.1142857868,95,0.2611930375
WT_APP,8.5,13,185455,0.1737963592,95,0.2611930375
WT_APP,8.5,14,185456,0.1252706203,95,0.2611930375
WT_APP,8.5,15,185457,0.143045654,95,0.2611930375
WT_APP,8.5,16,185458,0.08581760168,95,0.2611930375
WT_APP,8.5,17,185459,0.1717067797,95,0.2611930375
WT_APP,8.5,18,185460,0.1143745543,95,0.2611930375
WT_APP,8.5,19,185461,0.1221914746,95,0.2611930375
WT_APP,8.5,20,185462,0.1077547089,95,0.2611930375
WT_APP,8.5,21,185463,0.08465887484,95,0.2611930375
WT_APP,8.5,22,185464,0.2470432711,95,0.2611930375
WT_APP,8.5,23,185465,0.2076522723,95,0.2611930375
WT_APP,8.5,24,185466,0.1029919241,95,0.2611930375
WT_APP,8.5,25,185467,0.1979650381,95,0.2611930375
WT_APP,8.5,26,185468,0.09343177772,95,0.2611930375
WT_APP,8.5,27,185469,0.2883783327,95,0.2611930375
WT_APP,8.5,28,185470,0.3288156305,95,0.2611930375
WT_APP,8.5,29,185471,0.04902018395,95,0.2611930375
WT_APP,8.5,30,185472,0.09531001728,95,0.2611930375
WT_APP,8.5,31,185473,0.09833465029,95,0.2611930375
WT_APP,8.5,32,185474,0.09571106958,95,0.2611930375
WT_APP,8.5,33,185475,0.1508611568,95,0.2611930375
WT_APP,8.5,34,185476,0.1961061514,95,0.2611930375
WT_APP,8.5,35,185477,0.1241427588,95,0.2611930375
WT_APP,8.5,36,185478,0.06748342773,95,0.2611930375
WT_APP,8.5,37,185479,0.1235540448,95,0.2611930375
WT_APP,8.5,38,185480,0.1931615157,95,0.2611930375
WT_APP,8.5,39,185481,0.2228562873,95,0.2611930375
WT_APP,8.5,40,185482,0.2363077367,95,0.2611930375
WT_APP,8.5,41,185483,0.1352094598,95,0.2611930375
WT_APP,8.5,42,185484,0.1104673528,95,0.2611930375
WT_APP,8.5,43,185485,0.1174109563,95,0.2611930375
WT_APP,8.5,44,185486,0.2021727621,95,0.2611930375
WT_APP,8.5,45,185487,0.1449459178,95,0.2611930375
WT_APP,8.5,46,185488,0.08302304331,95,0.2611930375
WT_APP,8.5,47,185489,0.1355924913,95,0.2611930375
WT_APP,8.5,48,185490,0.09329767853,95,0.2611930375
WT_APP,8.5,49,185491,0.09597358094,95,0.2611930375
WT_APP,8.5,50,185492,0.05293817413,95,0.2611930375
WT_APP,8.5,51,185493,0.0546243023,95,0.2611930375
WT_APP,8.5,52,185494,0.1113338421,95,0.2611930375
WT_APP,8.5,53,185495,0.1352774414,95,0.2611930375
WT_APP,8.5,54,185496,0.04535020667,95,0.2611930375
WT_APP,8.5,55,185497,0.1269034746,95,0.2611930375
WT_APP,8.5,56,185498,0.08385343075,95,0.2611930375
WT_APP,8.5,57,185499,0.2157585807,95,0.2611930375
WT_APP,8.5,58,185500,0.1537770949,95,0.2611930375
WT_APP,8.5,59,185501,0.2325774593,95,0.2611930375
WT_APP,8.5,60,185502,0.1012810676,95,0.2611930375
WT_APP,8.5,61,185503,0.0790741071,95,0.2611930375
WT_APP,8.5,62,185504,0.06138167987,95,0.2611930375
WT_APP,8.5,63,185505,0.08025015646,95,0.2611930375
WT_APP,8.5,64,185506,0.1087015153,95,0.2611930375
WT_APP,8.5,65,185507,0.09204533551,95,0.2611930375
WT_APP,8.5,66,185508,0.1014556921,95,0.2611930375
WT_APP,8.5,67,185509,0.07232221126,95,0.2611930375
WT_APP,8.5,68,185510,0.1843634046,95,0.2611930375
WT_APP,8.5,69,185511,0.3175282034,95,0.2611930375
WT_APP,8.5,70,185512,0.1375583324,95,0.2611930375
WT_APP,8.5,71,185513,0.2774059657,95,0.2611930375
WT_APP,8.5,72,185514,0.2470593891,95,0.2611930375
WT_APP,8.5,73,185515,0.02078453495,95,0.2611930375
WT_APP,8.5,74,185516,0.1807402231,95,0.2611930375
WT_APP,8.5,75,185517,0.146973136,95,0.2611930375
WT_APP,8.5,76,185518,0.1185449745,95,0.2611930375
WT_APP,8.5,77,185519,0.08230866805,95,0.2611930375
WT_APP,8.5,78,185520,0.02640969376,95,0.2611930375
WT_APP,8.5,79,185521,0.2390378566,95,0.2611930375
WT_APP,8.5,80,185522,0.03535676201,95,0.2611930375
WT_APP,8.5,81,185523,0.1833567084,95,0.2611930375
WT_APP,8.5,82,185524,0.2483090098,95,0.2611930375
WT_APP,8.5,83,185525,0.1309875307,95,0.2611930375
WT_APP,8.5,84,185526,0.08879515671,95,0.2611930375
WT_APP,8.5,85,185527,0.2121416026,95,0.2611930375
WT_APP,8.5,86,185528,0.1502885496,95,0.2611930375
WT_APP,8.5,87,185529,0.2862140445,95,0.2611930375
WT_APP,8.5,88,185530,0.08830034009,95,0.2611930375
WT_APP,8.5,89,185531,0.1752779258,95,0.2611930375
WT_APP,8.5,90,185532,0.1326681416,95,0.2611930375
WT_APP,8.5,91,185533,0.08478882569,95,0.2611930375
WT_APP,8.5,92,185534,0.1019756758,95,0.2611930375
WT_APP,8.5,93,185535,0.03865479307,95,0.2611930375
WT_APP,8.5,94,185536,0.1775929669,95,0.2611930375
WT_APP,8.5,95,185537,0.1153290083,95,0.2611930375
WT_APP,8.5,96,185538,0.1623942278,95,0.2611930375
WT_APP,8.5,97,185539,0.06673775491,95,0.2611930375
WT_APP,8.5,98,185540,0.1999072354,95,0.2611930375
WT_APP,8.5,99,185541,0.1523586397,95,0.2611930375
WT_APP,9,0,190442,0.6264969222,95,0.7503174577
WT_APP,9,1,190443,0.5785544229,95,0.7503174577
WT_APP,9,2,190444,0.780993209,95,0.7503174577
WT_APP,9,3,190445,0.506883303,95,0.7503174577
WT_APP,9,4,190446,0.7424851418,95,0.7503174577
WT_APP,9,5,190447,0.4806863895,95,0.7503174577
WT_APP,9,6,190448,0.4231146568,95,0.7503174577
WT_APP,9,7,190449,0.4370680472,95,0.7503174577
WT_APP,9,8,190450,0.4957464777,95,0.7503174577
WT_APP,9,9,190451,0.4932547787,95,0.7503174577
WT_APP,9,10,190452,0.6013803953,95,0.7503174577
WT_APP,9,11,190453,0.7244018602,95,0.7503174577
WT_APP,9,12,190454,0.5711080557,95,0.7503174577
WT_APP,9,13,190455,0.4668648342,95,0.7503174577
WT_APP,9,14,190456,0.2931717318,95,0.7503174577
WT_APP,9,15,190457,0.7012878432,95,0.7503174577
WT_APP,9,16,190458,0.6777773579,95,0.7503174577
WT_APP,9,17,190459,0.3236241429,95,0.7503174577
WT_APP,9,18,190460,0.4638743655,95,0.7503174577
WT_APP,9,19,190461,0.5998989073,95,0.7503174577
WT_APP,9,20,190462,0.6318933674,95,0.7503174577
WT_APP,9,21,190463,0.7501182012,95,0.7503174577
WT_APP,9,22,190464,0.527452958,95,0.7503174577
WT_APP,9,23,190465,0.494656541,95,0.7503174577
WT_APP,9,24,190466,0.6840536109,95,0.7503174577
WT_APP,9,25,190467,0.6162782958,95,0.7503174577
WT_APP,9,26,190468,0.3671960628,95,0.7503174577
WT_APP,9,27,190469,0.1823904522,95,0.7503174577
WT_APP,9,28,190470,0.5616236003,95,0.7503174577
WT_APP,9,29,190471,0.5090136548,95,0.7503174577
WT_APP,9,30,190472,0.6888077704,95,0.7503174577
WT_APP,9,31,190473,0.6319132127,95,0.7503174577
WT_APP,9,32,190474,0.5454938992,95,0.7503174577
WT_APP,9,33,190475,0.7006126506,95,0.7503174577
WT_APP,9,34,190476,0.6805513279,95,0.7503174577
WT_APP,9,35,190477,0.4309419111,95,0.7503174577
WT_APP,9,36,190478,0.586913108,95,0.7503174577
WT_APP,9,37,190479,0.4318913565,95,0.7503174577
WT_APP,9,38,190480,0.6038810102,95,0.7503174577
WT_APP,9,39,190481,0.718199032,95,0.7503174577
WT_APP,9,40,190482,0.4785118686,95,0.7503174577
WT_APP,9,41,190483,0.4506476363,95,0.7503174577
WT_APP,9,42,190484,0.7233747543,95,0.7503174577
WT_APP,9,43,190485,0.7915494145,95,0.7503174577
WT_APP,9,44,190486,0.2336975166,95,0.7503174577
WT_APP,9,45,190487,0.5904398101,95,0.7503174577
WT_APP,9,46,190488,0.5549733275,95,0.7503174577
WT_APP,9,47,190489,0.3177898955,95,0.7503174577
WT_APP,9,48,190490,0.5824729064,95,0.7503174577
WT_APP,9,49,190491,0.7264928374,95,0.7503174577
WT_APP,9,50,190492,0.6701332468,95,0.7503174577
WT_APP,9,51,190493,0.6903919099,95,0.7503174577
WT_APP,9,52,190494,0.5556438335,95,0.7503174577
WT_APP,9,53,190495,0.6788049674,95,0.7503174577
WT_APP,9,54,190496,0.6358804155,95,0.7503174577
WT_APP,9,55,190497,0.6899718051,95,0.7503174577
WT_APP,9,56,190498,0.4809254291,95,0.7503174577
WT_APP,9,57,190499,0.7608327543,95,0.7503174577
WT_APP,9,58,190500,0.1728542786,95,0.7503174577
WT_APP,9,59,190501,0.3989636602,95,0.7503174577
WT_APP,9,60,190502,0.4917538081,95,0.7503174577
WT_APP,9,61,190503,0.5103851491,95,0.7503174577
WT_APP,9,62,190504,0.216775586,95,0.7503174577
WT_APP,9,63,190505,0.427463466,95,0.7503174577
WT_APP,9,64,190506,0.4048926752,95,0.7503174577
WT_APP,9,65,190507,0.1908660137,95,0.7503174577
WT_APP,9,66,190508,0.5585639761,95,0.7503174577
WT_APP,9,67,190509,0.690386885,95,0.7503174577
WT_APP,9,68,190510,0.7546062779,95,0.7503174577
WT_APP,9,69,190511,0.1535051693,95,0.7503174577
WT_APP,9,70,190512,0.6259489902,95,0.7503174577
WT_APP,9,71,190513,0.7418903308,95,0.7503174577
WT_APP,9,72,190514,0.6978040024,95,0.7503174577
WT_APP,9,73,190515,0.07072235443,95,0.7503174577
WT_APP,9,74,190516,0.2189210073,95,0.7503174577
WT_APP,9,75,190517,0.5644365109,95,0.7503174577
WT_APP,9,76,190518,0.5127620877,95,0.7503174577
WT_APP,9,77,190519,0.1896335413,95,0.7503174577
WT_APP,9,78,190520,0.2788864377,95,0.7503174577
WT_APP,9,79,190521,0.6870865215,95,0.7503174577
WT_APP,9,80,190522,0.4411808334,95,0.7503174577
WT_APP,9,81,190523,0.7365139714,95,0.7503174577
WT_APP,9,82,190524,0.5598980777,95,0.7503174577
WT_APP,9,83,190525,0.417752439,95,0.7503174577
WT_APP,9,84,190526,0.7433573074,95,0.7503174577
WT_APP,9,85,190527,0.6548422121,95,0.7503174577
WT_APP,9,86,190528,0.6225733785,95,0.7503174577
WT_APP,9,87,190529,0.6879469971,95,0.7503174577
WT_APP,9,88,190530,0.72593401,95,0.7503174577
WT_APP,9,89,190531,0.5002512561,95,0.7503174577
WT_APP,9,90,190532,0.6927977191,95,0.7503174577
WT_APP,9,91,190533,0.6054178161,95,0.7503174577
WT_APP,9,92,190534,0.2679520544,95,0.7503174577
WT_APP,9,93,190535,0.5169188943,95,0.7503174577
WT_APP,9,94,190536,0.2457585975,95,0.7503174577
WT_APP,9,95,190537,0.6909093327,95,0.7503174577
WT_APP,9,96,190538,0.7541033316,95,0.7503174577
WT_APP,9,97,190539,0.637997506,95,0.7503174577
WT_APP,9,98,190540,0.4745287222,95,0.7503174577
WT_APP,9,99,190541,0.2453349166,95,0.7503174577
WT_APP,10,0,200442,0.7936293658,95,0.8433184053
WT_APP,10,1,200443,0.591764781,95,0.8433184053
WT_APP,10,2,200444,0.5575686813,95,0.8433184053
WT_APP,10,3,200445,0.7521975483,95,0.8433184053
WT_APP,10,4,200446,0.7892595213,95,0.8433184053
WT_APP,10,5,200447,0.7362188931,95,0.8433184053
WT_APP,10,6,200448,0.5974107815,95,0.8433184053
WT_APP,10,7,200449,0.883032738,95,0.8433184053
WT_APP,10,8,200450,0.829908916,95,0.8433184053
WT_APP,10,9,200451,0.8187482535,95,0.8433184053
WT_APP,10,10,200452,0.8063665932,95,0.8433184053
WT_APP,10,11,200453,0.634360343,95,0.8433184053
WT_APP,10,12,200454,0.6210222467,95,0.8433184053
WT_APP,10,13,200455,0.6829534944,95,0.8433184053
WT_APP,10,14,200456,0.5946746022,95,0.8433184053
WT_APP,10,15,200457,0.5442586953,95,0.8433184053
WT_APP,10,16,200458,0.8108777307,95,0.8433184053
WT_APP,10,17,200459,0.6811572667,95,0.8433184053
WT_APP,10,18,200460,0.8126752449,95,0.8433184053
WT_APP,10,19,200461,0.5882944795,95,0.8433184053
WT_APP,10,20,200462,0.7001691527,95,0.8433184053
WT_APP,10,21,200463,0.6228428023,95,0.8433184053
WT_APP,10,22,200464,0.7998348259,95,0.8433184053
WT_APP,10,23,200465,0.8026311658,95,0.8433184053
WT_APP,10,24,200466,0.8036959872,95,0.8433184053
WT_APP,10,25,200467,0.1828748224,95,0.8433184053
WT_APP,10,26,200468,0.8140930364,95,0.8433184053
WT_APP,10,27,200469,0.7465947484,95,0.8433184053
WT_APP,10,28,200470,0.6826986616,95,0.8433184053
WT_APP,10,29,200471,0.6485753858,95,0.8433184053
WT_APP,10,30,200472,0.7009405334,95,0.8433184053
WT_APP,10,31,200473,0.8058636581,95,0.8433184053
WT_APP,10,32,200474,0.870593809,95,0.8433184053
WT_APP,10,33,200475,0.5414195254,95,0.8433184053
WT_APP,10,34,200476,0.8004055216,95,0.8433184053
WT_APP,10,35,200477,0.701905996,95,0.8433184053
WT_APP,10,36,200478,0.6983864233,95,0.8433184053
WT_APP,10,37,200479,0.722039716,95,0.8433184053
WT_APP,10,38,200480,0.779660711,95,0.8433184053
WT_APP,10,39,200481,0.8285112525,95,0.8433184053
WT_APP,10,40,200482,0.637224874,95,0.8433184053
WT_APP,10,41,200483,0.7390623122,95,0.8433184053
WT_APP,10,42,200484,0.651540665,95,0.8433184053
WT_APP,10,43,200485,0.6780334159,95,0.8433184053
WT_APP,10,44,200486,0.6307948381,95,0.8433184053
WT_APP,10,45,200487,0.7992693719,95,0.8433184053
WT_APP,10,46,200488,0.837141196,95,0.8433184053
WT_APP,10,47,200489,0.7337993644,95,0.8433184053
WT_APP,10,48,200490,0.7535914417,95,0.8433184053
WT_APP,10,49,200491,0.8454954273,95,0.8433184053
WT_APP,10,50,200492,0.853894717,95,0.8433184053
WT_APP,10,51,200493,0.602217837,95,0.8433184053
WT_APP,10,52,200494,0.8432038252,95,0.8433184053
WT_APP,10,53,200495,0.8230234663,95,0.8433184053
WT_APP,10,54,200496,0.7765728099,95,0.8433184053
WT_APP,10,55,200497,0.7293598117,95,0.8433184053
WT_APP,10,56,200498,0.6951734923,95,0.8433184053
WT_APP,10,57,200499,0.7090809054,95,0.8433184053
WT_APP,10,58,200500,0.6736849718,95,0.8433184053
WT_APP,10,59,200501,0.7222358981,95,0.8433184053
WT_APP,10,60,200502,0.7501633512,95,0.8433184053
WT_APP,10,61,200503,0.3317855025,95,0.8433184053
WT_APP,10,62,200504,0.6764121115,95,0.8433184053
WT_APP,10,63,200505,0.6526051956,95,0.8433184053
WT_APP,10,64,200506,0.5576894281,95,0.8433184053
WT_APP,10,65,200507,0.6783215699,95,0.8433184053
WT_APP,10,66,200508,0.677034022,95,0.8433184053
WT_APP,10,67,200509,0.6941311166,95,0.8433184053
WT_APP,10,68,200510,0.712518871,95,0.8433184053
WT_APP,10,69,200511,0.678371798,95,0.8433184053
WT_APP,10,70,200512,0.8346572029,95,0.8433184053
WT_APP,10,71,200513,0.7560149393,95,0.8433184053
WT_APP,10,72,200514,0.6575610333,95,0.8433184053
WT_APP,10,73,200515,0.8164919914,95,0.8433184053
WT_APP,10,74,200516,0.7685721026,95,0.8433184053
WT_APP,10,75,200517,0.6002428779,95,0.8433184053
WT_APP,10,76,200518,0.6280915719,95,0.8433184053
WT_APP,10,77,200519,0.7101941841,95,0.8433184053
WT_APP,10,78,200520,0.8463045276,95,0.8433184053
WT_APP,10,79,200521,0.7500033175,95,0.8433184053
WT_APP,10,80,200522,0.4916378732,95,0.8433184053
WT_APP,10,81,200523,0.7235729035,95,0.8433184053
WT_APP,10,82,200524,0.721316898,95,0.8433184053
WT_APP,10,83,200525,0.5535160045,95,0.8433184053
WT_APP,10,84,200526,0.6755173608,95,0.8433184053
WT_APP,10,85,200527,0.6180738897,95,0.8433184053
WT_APP,10,86,200528,0.7875550034,95,0.8433184053
WT_APP,10,87,200529,0.8409616081,95,0.8433184053
WT_APP,10,88,200530,0.6262308808,95,0.8433184053
WT_APP,10,89,200531,0.8113183816,95,0.8433184053
WT_APP,10,90,200532,0.4352948207,95,0.8433184053
WT_APP,10,91,200533,0.7202996396,95,0.8433184053
WT_APP,10,92,200534,0.7223225416,95,0.8433184053
WT_APP,10,93,200535,0.7864534945,95,0.8433184053
WT_APP,10,94,200536,0.5263960978,95,0.8433184053
WT_APP,10,95,200537,0.7419382454,95,0.8433184053
WT_APP,10,96,200538,0.5822430603,95,0.8433184053
WT_APP,10,97,200539,0.7344995156,95,0.8433184053
WT_APP,10,98,200540,0.7587329897,95,0.8433184053
WT_APP,10,99,200541,0.7349319826,95,0.8433184053
WT_APP,11,0,210442,0.6950056209,95,0.7178212833
WT_APP,11,1,210443,0.700686923,95,0.7178212833
WT_APP,11,2,210444,0.6893106007,95,0.7178212833
WT_APP,11,3,210445,0.7042818514,95,0.7178212833
WT_APP,11,4,210446,0.7105133726,95,0.7178212833
WT_APP,11,5,210447,0.7029488586,95,0.7178212833
WT_APP,11,6,210448,0.6645281945,95,0.7178212833
WT_APP,11,7,210449,0.7017973504,95,0.7178212833
WT_APP,11,8,210450,0.6749431221,95,0.7178212833
WT_APP,11,9,210451,0.6971301677,95,0.7178212833
WT_APP,11,10,210452,0.6454334094,95,0.7178212833
WT_APP,11,11,210453,0.6921688637,95,0.7178212833
WT_APP,11,12,210454,0.6674573623,95,0.7178212833
WT_APP,11,13,210455,0.6732987313,95,0.7178212833
WT_APP,11,14,210456,0.7096482431,95,0.7178212833
WT_APP,11,15,210457,0.6990791475,95,0.7178212833
WT_APP,11,16,210458,0.7093492639,95,0.7178212833
WT_APP,11,17,210459,0.7003663183,95,0.7178212833
WT_APP,11,18,210460,0.6617089876,95,0.7178212833
WT_APP,11,19,210461,0.6838936532,95,0.7178212833
WT_APP,11,20,210462,0.7112703027,95,0.7178212833
WT_APP,11,21,210463,0.6356242215,95,0.7178212833
WT_APP,11,22,210464,0.6619917396,95,0.7178212833
WT_APP,11,23,210465,0.7237080149,95,0.7178212833
WT_APP,11,24,210466,0.675986712,95,0.7178212833
WT_APP,11,25,210467,0.7315375892,95,0.7178212833
WT_APP,11,26,210468,0.6501296177,95,0.7178212833
WT_APP,11,27,210469,0.687199333,95,0.7178212833
WT_APP,11,28,210470,0.6997026472,95,0.7178212833
WT_APP,11,29,210471,0.6857756872,95,0.7178212833
WT_APP,11,30,210472,0.6932873853,95,0.7178212833
WT_APP,11,31,210473,0.7086496581,95,0.7178212833
WT_APP,11,32,210474,0.7177342716,95,0.7178212833
WT_APP,11,33,210475,0.6855916033,95,0.7178212833
WT_APP,11,34,210476,0.6349813535,95,0.7178212833
WT_APP,11,35,210477,0.6801037998,95,0.7178212833
WT_APP,11,36,210478,0.6535173817,95,0.7178212833
WT_APP,11,37,210479,0.6885359189,95,0.7178212833
WT_APP,11,38,210480,0.6619218436,95,0.7178212833
WT_APP,11,39,210481,0.6964713695,95,0.7178212833
WT_APP,11,40,210482,0.7033426714,95,0.7178212833
WT_APP,11,41,210483,0.695415076,95,0.7178212833
WT_APP,11,42,210484,0.685281005,95,0.7178212833
WT_APP,11,43,210485,0.7178924747,95,0.7178212833
WT_APP,11,44,210486,0.6493344629,95,0.7178212833
WT_APP,11,45,210487,0.6502301541,95,0.7178212833
WT_APP,11,46,210488,0.7064661235,95,0.7178212833
WT_APP,11,47,210489,0.7105407584,95,0.7178212833
WT_APP,11,48,210490,0.6861908498,95,0.7178212833
WT_APP,11,49,210491,0.6685704719,95,0.7178212833
