condition_key,trial_idx,displacement_deg,valid
WT,4,0.027071634194760674,1
WT,7,0.0009875189940678594,1
WT,0,0.016168664273258675,1
WT,2,-0.0019411292308379848,1
WT,3,0.00022850513580724525,1
WT,9,0.012420060086327556,1
WT,6,-0.017106911027936496,1
WT,8,0.003026880633894465,1
WT,5,0.041317983064149764,1
WT,1,0.00033612911078061836,1
WT,11,-0.006265833044255565,1
WT,10,-0.0011134253036691457,1
WT,13,-0.0033773413729739667,1
WT,12,0.010305911465813413,1
WT,15,0.0037986021516501567,1
WT,17,-0.01152347153895207,1
WT,14,-0.012363079910016063,1
WT,16,-0.0006448561560363091,1
WT,18,0.00629102500940388,1
WT,19,0.0027056438114752028,1
WT,21,0.00288206527258628,1
WT,20,-0.010442953785976036,1
WT,23,0.0025577982830774465,1
WT,22,-0.010847650513724421,1
WT,26,0.005006364169157998,1
WT,24,-0.0034072022115356096,1
WT,28,0.012176421788346152,1
WT,27,-0.004630449388547538,1
WT,29,0.0051978970469399866,1
WT,25,-0.003954186703736267,1
WT,31,0.00014976789562044402,1
WT,33,-0.00025363106627926445,1
WT,34,-0.0019196370313941077,1
WT,30,0.0012481955258950845,1
WT,32,0.00011754181507704819,1
WT,36,0.003298049110881254,1
WT,35,-0.00282291138602373,1
WT,37,-0.0028182870131503953,1
WT,38,0.011106912520268391,1
WT,39,-0.002072595884985045,1
WT,42,0.004399453427269387,1
WT,40,0.013820702438925738,1
WT,43,-0.04111238396876695,1
WT,41,0.008171522222671207,1
WT,44,-0.0030727056836713186,1
WT,46,0.012197531003079172,1
WT,45,-0.009127347088088144,1
WT,47,0.001156002280753869,1
WT,49,-0.009344090686927518,1
WT,48,-0.015489751958135697,1
WT,51,-0.0024629155005179357,1
WT,53,-0.010537698629609234,1
WT,54,-0.0016443183085251268,1
WT,50,-0.004084322235140485,1
WT,55,-0.02676280888379999,1
WT,52,0.0075837548956305305,1
WT,56,0.008589390097772293,1
WT,57,-0.006288233132269932,1
WT,59,-0.004836576607554544,1
WT,58,-0.0008317423546972054,1
WT,61,0.000393311854660552,1
WT,60,-0.0005720300647373169,1
WT,65,-0.0006292915072190668,1
WT,63,-0.007418137473311913,1
WT,64,-0.0033871950935532636,1
WT,62,-0.0002337985118447219,1
WT,66,-0.002301611194027416,1
WT,67,-0.02217633238142677,1
WT,68,0.0005181779502404915,1
WT,69,0.0014446010769583921,1
WT,70,-0.006775800819136407,1
WT,75,-0.0038426671228974996,1
WT,71,0.006484106307180216,1
WT,73,-0.00351570464113234,1
WT,74,-0.0013416180189333626,1
WT,72,-0.0031556212734268102,1
WT,76,0.0035253477773388438,1
WT,77,0.03023232866587436,1
WT,78,0.007500702221907268,1
WT,79,0.01539917632908559,1
WT,82,0.0005347472240461946,1
WT,80,0.007391839695354612,1
WT,81,0.015601115482260132,1
WT,83,0.021386499035399083,1
WT,85,-0.011246952167072168,1
WT,86,0.01642285360728896,1
WT,84,-0.022211206899930086,1
WT,87,0.010091143356737017,1
WT,89,-0.0065307725076433456,1
WT,88,-0.00961999780037735,1
WT,90,-0.0026566021371095764,1
WT,92,-0.005525420147115075,1
WT,93,0.002596053843366243,1
WT,91,0.0013887013358100811,1
WT,96,-0.0007131768360108286,1
WT,95,0.004188600640087856,1
WT,94,-0.0004775730905384501,1
WT,97,0.011542733975016073,1
WT,98,-0.006841939142025802,1
WT,99,-0.0075929071889954845,1
WT,100,0.01024851491713457,1
WT,104,-0.005525719811979942,1
WT,102,0.004199571570395895,1
WT,105,0.00034232187173036707,1
WT,101,0.0006528412740235866,1
WT,103,-0.010948452146744957,1
WT,106,0.007908091578852989,1
WT,107,-0.00044294255256285635,1
WT,108,0.0014449567749273047,1
WT,109,-0.0039055587343467227,1
WT,110,0.00911347759715792,1
WT,111,-0.01873123532819134,1
WT,113,0.0027585966687653876,1
WT,115,-0.00440202518457494,1
WT,114,0.001820491608205738,1
WT,112,-0.0018049666052316002,1
WT,117,-0.004627257500582856,1
WT,116,0.00042083472269028026,1
WT,118,-0.002147646081966022,1
WT,119,0.015045356711012632,1
WT,120,-0.006885373801760258,1
WT,121,0.0042075047620622206,1
WT,122,-0.0017796439662054189,1
WT,125,-0.006138293744347063,1
WT,124,0.003473884658096688,1
WT,123,-0.03369454355905873,1
WT,126,-0.0009968479985420272,1
WT,127,-0.0028971906326562494,1
WT,128,1.6820086979106895e-05,1
WT,129,-0.00317705857400333,1
WT,130,-0.0024359431081092567,1
WT,131,-3.4998883738252485e-05,1
WT,134,0.005291315619931898,1
WT,133,-0.0011030523900052022,1
WT,132,-0.0008047047679911103,1
WT,136,-0.0002699829217433858,1
WT,135,-0.00149621729741625,1
WT,137,0.003561341986429002,1
WT,138,-0.00517230298454251,1
WT,139,-8.540714761908543e-05,1
WT,140,-0.00047742038419497303,1
WT,141,0.000198995876141758,1
WT,142,0.0003752058940285004,1
WT,144,-0.0018961454747960349,1
WT,143,0.0016299066465039053,1
WT,146,0.00027545999896048815,1
WT,145,0.0009404336393461453,1
WT,147,0.001984652911320976,1
WT,148,0.007473950901534168,1
WT,149,-0.013116010369580095,1
WT,150,0.0011021864650370679,1
WT,151,-0.0003037331692794599,1
WT,152,-0.0013040102246598786,1
WT,153,-0.006122265917890779,1
WT,155,0.012232614901771837,1
WT,154,7.735242840871375e-05,1
WT,156,-0.017643702379693246,1
WT,157,-0.001713568105822303,1
WT,159,-0.02562285651405278,1
WT,158,0.00023787351834725769,1
WT,160,-0.00488563745389668,1
WT,161,0.0028932678867615354,1
WT,162,0.003718529859743148,1
WT,163,-0.01694738300708981,1
WT,164,0.0004499650270769134,1
WT,166,-0.0026362173429656916,1
WT,165,-0.005540685546651447,1
WT,167,-0.0020166837607414703,1
WT,168,-0.0015072013929306705,1
WT,169,-0.0007802767297122938,1
WT,170,0.035709209774885786,1
WT,171,-0.005768879720416263,1
WT,172,0.001997213626823437,1
WT,173,0.0026110839115244004,1
WT,174,0.013645099701595657,1
WT,175,-0.009919514483430933,1
WT,176,0.010019245839242052,1
WT,177,0.002531441985254895,1
WT,178,-0.00044291155352837563,1
WT,179,-0.002460468055573774,1
WT,180,0.007331152991046873,1
WT,181,-8.593642443607202e-05,1
WT,182,1.4483877125930681e-05,1
WT,183,-0.005220529600551023,1
WT,184,-0.0003102964758415961,1
WT,185,0.0055233032391279625,1
WT,186,0.015650149518231078,1
WT,187,0.00324466077357075,1
WT,188,-0.01966655996777145,1
WT,189,-0.01753896121704183,1
WT,191,-0.002216995782979298,1
WT,190,0.0029070268043342577,1
WT,192,0.003816836630405555,1
WT,193,-0.0030166607226200285,1
WT,195,0.0009969551992138992,1
WT,194,0.008557814404784599,1
WT,197,-0.0015739440148484335,1
WT,196,0.0018863595145347826,1
WT,198,0.006718348232951633,1
WT,199,-0.011192719080799374,1
WT,200,-0.02278775624809562,1
WT,201,0.01007355875446035,1
WT,203,0.0002378453052751224,1
WT,202,-0.0006379438630863049,1
WT,204,0.002357259338339094,1
WT,205,0.0044655160854499085,1
WT,206,0.00019156732168796803,1
WT,208,-0.00025753373002449745,1
WT,207,-0.0008485227233674501,1
WT,209,0.0038371636878639743,1
WT,210,-0.038867585264982005,1
WT,211,0.006599982021510704,1
WT,212,0.0008771532904277563,1
WT,213,0.001235077595354315,1
WT,214,-0.0005404336096229962,1
WT,215,-0.0010227246722808354,1
WT,216,0.017126704968986873,1
WT,217,0.0015661046614532075,1
WT,219,0.00028808205308842536,1
WT,218,-0.005761828313134158,1
WT,220,-0.0010928660063316627,1
WT,221,0.013459881824039267,1
WT,222,-0.008765591950208278,1
WT,223,-0.004300400198794124,1
WT,224,-0.008561031755532172,1
WT,225,-0.0002981049400686755,1
WT,226,-0.002742323947460963,1
WT,227,0.003794566404006276,1
WT,229,-0.0006955122687626939,1
WT,228,0.014802384718728778,1
WT,230,-0.004614555459321345,1
WT,231,-0.00520887016348498,1
WT,232,-0.0028003891811975894,1
WT,233,-0.0006798418740847354,1
WT,234,0.00893977271102971,1
WT,237,-0.007472347350339306,1
WT,235,-0.0028863909161612683,1
WT,236,-0.006780995918273337,1
WT,239,0.005230889360534915,1
WT,238,0.012581075689849418,1
WT,240,-0.006149899081806418,1
WT,241,0.0018093182191296733,1
WT,242,-0.0020455208173758063,1
WT,243,-0.0005572787716626563,1
WT,245,0.0012074901796721037,1
WT,244,-0.0038273054818120213,1
WT,247,0.007425710173480866,1
WT,246,0.0001575384898507889,1
WT,248,-0.0006350345501282977,1
WT,249,-0.0010453273118590928,1
WT,250,0.01215635419814687,1
WT,251,-0.002317049962673364,1
WT,252,0.0018693145641971401,1
WT,254,-0.0004254707547900773,1
WT,253,0.005820981016632144,1
WT,255,-0.004601921448801361,1
WT,256,-0.003472257089388427,1
WT,257,-0.006965666675032312,1
WT,259,-0.002523226058561827,1
WT,258,-0.00530689334650299,1
WT,260,0.00018033342614675403,1
WT,261,-0.001001309289822625,1
WT,262,-0.00036304934939507456,1
WT,264,0.006957306447845568,1
WT,263,0.002829398998386891,1
WT,265,0.00013061431271730396,1
WT,267,0.004714864703674425,1
WT,266,0.0005528991860583816,1
WT,268,0.00015910129144829386,1
WT,269,0.01503965590139135,1
WT,270,0.0030884967741655516,1
WT,271,-0.004455516334689522,1
WT,272,-0.005971899232751452,1
WT,273,-0.01058012551407943,1
WT,274,-0.00033692370786613305,1
WT,275,-0.009540781195538289,1
WT,277,0.002536052179877015,1
WT,276,-0.001600222409538617,1
WT,278,-0.004180110330860861,1
WT,279,-0.004999634176060671,1
WT,280,-0.002260315162491547,1
WT,281,-0.0012189520681104376,1
WT,283,-0.018133360947202765,1
WT,282,-0.001297394969233019,1
WT,285,-0.0009711719149063143,1
WT,284,0.012062628063303596,1
WT,286,0.005770261176989051,1
WT,287,-0.0003127324290600271,1
WT,289,0.0023367335671776192,1
WT,288,-0.01707037984180469,1
WT,290,0.00023474979129784325,1
WT,291,-0.008652367793758301,1
WT,293,0.0024843997350641124,1
WT,292,-0.0017145073839739448,1
WT,295,-0.008624344424356679,1
WT,294,-0.0016758536744966807,1
WT,296,0.0024031132646517893,1
WT,298,-0.005205580709842667,1
WT,297,-0.005609179704052513,1
WT,299,-0.010039962650674914,1
WT_APP,1,-0.06175103674583763,1
WT_APP,0,-0.01340052418259449,1
WT_APP,2,-0.009747820357101672,1
WT_APP,3,0.0016903748454328066,1
WT_APP,5,0.004563415761473861,1
WT_APP,4,-0.00683232739041334,1
WT_APP,6,-0.001749079825657838,1
WT_APP,7,-0.03291093539808188,1
WT_APP,8,0.01559808260963808,1
WT_APP,9,0.020602083897625564,1
WT_APP,10,0.02752291750335807,1
WT_APP,11,0.004210382309115847,1
WT_APP,13,-0.01276296236043397,1
WT_APP,15,0.011483687501866336,1
WT_APP,12,0.00467978184342014,1
WT_APP,14,-0.00296773904826709,1
WT_APP,16,-0.0033560475317489093,1
WT_APP,17,0.003108910951723917,1
WT_APP,18,0.02361291368375096,1
WT_APP,19,0.017814419006585484,1
WT_APP,20,0.00543652987177768,1
WT_APP,21,-0.029921637773161605,1
WT_APP,23,-0.0205912983529698,1
WT_APP,22,0.0006877294759092571,1
WT_APP,24,-0.002176863555992921,1
WT_APP,25,0.010485566964948366,1
WT_APP,26,0.05228299843754998,1
WT_APP,27,-0.09458273276106738,1
WT_APP,28,-0.0011217500777471886,1
WT_APP,29,-0.013039185014652751,1
WT_APP,30,0.000628091540729735,1
WT_APP,32,-0.033476351775711136,1
WT_APP,31,0.009837454568682727,1
WT_APP,33,-0.004280322224974362,1
WT_APP,34,-0.012614653163065086,1
WT_APP,35,0.005801075488466989,1
WT_APP,37,0.024622758650487003,1
WT_APP,36,0.02004839761321183,1
WT_APP,38,0.010883784689408113,1
WT_APP,39,-0.014851611799356672,1
WT_APP,40,0.005513219197587297,1
WT_APP,42,0.0020566553230258904,1
WT_APP,43,0.0033892026048354404,1
WT_APP,41,0.0222266916398554,1
WT_APP,45,0.02543344696882569,1
WT_APP,44,-0.0008344515112779982,1
WT_APP,46,-0.05801743991235735,1
WT_APP,47,-0.003932316849402401,1
WT_APP,48,0.0422140401912943,1
WT_APP,49,0.013543293760242683,1
WT_APP,50,-0.002409764928905865,1
WT_APP,51,0.008409461633205911,1
WT_APP,52,0.025037521232957275,1
WT_APP,53,-0.016244083951663886,1
WT_APP,54,0.0003559016538733201,1
WT_APP,55,-0.008757325377507463,1
WT_APP,56,-0.008490534496064605,1
WT_APP,57,-0.0365103321462812,1
WT_APP,58,-0.02675268337143939,1
WT_APP,59,-0.0013096378982404822,1
WT_APP,60,-0.004712669690729666,1
WT_APP,61,0.0011265788640302346,1
WT_APP,62,-0.0235264612238086,1
WT_APP,63,0.008587342571677222,1
WT_APP,65,0.011474543464076335,1
WT_APP,64,0.003118655105324103,1
WT_APP,66,0.02316785731930559,1
WT_APP,67,-9.836720056524365e-06,1
WT_APP,68,0.01015762904924928,1
WT_APP,69,-0.02572157330421717,1
WT_APP,71,-0.0009303374731493674,1
WT_APP,70,-0.02007956752815804,1
WT_APP,73,0.030368530576216392,1
WT_APP,72,0.01429097262149998,1
WT_APP,74,-0.0026507721158004717,1
WT_APP,75,0.0006351188667092366,1
WT_APP,77,0.009084475254653787,1
WT_APP,76,0.0006946810441041342,1
WT_APP,78,-0.0003805661430855988,1
WT_APP,79,-0.002939172496790635,1
WT_APP,80,-6.406618202364567e-05,1
WT_APP,81,0.005001349943051471,1
WT_APP,83,0.014575351653420861,1
WT_APP,84,0.006582616841757623,1
WT_APP,85,-0.009724707490702304,1
WT_APP,82,0.0002996925411380317,1
WT_APP,86,-0.001983869185167807,1
WT_APP,87,0.023566149131936862,1
WT_APP,88,0.01665556890462371,1
WT_APP,89,0.05930762609445774,1
WT_APP,90,0.0714834343043164,1
WT_APP,91,-0.009671457516934885,1
WT_APP,92,-0.15051557433501414,1
WT_APP,93,0.008587081569685953,1
WT_APP,95,0.0057174529809437755,1
WT_APP,94,0.008036062104268313,1
WT_APP,97,0.010436639665390084,1
WT_APP,96,-0.01803075769572569,1
WT_APP,98,-0.025207887529562788,1
WT_APP,99,0.005971272397864722,1
WT_APP,100,0.005560100236809495,1
WT_APP,101,0.0015546767791238612,1
WT_APP,102,-0.026191838104631333,1
WT_APP,103,-0.017304900176794036,1
WT_APP,105,0.02012005504216022,1
WT_APP,104,0.013862030459869928,1
WT_APP,107,-0.0015019484849732945,1
WT_APP,106,-0.0768261980327227,1
WT_APP,108,-0.008533866713847659,1
WT_APP,109,-0.017920456390175667,1
WT_APP,110,-0.007792827385572773,1
WT_APP,111,-0.0021430098277617307,1
WT_APP,112,-0.01438365979642734,1
WT_APP,114,0.005665334779189208,1
WT_APP,113,0.0008434882323694923,1
WT_APP,115,0.019059271523844304,1
WT_APP,116,-0.003365950718909945,1
WT_APP,117,0.03688821558021774,1
WT_APP,118,-0.02312678682955329,1
WT_APP,119,-0.01586489636868354,1
WT_APP,120,-0.04211583312954538,1
WT_APP,121,-0.02588396216336607,1
WT_APP,122,0.008779426871816891,1
WT_APP,123,-0.0017017854538134557,1
WT_APP,125,0.0006637205760880291,1
WT_APP,124,-0.0012508735691958725,1
WT_APP,126,-0.00341769493753407,1
WT_APP,127,0.0035650843924306106,1
WT_APP,128,-0.021217093605863387,1
WT_APP,129,0.010753477244901362,1
WT_APP,131,0.005684719955962589,1
WT_APP,130,-0.02253779299358202,1
WT_APP,132,0.0004604660265632113,1
WT_APP,135,0.003684857784516146,1
WT_APP,133,0.004828118100566588,1
WT_APP,134,-0.0013242222405649138,1
WT_APP,136,0.0030144231435231907,1
WT_APP,137,-0.018453994625618454,1
WT_APP,138,0.0008435234950520236,1
WT_APP,139,0.00027833909237435595,1
WT_APP,141,0.01489715216915943,1
WT_APP,140,-0.01944311784426821,1
WT_APP,142,0.036564394829146266,1
WT_APP,144,-0.0007737816612638486,1
WT_APP,143,-0.004459362157113599,1
WT_APP,145,-0.00246361640612131,1
WT_APP,147,0.027376214801970573,1
WT_APP,146,-0.0021956790309466483,1
WT_APP,148,-0.008092347186867611,1
WT_APP,149,-0.001389687310331223,1
WT_APP,151,0.0029649314989372267,1
WT_APP,150,-0.014755231057371502,1
WT_APP,154,-0.04579007497169537,1
WT_APP,153,0.017861200882041267,1
WT_APP,155,-0.005028820952493339,1
WT_APP,152,0.000654607523796068,1
WT_APP,156,-0.01158284675799946,1
WT_APP,157,-0.0025966205051099547,1
WT_APP,158,-0.00381310456057055,1
WT_APP,159,-0.0012955198396084604,1
WT_APP,160,0.011742286612216485,1
WT_APP,161,-0.007338888215982493,1
WT_APP,162,0.0034155326724708674,1
WT_APP,163,-0.0009790026453343544,1
WT_APP,164,-0.012712582177186975,1
WT_APP,165,-0.018678190842275892,1
WT_APP,167,0.008840409023752101,1
WT_APP,166,-0.008477505493654619,1
WT_APP,168,-0.01339161297285717,1
WT_APP,169,0.0008191585169438765,1
WT_APP,170,0.001958715049155206,1
WT_APP,171,-0.0015614622006636216,1
WT_APP,172,-0.0014152549646086238,1
WT_APP,174,-0.0010978047450261577,1
WT_APP,173,0.041966399437374534,1
WT_APP,175,-0.00957971189532443,1
WT_APP,176,-0.0004754777929955099,1
WT_APP,177,-0.0341967100729791,1
WT_APP,178,0.054834446711985556,1
WT_APP,179,0.01869937689277257,1
WT_APP,181,0.03781867407688229,1
WT_APP,180,0.033602009332655,1
WT_APP,182,-0.006986446959166507,1
WT_APP,184,0.012289935022230572,1
WT_APP,183,-0.015610205083762648,1
WT_APP,185,0.026660358319074172,1
WT_APP,187,0.023570435282488037,1
WT_APP,186,0.08225257094668265,1
WT_APP,188,0.002099830369679139,1
WT_APP,189,0.030911732710933754,1
WT_APP,191,-0.001328196610347996,1
WT_APP,190,0.0031390998935839445,1
WT_APP,192,0.035508654075977704,1
WT_APP,193,-0.00046018574168312914,1
WT_APP,194,0.016682193358650007,1
WT_APP,195,0.06327136851186799,1
WT_APP,196,0.04298963538313341,1
WT_APP,197,0.015193879747479525,1
WT_APP,198,0.03761271413294031,1
WT_APP,199,0.04840221390872805,1
WT_APP,200,0.018295839764524167,1
WT_APP,202,-1.0315882730839071e-05,1
WT_APP,201,-0.026713236620193294,1
WT_APP,203,-0.0011096994320736592,1
WT_APP,204,-0.018815678377449716,1
WT_APP,205,-0.00668502564567325,1
WT_APP,206,0.06912966823289685,1
WT_APP,207,0.00621200284306805,1
WT_APP,208,-0.02896751849675693,1
WT_APP,209,-0.055277791879286546,1
WT_APP,210,-0.0029709179322413458,1
WT_APP,212,-0.04086177646117341,1
WT_APP,211,0.07587138754204288,1
WT_APP,213,0.001283367280489939,1
WT_APP,214,-0.008236897933990408,1
WT_APP,216,-0.0001401079568488915,1
WT_APP,215,-0.0001820013925812461,1
WT_APP,217,-0.00890192548233525,1
WT_APP,218,0.006009716461054713,1
WT_APP,219,0.004285768163161689,1
WT_APP,220,-0.006883256947486353,1
WT_APP,221,-0.0008037869864452275,1
WT_APP,224,0.002313782677878847,1
WT_APP,223,0.0039583765137849196,1
WT_APP,222,0.008687363124766086,1
WT_APP,226,-0.018078740384003686,1
WT_APP,225,0.019127899568679354,1
WT_APP,227,0.0071871979919675725,1
WT_APP,228,-0.049429489713646566,1
WT_APP,229,0.0017564796462936358,1
WT_APP,230,-0.02178036522712851,1
WT_APP,231,-0.008758631788307318,1
WT_APP,232,0.003092846887248926,1
WT_APP,233,-0.005969022119932596,1
WT_APP,234,-0.010224626607407979,1
WT_APP,235,-0.0006822405549935208,1
WT_APP,237,0.0012453187579501332,1
WT_APP,236,0.0010283762738613077,1
WT_APP,238,0.004900854327710277,1
WT_APP,239,0.012216455231833232,1
WT_APP,240,-0.0035362144286325407,1
WT_APP,241,-0.0610817296874309,1
WT_APP,242,-0.08252357356786968,1
WT_APP,243,0.024828586040868742,1
WT_APP,244,0.024629648823111753,1
WT_APP,245,-0.022855734646545986,1
WT_APP,247,-0.013626363394795395,1
WT_APP,246,0.004307125852164533,1
WT_APP,248,0.0177965906757828,1
WT_APP,249,-0.008892373244447764,1
WT_APP,250,0.005953620085217441,1
WT_APP,251,0.00047393198914733357,1
WT_APP,252,-0.0053559540728237145,1
WT_APP,253,-0.003721548096368554,1
WT_APP,254,-0.0205966007362618,1
WT_APP,255,0.02001082833827987,1
WT_APP,257,-0.08494334159917902,1
WT_APP,256,0.0012931322094224156,1
WT_APP,258,-0.01787456138155415,1
WT_APP,259,0.0327399281357923,1
WT_APP,260,0.02288346494841826,1
WT_APP,262,0.02023535484286965,1
WT_APP,261,0.03720880359561342,1
WT_APP,263,-0.01843932883765985,1
WT_APP,264,-0.008721818667299994,1
WT_APP,265,0.006101500190188473,1
WT_APP,266,-0.019534941014544577,1
WT_APP,267,0.020868063240847452,1
WT_APP,268,-0.03580220141937658,1
WT_APP,269,-0.0010438517250148413,1
WT_APP,270,0.008513536707404384,1
WT_APP,271,-0.014379165500352703,1
WT_APP,273,-0.010841983553194504,1
WT_APP,274,-0.0029961736025004874,1
WT_APP,272,-0.0022322404932873558,1
WT_APP,275,0.03480369231859684,1
WT_APP,277,-0.002547455542546989,1
WT_APP,276,0.03141472653750676,1
WT_APP,278,-0.03384125056091238,1
WT_APP,279,0.0003657307190471704,1
WT_APP,280,0.008548369979405928,1
WT_APP,281,0.010970319792501654,1
WT_APP,283,-0.040250455101873604,1
WT_APP,282,0.059105890894733816,1
WT_APP,285,0.00040860735618776235,1
WT_APP,284,0.0022594333378033377,1
WT_APP,286,-0.05688811764137074,1
WT_APP,287,-0.06084144107709792,1
WT_APP,288,-0.026669147792241395,1
WT_APP,289,-0.014276940089281008,1
WT_APP,290,0.012693887259937116,1
WT_APP,291,0.017088313266479825,1
WT_APP,292,0.001232365279006946,1
WT_APP,294,0.03696508758675782,1
WT_APP,295,-0.003837764609753938,1
WT_APP,293,0.06976028605024696,1
WT_APP,296,0.023057277025880236,1
WT_APP,297,0.016781376350448497,1
WT_APP,299,-0.023716267789966907,1
WT_APP,298,-0.0032158396206003765,1
a7_KO,0,0.21237261641811442,1
a7_KO,1,-0.047213523545986305,1
a7_KO,3,0.21089128157771056,1
a7_KO,2,0.03989668088634595,1
a7_KO,4,-0.01056884507483534,1
a7_KO,5,-0.050292375026282504,1
a7_KO,7,0.031109285941185207,1
a7_KO,6,-0.25084520882294853,1
a7_KO,8,0.014456511786499659,1
a7_KO,9,-0.001047658654751162,1
a7_KO,10,-0.01756920177019523,1
a7_KO,11,0.03542590468524198,1
a7_KO,13,-0.00820475913038647,1
a7_KO,12,0.015264558676591941,1
a7_KO,15,0.08888240413153309,1
a7_KO,14,-0.005456443211410577,1
a7_KO,16,0.011854582230204759,1
a7_KO,17,0.03480226633733729,1
a7_KO,18,-0.029367544599166136,1
a7_KO,19,-0.016881037442794147,1
a7_KO,20,0.026564101288300116,1
a7_KO,21,-0.1087920339761866,1
a7_KO,22,-0.11888956513286532,1
a7_KO,23,0.1887405196636982,1
a7_KO,24,-0.05254162095955603,1
a7_KO,26,-0.008023157689401308,1
a7_KO,25,0.07846942133779565,1
a7_KO,27,0.030886055172105218,1
a7_KO,28,0.006079711671263476,1
a7_KO,29,0.040710208873571116,1
a7_KO,30,0.23040603425474004,1
a7_KO,31,-0.0659085989233297,1
a7_KO,33,-0.2718692478828337,1
a7_KO,32,0.0465395212260455,1
a7_KO,34,-0.03367993975105265,1
a7_KO,36,0.021337242506905947,1
a7_KO,37,-0.12636625115700326,1
a7_KO,35,0.07048509982606468,1
a7_KO,38,-0.1952130249729933,1
a7_KO,39,-0.017906269837229913,1
a7_KO,40,0.0017647203210099025,1
a7_KO,41,-0.06009847382130377,1
a7_KO,43,-0.0059938617229031935,1
a7_KO,45,-0.019841483949847846,1
a7_KO,42,-0.14534030916361637,1
a7_KO,44,0.05942439708114152,1
a7_KO,46,-0.08609606218686944,1
a7_KO,47,-0.0050092348547119536,1
a7_KO,48,0.0002022684808592573,1
a7_KO,49,0.0059265589247743805,1
a7_KO,50,0.027721138846345576,1
a7_KO,51,-0.04641102901546644,1
a7_KO,52,0.003673794748474198,1
a7_KO,53,-0.025741333841682836,1
a7_KO,54,0.012771835008337555,1
a7_KO,55,0.008627863632541739,1
a7_KO,56,-0.06034674788292071,1
a7_KO,57,0.05526839926509275,1
a7_KO,58,-0.008953687297594427,1
a7_KO,59,0.05717177239211256,1
a7_KO,60,0.00034022593942504577,1
a7_KO,61,-0.05942943804110781,1
a7_KO,62,-0.018058175039821087,1
a7_KO,63,-0.010036541915745123,1
a7_KO,64,-0.05089475300018338,1
a7_KO,65,-0.16978086896439262,1
a7_KO,66,0.13690133060077375,1
a7_KO,67,-0.06649794639815335,1
a7_KO,68,0.06548451607978098,1
a7_KO,69,0.01946671355873966,1
a7_KO,70,-0.10919504406922208,1
a7_KO,71,0.03179655252769001,1
a7_KO,72,0.003688505173456757,1
a7_KO,73,-0.011861725124055832,1
a7_KO,74,0.1631239251312967,1
a7_KO,75,-0.024145280351699057,1
a7_KO,76,-0.12084043384140467,1
a7_KO,77,0.0036330622299583517,1
a7_KO,78,-0.11574638657618418,1
a7_KO,79,-0.022372499978222916,1
a7_KO,80,-0.03317879321979796,1
a7_KO,81,0.09504812025313972,1
a7_KO,82,-0.18514934935430685,1
a7_KO,85,0.015626195027471788,1
a7_KO,84,-0.005936025445593644,1
a7_KO,83,0.052656661623198785,1
a7_KO,86,-0.028991114363157114,1
a7_KO,87,0.08531285420012749,1
a7_KO,88,0.5813747217139905,1
a7_KO,89,-0.01543047022823628,1
a7_KO,90,0.04936830171499104,1
a7_KO,91,0.004287363893219921,1
a7_KO,93,-0.012094992100279077,1
a7_KO,94,0.12620658476984004,1
a7_KO,92,0.009591583108911493,1
a7_KO,95,-0.018836273383078164,1
a7_KO,96,-0.00695564119752844,1
a7_KO,97,-0.000141779454920413,1
a7_KO,98,-0.054808852895839345,1
a7_KO,99,0.0030713439689286615,1
a7_KO,100,0.07363586417934484,1
a7_KO,101,0.025704725191869542,1
a7_KO,102,-0.003496588402546604,1
a7_KO,104,-0.0040426621117702335,1
a7_KO,103,0.08083430847239088,1
a7_KO,105,0.06960019545975822,1
a7_KO,106,0.001454944214040408,1
a7_KO,107,0.00986637859766116,1
a7_KO,109,0.05570859281088743,1
a7_KO,108,-0.005532557763484488,1
a7_KO,110,-0.019914460670359107,1
a7_KO,111,0.002824286071755378,1
a7_KO,112,-0.12413244016970518,1
a7_KO,113,0.1404223426724076,1
a7_KO,115,0.08804463036517068,1
a7_KO,114,-0.08367159753213796,1
a7_KO,116,0.10356408532065896,1
a7_KO,117,0.004957161106679613,1
a7_KO,119,0.004375827270411416,1
a7_KO,118,0.02569210940356155,1
a7_KO,120,-0.008933412666414712,1
a7_KO,123,-0.04552759233708395,1
a7_KO,122,-0.038616388178603266,1
a7_KO,121,-0.02819391610526948,1
a7_KO,124,0.025104543717860903,1
a7_KO,125,-0.013624303813532973,1
a7_KO,126,0.0045644278272555,1
a7_KO,127,-0.01810296074356269,1
a7_KO,128,-0.03921454419714911,1
a7_KO,129,-0.05698194922460381,1
a7_KO,130,4.682785185407747,1
a7_KO,132,0.045062446522563304,1
a7_KO,131,0.05440879225377675,1
a7_KO,133,0.01076201803026904,1
a7_KO,135,-0.016150447321166127,1
a7_KO,134,0.06910233245407536,1
a7_KO,137,0.002869828395080265,1
a7_KO,136,0.09018363187347611,1
a7_KO,138,-0.1336512533697297,1
a7_KO,139,0.032534023870233464,1
a7_KO,140,-0.017560663243046823,1
a7_KO,142,0.02131241819319248,1
a7_KO,141,-0.05545812076980965,1
a7_KO,145,0.028372191975607367,1
a7_KO,144,-0.06391821557109326,1
a7_KO,143,-0.0412977745627831,1
a7_KO,146,0.04528788698572313,1
a7_KO,147,-0.03946601288457764,1
a7_KO,148,-0.018302756895454065,1
a7_KO,149,-0.01717499321289867,1
a7_KO,150,0.027345516495703194,1
a7_KO,151,0.06281747262273148,1
a7_KO,152,-0.06744510556418204,1
a7_KO,153,-0.06751547587929016,1
a7_KO,155,0.005413485483229493,1
a7_KO,154,-0.04352565482828886,1
a7_KO,156,-0.12073039541101452,1
a7_KO,158,-0.0001635215974397109,1
a7_KO,157,0.010077995317538967,1
a7_KO,159,-0.02686499482243242,1
a7_KO,160,0.036441088387203474,1
a7_KO,163,0.06709520418813482,1
a7_KO,161,0.7514222870433843,1
a7_KO,162,0.0292345837699446,1
a7_KO,165,0.014484475145220997,1
a7_KO,164,-0.004347955090890242,1
a7_KO,167,-0.15296083113986778,1
a7_KO,166,0.010732205148925106,1
a7_KO,168,0.03944490613492717,1
a7_KO,169,0.02227139916897249,1
a7_KO,170,0.08548594256949547,1
a7_KO,173,0.034308130669053076,1
a7_KO,171,0.4402926916117249,1
a7_KO,172,0.07464430435438907,1
a7_KO,175,0.035427794823267966,1
a7_KO,174,0.028851168892170344,1
a7_KO,176,0.018993136037093687,1
a7_KO,177,-0.05481147782914395,1
a7_KO,178,-0.07354641883375711,1
a7_KO,179,-0.04205971929785713,1
a7_KO,180,-0.01720670360596479,1
a7_KO,181,0.007751536550910587,1
a7_KO,182,-0.06585286765468709,1
a7_KO,184,-0.015203051152212339,1
a7_KO,183,0.11678706023350777,1
a7_KO,185,0.0694818756084131,1
a7_KO,187,0.09434100665034546,1
a7_KO,186,0.07062863068983143,1
a7_KO,188,-0.10881842486516209,1
a7_KO,189,0.013934167415627977,1
a7_KO,190,0.0002200297107873824,1
a7_KO,192,-0.02107797944963393,1
a7_KO,191,-0.053666315804464036,1
a7_KO,194,-0.04073975722327142,1
a7_KO,193,-0.03551585450720796,1
a7_KO,195,0.3725846674662856,1
a7_KO,196,-0.03023045392781425,1
a7_KO,197,0.0025334275079376706,1
a7_KO,198,0.016103562106766188,1
a7_KO,199,-0.0034836092545679153,1
a7_KO,200,0.014096167246986684,1
a7_KO,201,-0.040696409356523223,1
a7_KO,202,-0.0034794065894805746,1
a7_KO,203,-0.03188061359077903,1
a7_KO,204,0.015753320050006143,1
a7_KO,205,0.0020084765869094415,1
a7_KO,206,-0.13689895235994134,1
a7_KO,207,0.06705876293279729,1
a7_KO,208,-0.055084489982792056,1
a7_KO,209,0.09310384091491758,1
a7_KO,210,-0.17954434054104063,1
a7_KO,211,0.05887316814421445,1
a7_KO,213,0.08297070580033289,1
a7_KO,212,0.0016398776392486394,1
a7_KO,214,0.05157492884373067,1
a7_KO,215,0.008549800362883936,1
a7_KO,216,-0.10069768742916235,1
a7_KO,217,-0.020791139055984714,1
a7_KO,218,0.00974405534786483,1
a7_KO,219,0.1386058541194585,1
a7_KO,220,0.050908751618351344,1
a7_KO,221,0.0665430095277108,1
a7_KO,222,0.0001802421959050485,1
a7_KO,223,-0.0017794624881826268,1
a7_KO,224,-0.1319913064608471,1
a7_KO,225,0.005902341007448818,1
a7_KO,227,0.004309268871894913,1
a7_KO,226,-0.12847687611360423,1
a7_KO,228,0.0263680913295392,1
a7_KO,229,-0.025904325174476165,1
a7_KO,230,0.05416749416391108,1
a7_KO,232,-0.011659450082806378,1
a7_KO,231,0.16388013471205135,1
a7_KO,234,-0.003542917407777736,1
a7_KO,233,0.05162078000736268,1
a7_KO,235,-0.04594363940867355,1
a7_KO,236,-0.03178620829687885,1
a7_KO,238,-0.037007098267353725,1
a7_KO,237,-0.050650089861735186,1
a7_KO,239,0.04363002766591483,1
a7_KO,240,0.04669976535791327,1
a7_KO,241,-0.04252272219391626,1
a7_KO,242,0.0013829031210146794,1
a7_KO,243,0.11504567776080141,1
a7_KO,244,0.03923762965187434,1
a7_KO,245,0.11393706854213735,1
a7_KO,248,0.010346245793920803,1
a7_KO,246,0.009337368780606746,1
a7_KO,247,0.034463570539640505,1
a7_KO,249,-0.04493856716028307,1
a7_KO,250,0.017654033156656326,1
a7_KO,251,0.04110234802342151,1
a7_KO,252,-0.054287547111969904,1
a7_KO,253,-0.10179799794729953,1
a7_KO,254,-0.055842916178742506,1
a7_KO,255,-0.05398702378435197,1
a7_KO,257,0.002304424334416187,1
a7_KO,256,0.014382540304637892,1
a7_KO,258,-0.028194367874411545,1
a7_KO,259,0.027818393013174042,1
a7_KO,260,0.06852818752311438,1
a7_KO,261,-0.005221364497070907,1
a7_KO,262,0.008511761534369467,1
a7_KO,263,-0.028186956583321567,1
a7_KO,264,0.07426570971868121,1
a7_KO,265,-0.0008648732991799232,1
a7_KO,266,-0.022073344686534678,1
a7_KO,267,-0.05508070767075252,1
a7_KO,268,-0.015596899825497472,1
a7_KO,269,0.09930095710073272,1
a7_KO,270,0.017200081684884093,1
a7_KO,272,-0.020020710169034,1
a7_KO,271,0.006291377501424562,1
a7_KO,273,0.020676708477359067,1
a7_KO,274,-0.07862036961572903,1
a7_KO,275,0.018542715735420004,1
a7_KO,276,0.0069272287123752,1
a7_KO,277,0.2384628274510554,1
a7_KO,279,-0.027634469209936455,1
a7_KO,278,-0.009132479427934877,1
a7_KO,280,0.052617755662606625,1
a7_KO,281,-0.0004973946279132426,1
a7_KO,282,-0.004481078209339289,1
a7_KO,283,0.06863434876890295,1
a7_KO,284,-0.008333566493350588,1
a7_KO,285,-0.01589752499747875,1
a7_KO,286,0.006803935214959184,1
a7_KO,287,0.0033257540821036028,1
a7_KO,288,0.041208484862320476,1
a7_KO,289,0.1271153661408332,1
a7_KO,290,-0.006094275231461952,1
a7_KO,291,0.0064976313199934434,1
a7_KO,292,0.006613724595917695,1
a7_KO,293,0.014586678438028435,1
a7_KO,294,-0.2258406719032444,1
a7_KO,295,0.038090288984081164,1
a7_KO,296,-0.08506335417902715,1
a7_KO,297,-0.03716236098967106,1
a7_KO,298,-0.020258791784814732,1
a7_KO,299,-0.07407434203644125,1
a7_KO_APP,0,0.04019271728608944,1
a7_KO_APP,1,-0.014298298173537744,1
a7_KO_APP,2,0.026678196919760703,1
a7_KO_APP,3,0.024523529315309694,1
a7_KO_APP,4,0.13759705257531282,1
a7_KO_APP,5,0.06878504257849316,1
a7_KO_APP,6,0.022962640998895133,1
a7_KO_APP,7,0.02685321766777062,1
a7_KO_APP,8,0.00835236611496945,1
a7_KO_APP,9,-0.07232877359683952,1
a7_KO_APP,10,-0.0458882388800346,1
a7_KO_APP,12,-0.06299244741798558,1
a7_KO_APP,11,-0.060252890372391094,1
a7_KO_APP,13,0.07678950784539537,1
a7_KO_APP,14,-0.005091963813564402,1
a7_KO_APP,15,-0.0988677521281742,1
a7_KO_APP,16,-0.010544774770792876,1
a7_KO_APP,17,0.003315509974517705,1
a7_KO_APP,18,-0.03343539609711284,1
a7_KO_APP,19,-0.13818040464105258,1
a7_KO_APP,20,-0.031107455212180335,1
a7_KO_APP,21,0.06884336971256237,1
a7_KO_APP,22,0.0045514505209197495,1
a7_KO_APP,23,-0.04579601116605185,1
a7_KO_APP,24,0.0022544538616230386,1
a7_KO_APP,25,-0.02572211247367877,1
a7_KO_APP,26,-0.04831287334562374,1
a7_KO_APP,27,-0.21878697644590525,1
a7_KO_APP,29,-0.0011794775880252966,1
a7_KO_APP,28,-0.004050275334877494,1
a7_KO_APP,30,0.11442226704766338,1
a7_KO_APP,31,0.0010869004438528076,1
a7_KO_APP,33,-0.013740421191471602,1
a7_KO_APP,32,0.07723463915363236,1
a7_KO_APP,34,-0.008345056662950373,1
a7_KO_APP,35,-0.006532124494443232,1
a7_KO_APP,36,-0.032281953539310716,1
a7_KO_APP,37,0.0016654198274862612,1
a7_KO_APP,38,-0.016559347271031477,1
a7_KO_APP,39,-0.011420891880371622,1
a7_KO_APP,40,0.01684637683015504,1
a7_KO_APP,41,-0.018349758986994553,1
a7_KO_APP,42,-0.005161729105978908,1
a7_KO_APP,43,-0.006917704849055695,1
a7_KO_APP,44,0.18382771513304547,1
a7_KO_APP,45,0.029155865293172975,1
a7_KO_APP,46,-0.02697546304387379,1
a7_KO_APP,47,-0.12048596208130571,1
a7_KO_APP,48,-0.02340155183800422,1
a7_KO_APP,49,0.12997246070383747,1
a7_KO_APP,50,-0.06024683788756646,1
a7_KO_APP,51,-0.06614631525807939,1
a7_KO_APP,52,0.004176310330204636,1
a7_KO_APP,53,-0.04175252956090817,1
a7_KO_APP,54,0.0024349808493559304,1
a7_KO_APP,55,0.062065948854769966,1
a7_KO_APP,56,-0.04402459017296934,1
a7_KO_APP,57,0.03841968436568137,1
a7_KO_APP,59,-0.0068835282898934485,1
a7_KO_APP,58,-0.04786536652389269,1
a7_KO_APP,60,-0.03541991741965031,1
a7_KO_APP,61,0.008076700310941189,1
a7_KO_APP,62,-0.00035548498596883033,1
a7_KO_APP,64,-0.0552191279010168,1
a7_KO_APP,63,0.008263425659562847,1
a7_KO_APP,65,0.004109757993392801,1
a7_KO_APP,66,0.1274409304560783,1
a7_KO_APP,67,0.039326895815672544,1
a7_KO_APP,68,-0.029925347586848946,1
a7_KO_APP,69,0.03024063058837946,1
a7_KO_APP,70,0.09575592447625964,1
a7_KO_APP,71,0.0005091308960102816,1
a7_KO_APP,72,0.029887786073818968,1
a7_KO_APP,73,0.0055924192417615756,1
a7_KO_APP,74,-0.027027585821454213,1
a7_KO_APP,75,-0.009509344051659964,1
a7_KO_APP,76,0.1186409756461244,1
a7_KO_APP,77,-0.09885021059785958,1
a7_KO_APP,79,0.017055409718273056,1
a7_KO_APP,78,-0.006993097464146568,1
a7_KO_APP,80,-0.0868300856952921,1
a7_KO_APP,81,0.0603515589033123,1
a7_KO_APP,82,-0.028474659863262423,1
a7_KO_APP,83,0.0002048301296241442,1
a7_KO_APP,84,-0.02451444037454833,1
a7_KO_APP,85,-0.05392829214766915,1
a7_KO_APP,86,-0.07113726130275765,1
a7_KO_APP,87,-0.0017350684470536092,1
a7_KO_APP,89,0.0007056247105702211,1
a7_KO_APP,88,0.14806379368842976,1
a7_KO_APP,90,0.012375804263606552,1
a7_KO_APP,91,0.007275658080567304,1
a7_KO_APP,92,-0.0016342123821729202,1
a7_KO_APP,93,0.002952264261569596,1
a7_KO_APP,94,-0.04785550481971403,1
a7_KO_APP,95,-0.0008822396952788913,1
a7_KO_APP,96,-0.01496537307202937,1
a7_KO_APP,97,0.016407492454380456,1
a7_KO_APP,99,0.08489637540383665,1
a7_KO_APP,98,0.008799422788165537,1
a7_KO_APP,100,0.007289932339013176,1
a7_KO_APP,101,-0.011652756427775288,1
a7_KO_APP,102,0.06640138920555912,1
a7_KO_APP,103,0.058750635548604206,1
a7_KO_APP,104,-0.004378184927050143,1
a7_KO_APP,105,0.0355727028553038,1
a7_KO_APP,106,-0.025208182370951092,1
a7_KO_APP,107,-0.07315131556597132,1
a7_KO_APP,108,0.014761655360132174,1
a7_KO_APP,109,-0.0063728410019430115,1
a7_KO_APP,110,-0.008963264920099492,1
a7_KO_APP,111,0.04812605341247107,1
a7_KO_APP,112,-0.02629354677230704,1
a7_KO_APP,113,-0.1202982181912422,1
a7_KO_APP,114,-0.004534001805628182,1
a7_KO_APP,115,-0.015311790516110509,1
a7_KO_APP,116,-0.13345188954875328,1
a7_KO_APP,118,-0.0657633292985358,1
a7_KO_APP,117,0.024628341580075236,1
a7_KO_APP,119,-0.04887876427536979,1
a7_KO_APP,120,-0.02065361352936511,1
a7_KO_APP,121,-0.016491526776103604,1
a7_KO_APP,123,-0.0021377714377642538,1
a7_KO_APP,122,-0.0037793253629896544,1
a7_KO_APP,124,-0.019733630589530513,1
a7_KO_APP,125,-0.02497600116902456,1
a7_KO_APP,126,0.0010221648197484738,1
a7_KO_APP,128,0.026562520452550455,1
a7_KO_APP,127,0.0049868978931001265,1
a7_KO_APP,129,-0.013421772175131482,1
a7_KO_APP,130,0.049338219526438784,1
a7_KO_APP,131,-0.022151426581342584,1
a7_KO_APP,133,-0.013539977977205384,1
a7_KO_APP,132,-0.10324980012116555,1
a7_KO_APP,134,0.059035757099208254,1
a7_KO_APP,135,0.008870972261225707,1
a7_KO_APP,136,-0.08755248670912213,1
a7_KO_APP,137,0.03887432792943463,1
a7_KO_APP,138,0.068363390752171,1
a7_KO_APP,139,0.011493384981004683,1
a7_KO_APP,140,-0.1030913556597282,1
a7_KO_APP,141,-0.04692729252198384,1
a7_KO_APP,142,-0.08092057395106031,1
a7_KO_APP,144,-0.08529823535048955,1
a7_KO_APP,143,0.009049697983619964,1
a7_KO_APP,145,0.0061909030848110985,1
a7_KO_APP,146,0.03365641254992737,1
a7_KO_APP,147,-0.04581557664638368,1
a7_KO_APP,148,0.006146351606505237,1
a7_KO_APP,149,0.0022259844246180055,1
a7_KO_APP,150,-0.05979905387553326,1
a7_KO_APP,151,0.009055189986925742,1
a7_KO_APP,154,0.03200534124826369,1
a7_KO_APP,152,-0.28548575708818513,1
a7_KO_APP,153,-0.048719055901322555,1
a7_KO_APP,155,-0.12126994204800527,1
a7_KO_APP,156,-0.05121899179509274,1
a7_KO_APP,157,0.021091656696363766,1
a7_KO_APP,158,0.0012891104033455926,1
a7_KO_APP,159,-0.07040730953359364,1
a7_KO_APP,160,-0.007797057177585548,1
a7_KO_APP,161,0.01185535469945891,1
a7_KO_APP,162,-0.01883581155195875,1
a7_KO_APP,164,-0.01730424871975774,1
a7_KO_APP,163,-0.05999717597150016,1
a7_KO_APP,165,0.046979273998180984,1
a7_KO_APP,166,0.033910906009435964,1
a7_KO_APP,167,0.0017320313752851575,1
a7_KO_APP,168,-0.14948269320179455,1
a7_KO_APP,169,0.14991438564447565,1
a7_KO_APP,170,0.055695170817868775,1
a7_KO_APP,171,0.03591977535619847,1
a7_KO_APP,172,-0.20308170412982812,1
a7_KO_APP,173,-0.0007728638538409728,1
a7_KO_APP,174,0.17954382524344847,1
a7_KO_APP,175,-0.07306000794409294,1
a7_KO_APP,176,-0.012279249019191118,1
a7_KO_APP,177,-0.05679502687156008,1
a7_KO_APP,178,-0.02882576193607978,1
a7_KO_APP,179,-0.006613104549632321,1
a7_KO_APP,180,-0.02799097866279685,1
a7_KO_APP,181,-0.005297080677521078,1
a7_KO_APP,182,0.001223365757148673,1
a7_KO_APP,183,-0.023178622550369267,1
a7_KO_APP,184,-0.10667675212617679,1
a7_KO_APP,185,0.0007851707943102885,1
a7_KO_APP,186,0.014602905553766395,1
a7_KO_APP,187,-0.0007117106318537764,1
a7_KO_APP,188,-0.052298348914913965,1
a7_KO_APP,189,-0.08362293136563524,1
a7_KO_APP,190,-0.009856325479050663,1
a7_KO_APP,192,-0.038517506895061525,1
a7_KO_APP,191,0.06347235507415766,1
a7_KO_APP,194,0.27192517050038867,1
a7_KO_APP,193,-0.01011856168288592,1
a7_KO_APP,196,0.1994290836153775,1
a7_KO_APP,195,0.05539358903104118,1
a7_KO_APP,197,-0.004527570410128794,1
a7_KO_APP,198,0.11403218788758585,1
a7_KO_APP,199,0.0017785902729678877,1
a7_KO_APP,200,-0.016662848303403487,1
a7_KO_APP,201,-0.07320247496091761,1
a7_KO_APP,202,0.013444709155915521,1
a7_KO_APP,203,-0.003529352809831832,1
a7_KO_APP,204,-0.00560958461141079,1
a7_KO_APP,205,0.10009736951047743,1
a7_KO_APP,206,0.009669501989681644,1
a7_KO_APP,207,-0.012636563158289031,1
a7_KO_APP,208,-0.03511083372393864,1
a7_KO_APP,209,-0.09586090411842772,1
a7_KO_APP,210,-0.049619805190308904,1
a7_KO_APP,211,-0.0015826193937586775,1
a7_KO_APP,212,-0.03992358640896645,1
a7_KO_APP,213,-0.0159477176610485,1
a7_KO_APP,214,0.03325745647842543,1
a7_KO_APP,215,0.14437459391869956,1
a7_KO_APP,216,-0.05158096254038269,1
a7_KO_APP,217,-0.011435616423403856,1
a7_KO_APP,218,0.053691656689569094,1
a7_KO_APP,219,0.008577140665573727,1
a7_KO_APP,220,-0.016279915624053936,1
a7_KO_APP,221,-0.0068111069422177786,1
a7_KO_APP,222,0.016442266487024394,1
a7_KO_APP,224,0.02861829829695072,1
a7_KO_APP,223,-0.050189820374037186,1
a7_KO_APP,226,0.03250764774931125,1
a7_KO_APP,225,-0.047170983332576924,1
a7_KO_APP,227,-0.004333125008326235,1
a7_KO_APP,228,-0.02220225708545971,1
a7_KO_APP,229,-0.09388075603758561,1
a7_KO_APP,230,-0.012204230297004712,1
a7_KO_APP,231,0.0673048963430012,1
a7_KO_APP,232,-0.08012191344448065,1
a7_KO_APP,233,-0.007880329720713052,1
a7_KO_APP,234,-0.0005696094296554539,1
a7_KO_APP,236,0.022770310350750056,1
a7_KO_APP,235,-0.0502086991158213,1
a7_KO_APP,237,0.01804995501807481,1
a7_KO_APP,238,0.1837304465402133,1
a7_KO_APP,239,0.007491016969482673,1
a7_KO_APP,240,-0.007668360120125337,1
a7_KO_APP,241,-0.030932243191616766,1
a7_KO_APP,242,-0.0625817275071504,1
a7_KO_APP,243,0.0005337157946151003,1
a7_KO_APP,244,0.02757202115991533,1
a7_KO_APP,246,0.015524876174989839,1
a7_KO_APP,245,-0.054047613460546706,1
a7_KO_APP,247,-0.013089144935179688,1
a7_KO_APP,248,-0.08377094945932735,1
a7_KO_APP,249,-0.04528700387919504,1
a7_KO_APP,250,0.048337351767374595,1
a7_KO_APP,251,0.014504250660656548,1
a7_KO_APP,252,-0.03839760460776608,1
a7_KO_APP,254,-0.007486614845831814,1
a7_KO_APP,253,-0.03835696182442769,1
a7_KO_APP,255,-0.23031583990837148,1
a7_KO_APP,256,0.007165447778294604,1
a7_KO_APP,257,0.10469990278907187,1
a7_KO_APP,258,0.001515485987951978,1
a7_KO_APP,259,0.07862328060621335,1
a7_KO_APP,260,-0.020548629531032984,1
a7_KO_APP,261,-0.04344810237484712,1
a7_KO_APP,262,0.15671484472026026,1
a7_KO_APP,263,0.00937440457667465,1
a7_KO_APP,264,0.03369011380669269,1
a7_KO_APP,265,0.10245121778646242,1
a7_KO_APP,266,-0.002195537519570428,1
a7_KO_APP,267,0.05399224297845517,1
a7_KO_APP,268,-0.054087984121173445,1
a7_KO_APP,269,0.08750051159563735,1
a7_KO_APP,270,0.0029800670194545147,1
a7_KO_APP,271,-0.06102114338748401,1
a7_KO_APP,272,-0.20741111250632466,1
a7_KO_APP,273,-0.013602772892998626,1
a7_KO_APP,274,-0.016401855593653158,1
a7_KO_APP,275,-0.08044010116009065,1
a7_KO_APP,276,0.08603539645620793,1
a7_KO_APP,277,0.018696762109584843,1
a7_KO_APP,278,-0.08873205855232563,1
a7_KO_APP,279,0.006985148588172774,1
a7_KO_APP,280,-0.003990315588401858,1
a7_KO_APP,281,0.02275507253847988,1
a7_KO_APP,282,-0.06320347321047212,1
a7_KO_APP,283,0.008809280346173114,1
a7_KO_APP,284,-0.004747377500510247,1
a7_KO_APP,285,-0.09285540361430861,1
a7_KO_APP,286,-0.0006015461152687157,1
a7_KO_APP,287,0.020465992013000405,1
a7_KO_APP,288,0.023398827673556333,1
a7_KO_APP,290,0.06569239216105324,1
a7_KO_APP,291,0.02768590857432814,1
a7_KO_APP,289,0.08557337398691747,1
a7_KO_APP,292,-0.06709061256332115,1
a7_KO_APP,293,0.007522765865733099,1
a7_KO_APP,294,0.27884761346348225,1
a7_KO_APP,295,0.06086114111909044,1
a7_KO_APP,296,-0.0516400724549371,1
a7_KO_APP,297,-0.014944932153639465,1
a7_KO_APP,298,-0.032124789268867415,1
a7_KO_APP,299,0.06622231989468717,1
b2_KO,1,0.007557804759933244,1
b2_KO,0,-0.037871230788606235,1
b2_KO,2,-0.01803404889129419,1
b2_KO,3,-0.014967303101615396,1
b2_KO,4,-0.008103846538347094,1
b2_KO,5,-0.024533229053176196,1
b2_KO,6,-0.00971407945304292,1
b2_KO,7,0.05505815002912757,1
b2_KO,8,-0.01579731966978578,1
b2_KO,11,0.008079428571460065,1
b2_KO,9,0.012864414736621668,1
b2_KO,10,0.0003886793851891092,1
b2_KO,12,0.001341761934859811,1
b2_KO,14,-0.022203381738042628,1
b2_KO,13,0.0066167821558016275,1
b2_KO,15,-0.010932672256841202,1
b2_KO,16,-0.03642588440354189,1
b2_KO,17,0.0053233492930233935,1
b2_KO,18,0.023573191707505617,1
b2_KO,19,-0.009794859049778433,1
b2_KO,20,-0.02152305876656489,1
b2_KO,21,-0.0036567685010194155,1
b2_KO,22,-0.0035995116088173044,1
b2_KO,23,0.007786151694797967,1
b2_KO,24,0.00268040547050641,1
b2_KO,25,-0.00025973997065805896,1
b2_KO,26,-0.04999314979946382,1
b2_KO,27,0.023166464737686857,1
b2_KO,28,-0.04529017882854327,1
b2_KO,29,0.0003205327912466355,1
b2_KO,31,0.028326026861687306,1
b2_KO,30,-0.013496283227052073,1
b2_KO,32,-0.02666458820342481,1
b2_KO,34,0.03518179842677974,1
b2_KO,33,0.009715684369509961,1
b2_KO,35,-0.0006948429577208588,1
b2_KO,36,0.001877453074128262,1
b2_KO,37,0.008095826350317121,1
b2_KO,38,0.0012660141478128815,1
b2_KO,39,-0.011012049560884876,1
b2_KO,40,-0.032390770830640694,1
b2_KO,41,-0.009070496918374145,1
b2_KO,42,-0.0177476711968777,1
b2_KO,43,0.005107365341095585,1
b2_KO,44,0.022715414824095097,1
b2_KO,45,-0.0023530074759993847,1
b2_KO,46,0.03029273877522889,1
b2_KO,47,-0.018612357106630457,1
b2_KO,48,0.10118912432809937,1
b2_KO,49,-0.11087714943909997,1
b2_KO,50,0.006692615475037495,1
b2_KO,51,0.06957440330121963,1
b2_KO,52,0.017216299934253377,1
b2_KO,53,0.002811845134262888,1
b2_KO,54,0.0010748135260395802,1
b2_KO,55,-0.029395421942661336,1
b2_KO,56,0.0013052725586205148,1
b2_KO,58,-0.0233092570575478,1
b2_KO,57,0.08807098480071486,1
b2_KO,59,-0.002711697158688155,1
b2_KO,60,-0.026887064565340797,1
b2_KO,61,0.000865294767050316,1
b2_KO,62,-0.0023601915160502617,1
b2_KO,63,0.013187285446010121,1
b2_KO,64,0.005581938061889053,1
b2_KO,66,-0.0011456527052622896,1
b2_KO,65,-0.0027879972795888455,1
b2_KO,68,0.013329220293723161,1
b2_KO,67,-0.03003381885945213,1
b2_KO,69,0.08081666094540974,1
b2_KO,70,0.005168531275963399,1
b2_KO,71,0.002544028266819219,1
b2_KO,72,-0.013314151805227785,1
b2_KO,73,0.027157066765800104,1
b2_KO,74,-0.004415334071903897,1
b2_KO,75,-0.04414397504752743,1
b2_KO,76,-0.04881597037152727,1
b2_KO,77,-0.012567847310272669,1
b2_KO,78,-0.07448401852878264,1
b2_KO,79,0.03217359513204907,1
b2_KO,80,0.0002730275361845423,1
b2_KO,81,0.023621258638117683,1
b2_KO,83,0.020524307608449782,1
b2_KO,82,0.006648762195504863,1
b2_KO,84,0.015093753900372266,1
b2_KO,85,-0.007942263347947218,1
b2_KO,86,0.002677258654080341,1
b2_KO,87,0.0005555351090190785,1
b2_KO,88,-0.14047627731357096,1
b2_KO,89,0.051274664591451205,1
b2_KO,90,-0.0002022504011106705,1
b2_KO,91,-0.005172919425452876,1
b2_KO,92,0.03126633997637669,1
b2_KO,93,-0.003042148789877635,1
b2_KO,94,-0.03595549632589694,1
b2_KO,95,-0.02578958230039235,1
b2_KO,96,0.0016137958949211896,1
b2_KO,97,0.06172611725501766,1
b2_KO,98,0.032952120256840196,1
b2_KO,99,-0.00538369599944524,1
b2_KO,100,0.0011623195182834086,1
b2_KO,101,0.004103852239081954,1
b2_KO,102,0.0002603086226147799,1
b2_KO,103,-0.00904102888821355,1
b2_KO,104,0.03079001186201076,1
b2_KO,105,-0.006111664221356266,1
b2_KO,106,-0.0027040125110348564,1
b2_KO,107,0.04057365624491469,1
b2_KO,108,-0.08517101401053077,1
b2_KO,109,-0.12957118219751557,1
b2_KO,110,-0.025659825342803977,1
b2_KO,111,0.001849637218261165,1
b2_KO,112,-0.0001333766374348181,1
b2_KO,113,0.0007091790225373006,1
b2_KO,114,0.002175762349263226,1
b2_KO,115,-0.012876999525004623,1
b2_KO,116,0.06086708950871134,1
b2_KO,117,-0.0334634051745775,1
b2_KO,118,-0.006914808034074587,1
b2_KO,119,0.01486790622675091,1
b2_KO,120,0.022527455909553563,1
b2_KO,122,-0.07966628508262982,1
b2_KO,121,-0.007541649336035139,1
b2_KO,123,-0.0408660317403194,1
b2_KO,125,0.07595802399526701,1
b2_KO,124,0.0462285649520739,1
b2_KO,126,0.006093533180752885,1
b2_KO,127,0.0014110195760918315,1
b2_KO,128,0.003011756496709604,1
b2_KO,129,-0.015642357745882997,1
b2_KO,130,-0.03412354490747819,1
b2_KO,132,-0.014318100210117563,1
b2_KO,131,0.04873085800346651,1
b2_KO,133,0.047576390292180123,1
b2_KO,134,0.009651713402810371,1
b2_KO,135,0.0013907098020219956,1
b2_KO,136,0.06902066602719646,1
b2_KO,137,0.028695721984771074,1
b2_KO,138,-0.032545682196751594,1
b2_KO,139,-0.019165157787729797,1
b2_KO,140,-0.010486465659247716,1
b2_KO,141,-0.016077293993816955,1
b2_KO,142,0.055053149745300546,1
b2_KO,143,0.03557499537700698,1
b2_KO,144,0.011296748563654823,1
b2_KO,145,0.06912954628989602,1
b2_KO,146,-0.0016023519896698022,1
b2_KO,147,0.017604187094007545,1
b2_KO,148,-0.01871130576332768,1
b2_KO,149,-0.01889643643768259,1
b2_KO,150,-0.009630893104550283,1
b2_KO,151,0.001635252641001921,1
b2_KO,152,-0.0013006407024363478,1
b2_KO,153,0.00013590367784632734,1
b2_KO,155,0.009233461822742737,1
b2_KO,154,0.027822281335263883,1
b2_KO,156,0.02546601907450788,1
b2_KO,157,0.004223163969737031,1
b2_KO,158,0.057116410276864496,1
b2_KO,159,0.026714401577986466,1
b2_KO,161,0.008391189200331722,1
b2_KO,160,-0.03330304013919051,1
b2_KO,162,-0.005871485514581418,1
b2_KO,163,-0.0254374987467705,1
b2_KO,164,-0.0010946048975579961,1
b2_KO,165,-0.0032216441906529206,1
b2_KO,166,0.040894307600471635,1
b2_KO,167,0.030009821331513333,1
b2_KO,168,-0.015553069290671144,1
b2_KO,169,0.053867422800390495,1
b2_KO,170,-0.004292354584646695,1
b2_KO,171,0.03908182442374443,1
b2_KO,172,-0.0038181687114113563,1
b2_KO,173,0.014444180413238281,1
b2_KO,175,0.004266298879265977,1
b2_KO,174,-0.1271372889859815,1
b2_KO,176,0.025153016388067904,1
b2_KO,177,-0.03255261949959894,1
b2_KO,178,0.006046074439700008,1
b2_KO,179,0.0001768215310237952,1
b2_KO,180,0.0004264438478866482,1
b2_KO,182,0.028611382193085542,1
b2_KO,181,0.00013429345064174493,1
b2_KO,183,0.0008379366302016491,1
b2_KO,184,0.009138745163073237,1
b2_KO,185,0.0281308979152246,1
b2_KO,186,0.00756934594041401,1
b2_KO,187,-0.01578863243598135,1
b2_KO,188,0.0013381736575457327,1
b2_KO,189,0.0035065647555946426,1
b2_KO,190,0.012129359860190777,1
b2_KO,192,0.013960066728249674,1
b2_KO,191,-7.036465972567426e-05,1
b2_KO,193,0.013927949735108632,1
b2_KO,194,-0.058599262963811884,1
b2_KO,196,0.041310861599909245,1
b2_KO,195,0.11462477973296141,1
b2_KO,197,-0.0008907048010781456,1
b2_KO,198,-0.005415167545017223,1
b2_KO,199,0.013277739738985574,1
b2_KO,200,-0.0095010879589886,1
b2_KO,201,0.10142684560606713,1
b2_KO,202,-0.0038246644080320736,1
b2_KO,203,0.024994531909629428,1
b2_KO,204,-0.014770557371807134,1
b2_KO,205,-0.06150909504711974,1
b2_KO,206,-0.0066552142250181365,1
b2_KO,207,-0.013523558476508409,1
b2_KO,208,-0.021243323633934864,1
b2_KO,209,-0.02940763541940167,1
b2_KO,210,-0.01115407609696672,1
b2_KO,211,0.00576398777162502,1
b2_KO,212,0.021231176965254502,1
b2_KO,213,-0.0008286287078687985,1
b2_KO,214,-0.050381443694708206,1
b2_KO,215,0.03357934579201926,1
b2_KO,216,0.020936719021035322,1
b2_KO,217,-0.03336836771431583,1
b2_KO,218,0.015497977909453677,1
b2_KO,219,-0.011748514576436005,1
b2_KO,220,0.004029549249252515,1
b2_KO,221,0.0019653486637869087,1
b2_KO,222,-0.0368665383442956,1
b2_KO,223,-0.004631204018553926,1
b2_KO,224,-0.010372115823608103,1
b2_KO,225,0.0016971634774499069,1
b2_KO,227,0.006673236319257681,1
b2_KO,226,-0.03228802034205108,1
b2_KO,228,-0.026565313097470303,1
b2_KO,230,-0.07981553913859891,1
b2_KO,229,-0.011625381801709819,1
b2_KO,231,-0.016766150475868706,1
b2_KO,232,-0.040238690297916296,1
b2_KO,233,-0.0005857552283554268,1
b2_KO,234,0.0010749563495599955,1
b2_KO,235,-0.04592557279992501,1
b2_KO,236,0.12276186663328426,1
b2_KO,238,-0.009083038322591802,1
b2_KO,237,0.021971424053438448,1
b2_KO,239,0.008312334911330755,1
b2_KO,240,-0.018587109100312207,1
b2_KO,241,0.052525649164168235,1
b2_KO,242,0.007911365467267801,1
b2_KO,243,-0.01582065038563183,1
b2_KO,244,-0.012131850964354608,1
b2_KO,245,-0.03620265718762493,1
b2_KO,246,-0.04363765118040649,1
b2_KO,248,-0.017357051874242177,1
b2_KO,247,-0.002047735328062206,1
b2_KO,249,0.14553783246105706,1
b2_KO,250,0.004881685932913096,1
b2_KO,251,-0.0364400777789301,1
b2_KO,252,-0.01004882138039488,1
b2_KO,253,0.011981774792581107,1
b2_KO,254,-0.007944398556591523,1
b2_KO,255,-0.010774487439756262,1
b2_KO,257,0.002237014557643663,1
b2_KO,256,0.004470365637269136,1
b2_KO,258,0.031750254236541105,1
b2_KO,259,0.0023599190349028127,1
b2_KO,261,0.008448532179284285,1
b2_KO,260,0.00040044994368583546,1
b2_KO,263,-0.019166599506628357,1
b2_KO,262,-0.024135323431000454,1
b2_KO,264,0.01528260346696436,1
b2_KO,265,-0.012145440397089242,1
b2_KO,266,0.030698811621510644,1
b2_KO,267,-0.007481548994437475,1
b2_KO,268,0.030733996026087465,1
b2_KO,270,0.040489045736602565,1
b2_KO,269,-0.050538248840732866,1
b2_KO,271,-0.004714622350776474,1
b2_KO,272,0.0002994339202117735,1
b2_KO,273,-0.011051032160351642,1
b2_KO,274,-0.003190765737310387,1
b2_KO,275,-0.006280681670293031,1
b2_KO,276,0.0013114207303309621,1
b2_KO,277,0.06178131422884399,1
b2_KO,279,0.05597881195731234,1
b2_KO,278,-0.0007699739574568516,1
b2_KO,280,0.037102648246166096,1
b2_KO,282,-0.008275339716748136,1
b2_KO,281,0.02009565762656721,1
b2_KO,283,0.022334941507965986,1
b2_KO,284,0.0014781090189740576,1
b2_KO,285,0.007614693930982748,1
b2_KO,286,0.012765787268849619,1
b2_KO,287,-0.022930831841871047,1
b2_KO,289,-0.05597263937044283,1
b2_KO,288,-0.03767810859161925,1
b2_KO,290,0.0019473772817615385,1
b2_KO,292,-0.02577110010049703,1
b2_KO,293,0.014368211019797144,1
b2_KO,291,0.001962263899728231,1
b2_KO,294,-0.009743313955123472,1
b2_KO,295,0.01817900354962554,1
b2_KO,296,-3.873107066855879e-05,1
b2_KO,297,0.0793156262810722,1
b2_KO,298,-0.006493816331902004,1
b2_KO,299,-0.0055319932323053015,1
b2_KO_APP,0,0.0035713493246951914,1
b2_KO_APP,1,-0.08465023857601224,1
b2_KO_APP,3,-0.0030458165307296527,1
b2_KO_APP,2,-0.012722986737827999,1
b2_KO_APP,4,-0.01920329768564638,1
b2_KO_APP,5,0.030539489423593726,1
b2_KO_APP,7,0.03255575716508575,1
b2_KO_APP,6,0.021694353583439335,1
b2_KO_APP,8,0.033974880492862146,1
b2_KO_APP,10,0.05863528950135749,1
b2_KO_APP,11,-0.014021417173404781,1
b2_KO_APP,9,0.019907808536426163,1
b2_KO_APP,12,-0.04192018909889301,1
b2_KO_APP,13,-0.06211972218244911,1
b2_KO_APP,14,-0.011626883691664952,1
b2_KO_APP,15,-0.07416108551670442,1
b2_KO_APP,16,-0.00587868968616943,1
b2_KO_APP,17,0.010095189892593377,1
b2_KO_APP,18,0.015153451823001303,1
b2_KO_APP,19,0.029058441951725,1
b2_KO_APP,20,0.010149874165152506,1
b2_KO_APP,21,-0.018256889277260577,1
b2_KO_APP,22,-0.01932985333365288,1
b2_KO_APP,23,-0.028301012209841703,1
b2_KO_APP,24,0.018651032313375036,1
b2_KO_APP,25,-0.012305286076369071,1
b2_KO_APP,26,-0.32548465297628343,1
b2_KO_APP,27,-0.006206292910420053,1
b2_KO_APP,28,0.011333821922582404,1
b2_KO_APP,29,-0.017325648613906983,1
b2_KO_APP,31,-0.0046733831313769915,1
b2_KO_APP,30,-0.0002080323987666401,1
b2_KO_APP,32,0.013221176960019706,1
b2_KO_APP,33,-0.03434852159184869,1
b2_KO_APP,35,-0.04450427751944663,1
b2_KO_APP,34,0.015231514331107091,1
b2_KO_APP,37,-0.017340014525684667,1
b2_KO_APP,36,0.000540352651656912,1
b2_KO_APP,39,-0.00489536898069478,1
b2_KO_APP,38,-0.0558647051921547,1
b2_KO_APP,40,-0.12852064795205725,1
b2_KO_APP,41,-0.0026784748824658705,1
b2_KO_APP,43,-0.045357226644045935,1
b2_KO_APP,42,-0.000625224262033287,1
b2_KO_APP,44,-0.01718329541946547,1
b2_KO_APP,45,0.025033746265505502,1
b2_KO_APP,46,0.00176081504358661,1
b2_KO_APP,47,0.00033182663072737546,1
b2_KO_APP,49,0.04876537040711734,1
b2_KO_APP,48,0.012477980510503646,1
b2_KO_APP,50,-0.043076451717716444,1
b2_KO_APP,51,-0.008760260869916386,1
b2_KO_APP,52,0.009302768632169578,1
b2_KO_APP,53,0.012450481677543979,1
b2_KO_APP,54,-0.009758019056137383,1
b2_KO_APP,55,-0.09583197076520797,1
b2_KO_APP,56,-0.06670202133639047,1
b2_KO_APP,57,0.019644995221961732,1
b2_KO_APP,59,-0.0026444586837155526,1
b2_KO_APP,58,-0.06257970889781882,1
b2_KO_APP,60,0.0038500180013614146,1
b2_KO_APP,61,0.0408477360623486,1
b2_KO_APP,62,-4.922419309135485e-05,1
b2_KO_APP,63,-0.05132189560143022,1
b2_KO_APP,64,0.06814683525965581,1
b2_KO_APP,65,-0.022064530273569534,1
b2_KO_APP,66,0.007466548664033033,1
b2_KO_APP,67,-0.020591771585461743,1
b2_KO_APP,68,-0.0062438524021184785,1
b2_KO_APP,70,-0.12084526378630017,1
b2_KO_APP,69,0.008933831613046686,1
b2_KO_APP,71,-0.0011847239450069173,1
b2_KO_APP,72,0.021622893271657326,1
b2_KO_APP,73,0.007360450825579019,1
b2_KO_APP,74,0.0017449808318698945,1
b2_KO_APP,75,-0.004576689715931085,1
b2_KO_APP,77,-0.0010856097823455121,1
b2_KO_APP,76,0.022844482469430907,1
b2_KO_APP,78,0.015052100052338178,1
b2_KO_APP,80,-0.03142186038311232,1
b2_KO_APP,82,0.0032934187784117797,1
b2_KO_APP,79,0.013738318039179931,1
b2_KO_APP,81,0.05755703610405927,1
b2_KO_APP,83,-0.027205714954840872,1
b2_KO_APP,84,0.05257718830744561,1
b2_KO_APP,85,-0.029300356597738886,1
b2_KO_APP,87,-0.0007961463558367211,1
b2_KO_APP,86,-0.012068905279048466,1
b2_KO_APP,88,-0.0007442876003750733,1
b2_KO_APP,89,0.08525585632728609,1
b2_KO_APP,90,0.006631716809304008,1
b2_KO_APP,92,0.0779146886480165,1
b2_KO_APP,91,0.06806207681916546,1
b2_KO_APP,93,0.04738576257911615,1
b2_KO_APP,95,-0.002146501239578208,1
b2_KO_APP,94,-0.020564040281892855,1
b2_KO_APP,97,0.022865597704826716,1
b2_KO_APP,96,0.009499729766595754,1
b2_KO_APP,98,0.04018066150468522,1
b2_KO_APP,99,0.08959221455188265,1
b2_KO_APP,101,-0.04576634056318304,1
b2_KO_APP,100,0.7898068897576003,1
b2_KO_APP,102,-0.046479076593551015,1
b2_KO_APP,103,0.032460971251840505,1
b2_KO_APP,104,-0.017557190224072733,1
b2_KO_APP,105,0.0021885567277012486,1
b2_KO_APP,107,0.020908163485473617,1
b2_KO_APP,106,-0.0019313701048402467,1
b2_KO_APP,108,0.01834662342477039,1
b2_KO_APP,109,-0.004556441537475544,1
b2_KO_APP,111,-0.013156019034408873,1
b2_KO_APP,110,0.03194004983436576,1
b2_KO_APP,112,-0.05087559820182491,1
b2_KO_APP,113,0.044173091368211015,1
b2_KO_APP,114,0.004934678350171409,1
b2_KO_APP,115,0.6173475824446538,1
b2_KO_APP,116,0.04188581557462034,1
b2_KO_APP,117,-0.006841575594498824,1
b2_KO_APP,118,-0.00431299009349401,1
b2_KO_APP,119,0.007610684519451185,1
b2_KO_APP,122,-0.039900351238280694,1
b2_KO_APP,120,-0.11871484422968878,1
b2_KO_APP,121,0.0036844495619003355,1
b2_KO_APP,123,0.01042993185401544,1
b2_KO_APP,124,-0.024942570877325335,1
b2_KO_APP,125,-0.021230136726933718,1
b2_KO_APP,127,0.07292917591836202,1
b2_KO_APP,126,-0.09201616989360455,1
b2_KO_APP,128,0.012698494231919455,1
b2_KO_APP,129,0.019784798938374346,1
b2_KO_APP,130,0.00789335669425993,1
b2_KO_APP,131,0.005275257878374169,1
b2_KO_APP,132,-0.06343549790078866,1
b2_KO_APP,133,0.11125364246699351,1
b2_KO_APP,134,-0.034986782762260346,1
b2_KO_APP,135,-0.038457522759507375,1
b2_KO_APP,137,0.04956795185461421,1
b2_KO_APP,136,0.0006165467313887453,1
b2_KO_APP,138,-0.042446021262491605,1
b2_KO_APP,139,0.00015577891361991784,1
b2_KO_APP,140,-0.055593572158913064,1
b2_KO_APP,141,-0.011492212972278001,1
b2_KO_APP,142,-0.03507914396407218,1
b2_KO_APP,143,-0.1298212128721551,1
b2_KO_APP,144,-0.02301129964175758,1
b2_KO_APP,145,-0.015845952751649805,1
b2_KO_APP,146,-0.007292833568527849,1
b2_KO_APP,147,-0.009286227449735266,1
b2_KO_APP,148,-0.055422010041556745,1
b2_KO_APP,150,-0.02055885231864841,1
b2_KO_APP,149,0.02209856985036365,1
b2_KO_APP,151,0.08128489372205769,1
b2_KO_APP,152,0.012854379757732296,1
b2_KO_APP,153,0.01550931924028992,1
b2_KO_APP,154,-0.1627288938856196,1
b2_KO_APP,156,0.027909517484948427,1
b2_KO_APP,155,-0.009990669329957779,1
b2_KO_APP,157,-0.04947884549888009,1
b2_KO_APP,158,0.019526946095843437,1
b2_KO_APP,160,0.15971594927657695,1
b2_KO_APP,159,-0.0038774614698968523,1
b2_KO_APP,161,-0.003304704751363015,1
b2_KO_APP,162,-0.07359524543949862,1
b2_KO_APP,163,0.0023256288811614513,1
b2_KO_APP,164,0.03445950066744378,1
b2_KO_APP,165,0.033242861708868754,1
b2_KO_APP,166,-0.22778524247269627,1
b2_KO_APP,167,-0.22357353127694563,1
b2_KO_APP,168,-0.01044376451234134,1
b2_KO_APP,170,0.011720390624486135,1
b2_KO_APP,169,0.24896801093352613,1
b2_KO_APP,171,-0.011481228862412917,1
b2_KO_APP,172,-0.15289518065803787,1
b2_KO_APP,173,0.04503970325254614,1
b2_KO_APP,174,-0.04228777700458,1
b2_KO_APP,175,0.050279924456162105,1
b2_KO_APP,176,-0.23073136321084703,1
b2_KO_APP,177,-0.04524770477347015,1
b2_KO_APP,179,0.016229493345046177,1
b2_KO_APP,178,0.011548514454173459,1
b2_KO_APP,180,-0.04529415512856682,1
b2_KO_APP,181,0.09153831065924806,1
b2_KO_APP,182,0.005429227817754236,1
b2_KO_APP,183,-0.27638892972943996,1
b2_KO_APP,184,-0.08425326141967979,1
b2_KO_APP,185,-0.03347471607992233,1
b2_KO_APP,186,0.005035070541965693,1
b2_KO_APP,187,-0.010390758711461594,1
b2_KO_APP,189,-0.03281655568288945,1
b2_KO_APP,190,-0.011594751114060414,1
b2_KO_APP,188,0.024405002593690876,1
b2_KO_APP,191,-0.07591800545397628,1
b2_KO_APP,193,0.007521572405895312,1
b2_KO_APP,192,-0.013987128139931112,1
b2_KO_APP,194,-0.0019304474925915804,1
b2_KO_APP,195,-0.007525519034295241,1
b2_KO_APP,196,0.045456967552487654,1
b2_KO_APP,197,-0.08135191514913427,1
b2_KO_APP,198,-0.004215737085278005,1
b2_KO_APP,199,0.0007992416352162869,1
b2_KO_APP,200,-0.059062188614197465,1
b2_KO_APP,201,-0.012102471204153531,1
b2_KO_APP,203,-0.012574370847738846,1
b2_KO_APP,202,-0.005796266060006623,1
b2_KO_APP,204,0.00021491167860227266,1
b2_KO_APP,205,-0.031227221610048015,1
b2_KO_APP,206,0.07740714328479903,1
b2_KO_APP,207,0.038468857709540255,1
b2_KO_APP,208,0.049270042588401654,1
b2_KO_APP,210,-0.03131869384443461,1
b2_KO_APP,209,0.023926422932936724,1
b2_KO_APP,211,-0.027750536321981784,1
b2_KO_APP,212,-0.06452752491771001,1
b2_KO_APP,213,0.0034202271640817097,1
b2_KO_APP,214,-0.0029500416187646533,1
b2_KO_APP,215,-0.03239161126412461,1
b2_KO_APP,217,-0.01546195010978764,1
b2_KO_APP,216,0.042291145535182914,1
b2_KO_APP,218,0.10484418519992064,1
b2_KO_APP,220,-0.1291574674397269,1
b2_KO_APP,219,0.0038369568925495845,1
b2_KO_APP,221,-0.022606642574279297,1
b2_KO_APP,222,-0.02289284963969768,1
b2_KO_APP,223,-0.0027841285709873918,1
b2_KO_APP,224,0.009301536448493321,1
b2_KO_APP,225,0.0640538440067399,1
b2_KO_APP,226,0.0110145364085251,1
b2_KO_APP,227,-0.012137762840749772,1
b2_KO_APP,228,-0.0010096376086161383,1
b2_KO_APP,230,-0.03978094307165556,1
b2_KO_APP,229,0.08413081485873523,1
b2_KO_APP,231,0.0074155009824822616,1
b2_KO_APP,232,0.0005226024719680834,1
b2_KO_APP,233,-0.06770837146737932,1
b2_KO_APP,234,0.05921670911347056,1
b2_KO_APP,235,-0.009014957579947564,1
b2_KO_APP,236,-0.016646860856200773,1
b2_KO_APP,238,0.007630210560904965,1
b2_KO_APP,237,0.1227400878776698,1
b2_KO_APP,239,-0.021811870244069182,1
b2_KO_APP,240,-0.035156270478343424,1
b2_KO_APP,241,0.011602392543598813,1
b2_KO_APP,243,-0.0033135490262507315,1
b2_KO_APP,242,-0.1873418038216949,1
b2_KO_APP,244,-0.05112107838286379,1
b2_KO_APP,245,-0.0007288052073174474,1
b2_KO_APP,246,-0.0010018289180834855,1
b2_KO_APP,247,0.016093163891738864,1
b2_KO_APP,248,-0.12351921488727018,1
b2_KO_APP,250,-0.03262653913081152,1
b2_KO_APP,249,0.007516804629648277,1
b2_KO_APP,251,-0.04897452759210109,1
b2_KO_APP,252,-0.0006598380423532638,1
b2_KO_APP,253,0.16474178014618057,1
b2_KO_APP,254,0.0005651897787056346,1
b2_KO_APP,255,0.030433769378218442,1
b2_KO_APP,256,0.030439523520601953,1
b2_KO_APP,257,0.015184470809025215,1
b2_KO_APP,258,0.05654402095738213,1
b2_KO_APP,260,0.04767701091120807,1
b2_KO_APP,259,0.1801074518884049,1
b2_KO_APP,261,-0.034593204100027565,1
b2_KO_APP,262,0.05458347698073912,1
b2_KO_APP,263,-0.03457568386245787,1
b2_KO_APP,264,-0.04290520543686977,1
b2_KO_APP,265,0.008956775763131754,1
b2_KO_APP,266,0.03955587186941848,1
b2_KO_APP,267,0.00020918677256439073,1
b2_KO_APP,268,-0.006010082024697136,1
b2_KO_APP,269,0.03480880037999747,1
b2_KO_APP,270,-0.008195066971400105,1
b2_KO_APP,271,0.0004932928852863879,1
b2_KO_APP,272,0.007273900414882908,1
b2_KO_APP,273,0.009553596554059992,1
b2_KO_APP,274,0.036214924207680216,1
b2_KO_APP,275,0.08429507566965112,1
b2_KO_APP,277,0.067276672923631,1
b2_KO_APP,276,0.036443092108562135,1
b2_KO_APP,278,0.030251004642310425,1
b2_KO_APP,279,-0.01851012328098152,1
b2_KO_APP,280,-0.0599500951022511,1
b2_KO_APP,281,-0.05838626646427694,1
b2_KO_APP,282,-0.1289856985557575,1
b2_KO_APP,283,0.011527102441474767,1
b2_KO_APP,285,-0.006336130030632281,1
b2_KO_APP,284,-0.015403747011855012,1
b2_KO_APP,288,-0.04956871262884158,1
b2_KO_APP,286,-0.021603469085838777,1
b2_KO_APP,287,0.1222586037311491,1
b2_KO_APP,289,0.0585961042034361,1
b2_KO_APP,290,-0.02573317474465737,1
b2_KO_APP,291,-0.025796446292319402,1
b2_KO_APP,292,-0.0688477955379866,1
b2_KO_APP,293,-0.032718144906358736,1
b2_KO_APP,295,0.021653260022401376,1
b2_KO_APP,294,-0.035694775189029415,1
b2_KO_APP,297,-0.0005044550985803019,1
b2_KO_APP,296,-0.06973806078348166,1
b2_KO_APP,299,-0.044943766448083296,1
b2_KO_APP,298,-0.006785444699083818,1
a5_KO,0,-0.010484389869675082,1
a5_KO,1,-0.0006830550074931344,1
a5_KO,3,-0.009384367271759331,1
a5_KO,2,0.0011924753017158824,1
a5_KO,4,-0.0068492099654958285,1
a5_KO,5,-0.0015931541776056908,1
a5_KO,7,-0.0013125824303201437,1
a5_KO,6,0.0004896065567893675,1
a5_KO,8,-0.004588098383002935,1
a5_KO,9,-0.001657183558703339,1
a5_KO,10,0.007960723548709138,1
a5_KO,11,0.0030498114139454304,1
a5_KO,13,-0.001804735612969638,1
a5_KO,12,0.009884603409947549,1
a5_KO,14,-0.0019511172626029251,1
a5_KO,15,0.0033670067333162823,1
a5_KO,16,-0.00010333550383861358,1
a5_KO,18,-0.0010174510189392718,1
a5_KO,17,0.042667466207266164,1
a5_KO,20,0.010796280048849135,1
a5_KO,19,-0.000693202765391067,1
a5_KO,21,0.00040379589868617634,1
a5_KO,22,-0.0050009914209026675,1
a5_KO,23,-0.01514568031880154,1
a5_KO,24,0.0037417409463528567,1
a5_KO,25,0.005926059965309951,1
a5_KO,26,0.006298207435488645,1
a5_KO,27,0.0005541123267614262,1
a5_KO,28,-0.005304041062442533,1
a5_KO,29,-0.00579371255964472,1
a5_KO,30,-0.006222154709479298,1
a5_KO,31,0.006118775854476821,1
a5_KO,33,0.004023684920877616,1
a5_KO,32,-0.007599208446731305,1
a5_KO,34,-0.001355784306962241,1
a5_KO,35,-0.0014137507722372339,1
a5_KO,36,0.021678155928568723,1
a5_KO,38,-0.023424767755214935,1
a5_KO,39,4.108772886755976e-05,1
a5_KO,37,-0.0012325373695335404,1
a5_KO,40,0.0211094638221285,1
a5_KO,41,-0.0002832610461113527,1
a5_KO,42,-0.0037573416552049667,1
a5_KO,43,-0.003609228092482317,1
a5_KO,44,-0.004116516965516163,1
a5_KO,45,-0.00432179746837509,1
a5_KO,46,0.0009130041718668595,1
a5_KO,48,0.0018156131372312357,1
a5_KO,47,-0.0022931505652532646,1
a5_KO,49,-0.002936247404846409,1
a5_KO,51,0.0020023561113673826,1
a5_KO,50,0.004151378954313371,1
a5_KO,52,-0.006631043504401492,1
a5_KO,53,-0.007779996572888541,1
a5_KO,54,0.0018660244399157889,1
a5_KO,55,-0.044541512288750855,1
a5_KO,56,-0.00018488837621338992,1
a5_KO,57,-0.00355336119404698,1
a5_KO,61,0.005994526352092204,1
a5_KO,58,0.004529385096899297,1
a5_KO,59,0.0072968706340663676,1
a5_KO,60,-0.0012189237519119973,1
a5_KO,62,-0.0075245226967127245,1
a5_KO,63,0.0023984116374792417,1
a5_KO,64,-0.006810127519257614,1
a5_KO,65,0.0028644316858490756,1
a5_KO,66,0.0035841254778933344,1
a5_KO,67,0.017851558637891295,1
a5_KO,68,-0.001662310633129075,1
a5_KO,69,0.003895010641939367,1
a5_KO,70,-0.001051348312830934,1
a5_KO,71,-0.0005319016755354412,1
a5_KO,72,-0.014678250402447395,1
a5_KO,73,0.00027955055374452863,1
a5_KO,74,-0.008050320241576614,1
a5_KO,75,0.02253290678966131,1
a5_KO,76,0.003510296487044074,1
a5_KO,77,-0.005561904342179906,1
a5_KO,80,-0.00041012313552341235,1
a5_KO,78,0.002159406838196776,1
a5_KO,79,0.006203142780034117,1
a5_KO,81,0.006015152396092233,1
a5_KO,82,-0.012672658837709303,1
a5_KO,83,0.027224171155686334,1
a5_KO,85,-0.0029448435761643098,1
a5_KO,84,0.006622777056912753,1
a5_KO,86,-0.00929365873435175,1
a5_KO,87,-0.00433949842053267,1
a5_KO,89,-0.002229395333720273,1
a5_KO,88,0.010804701004045745,1
a5_KO,90,0.0013803838208773765,1
a5_KO,91,0.0005766697813952125,1
a5_KO,92,0.011055277036768382,1
a5_KO,93,-0.0015320503546452518,1
a5_KO,94,0.008108156950932713,1
a5_KO,95,-0.0021108270764490936,1
a5_KO,96,0.0040948045204211485,1
a5_KO,97,-0.004867735192296314,1
a5_KO,99,-0.0036412549484492423,1
a5_KO,98,0.0038616973511424292,1
a5_KO,100,0.00042896524248282013,1
a5_KO,101,-0.012094520283591965,1
a5_KO,102,-0.004942304787414705,1
a5_KO,103,-0.01924470177640033,1
a5_KO,104,0.002376985736137922,1
a5_KO,105,0.002194180579705458,1
a5_KO,106,0.007560417073585652,1
a5_KO,109,-0.006673476879824014,1
a5_KO,107,0.00667922554129759,1
a5_KO,108,-0.0018418440082260353,1
a5_KO,110,0.0010792246963329522,1
a5_KO,111,-3.8742987240061615e-05,1
a5_KO,112,-0.007048790453490477,1
a5_KO,113,0.00044460774242400034,1
a5_KO,114,-0.015025033429788618,1
a5_KO,115,0.002241305350379784,1
a5_KO,116,0.0021403215594101976,1
a5_KO,118,0.0010330066538355468,1
a5_KO,117,-0.00300164383788647,1
a5_KO,119,-0.008876210446293685,1
a5_KO,120,0.005801316786616675,1
a5_KO,121,-0.008591332314658636,1
a5_KO,122,-0.004783276866350358,1
a5_KO,123,0.06958024966040202,1
a5_KO,125,-0.007532315341957676,1
a5_KO,124,0.004295226766638906,1
a5_KO,126,0.0011613987612904546,1
a5_KO,127,-0.008209196066073428,1
a5_KO,128,-0.0019158481406189405,1
a5_KO,130,0.003890888752203383,1
a5_KO,129,-0.0033168680246507026,1
a5_KO,131,0.0056473960003937665,1
a5_KO,132,-0.008050240705216696,1
a5_KO,133,-0.00880296508646514,1
a5_KO,134,-0.0011746707952524286,1
a5_KO,135,0.001331518670884237,1
a5_KO,136,-0.007105893140722634,1
a5_KO,137,0.00018416608257567117,1
a5_KO,138,-0.006958169321058763,1
a5_KO,140,-0.003815398784124932,1
a5_KO,141,0.044924229217132815,1
a5_KO,139,0.0007933417344237199,1
a5_KO,142,0.0005474547383298676,1
a5_KO,143,0.002049338812338197,1
a5_KO,145,-0.0012939043923503126,1
a5_KO,144,-0.00140704176739125,1
a5_KO,146,0.0008327523590977434,1
a5_KO,147,-0.0004788866655758929,1
a5_KO,148,-0.007378988929447864,1
a5_KO,149,0.0008730874579425882,1
a5_KO,150,-0.0005112972148049257,1
a5_KO,151,-0.005953855796302995,1
a5_KO,152,0.0010454306374958074,1
a5_KO,153,-0.0019699749875361516,1
a5_KO,154,-0.004873003625151757,1
a5_KO,155,0.0007244264027047359,1
a5_KO,156,-1.8240795947662297e-05,1
a5_KO,157,-0.0004416304121082415,1
a5_KO,158,0.006448249567490167,1
a5_KO,159,0.0007040877698847202,1
a5_KO,160,0.004875738625469557,1
a5_KO,161,-0.0008629934070691177,1
a5_KO,162,-0.006361382166455505,1
a5_KO,163,-0.0020029649902672704,1
a5_KO,164,-0.0026810128169641634,1
a5_KO,165,-0.00042789169505252315,1
a5_KO,166,0.003920184840229344,1
a5_KO,167,0.003980492214792443,1
a5_KO,169,-0.0005614183201944544,1
a5_KO,168,-0.004577535983442844,1
a5_KO,170,-0.0025321663073995006,1
a5_KO,171,-0.0038274662444241735,1
a5_KO,172,0.00043337005288816236,1
a5_KO,173,-0.010994507106962627,1
a5_KO,174,-0.010799083842885363,1
a5_KO,175,-0.002379946450218247,1
a5_KO,176,-0.0035234088890938077,1
a5_KO,177,-0.0054735427767574315,1
a5_KO,178,0.002430145918292129,1
a5_KO,180,-0.0022316386586290877,1
a5_KO,179,0.00040548373175576416,1
a5_KO,181,-0.0005098173635238462,1
a5_KO,182,0.010157302374274391,1
a5_KO,183,-0.006703380746201609,1
a5_KO,184,0.005626539310328792,1
a5_KO,185,0.0018319167903204931,1
a5_KO,186,-0.002403210129716835,1
a5_KO,187,-0.003641974304857435,1
a5_KO,188,0.0021787860559337948,1
a5_KO,189,0.0006076171605382481,1
a5_KO,190,-0.00867722251385441,1
a5_KO,191,-0.014434677779790498,1
a5_KO,192,-0.007228365628047728,1
a5_KO,193,-0.007538719066784002,1
a5_KO,194,0.00881868719805633,1
a5_KO,195,0.007898349827055031,1
a5_KO,197,0.0037627724061419115,1
a5_KO,196,-0.0017126818003177695,1
a5_KO,199,0.009651561906706116,1
a5_KO,200,0.03218748582333547,1
a5_KO,198,0.0014872612032587086,1
a5_KO,201,0.015640421088402683,1
a5_KO,203,0.0029918861780989956,1
a5_KO,202,-0.006593088619401619,1
a5_KO,204,0.003823368093330554,1
a5_KO,205,-0.0011588534079320892,1
a5_KO,207,-0.0025198339441205053,1
a5_KO,206,-0.0010564580478648795,1
a5_KO,209,0.00024173806833529857,1
a5_KO,208,0.0023181902170983284,1
a5_KO,210,-0.004530066393339838,1
a5_KO,211,0.0017015515766102864,1
a5_KO,212,0.0016041000414788406,1
a5_KO,213,-0.01949836695313622,1
a5_KO,214,-0.0037055857686523813,1
a5_KO,215,0.006081112790737748,1
a5_KO,216,-0.045541125064955945,1
a5_KO,217,0.00018985599304672626,1
a5_KO,219,-0.0073269142140689,1
a5_KO,218,-0.007033292103742681,1
a5_KO,220,0.0027519704080341085,1
a5_KO,221,0.016296044374293817,1
a5_KO,223,-0.0078085569787191295,1
a5_KO,222,0.006073192001580792,1
a5_KO,224,0.0013588494212996524,1
a5_KO,225,-0.0059561024115337945,1
a5_KO,226,-0.0011231500018926786,1
a5_KO,227,-0.0036891508747068586,1
a5_KO,228,-0.0008939077312416821,1
a5_KO,230,0.002787689948314974,1
a5_KO,229,-0.01787982608687584,1
a5_KO,231,-0.0038419370962372392,1
a5_KO,232,0.0034268738212012723,1
a5_KO,234,-0.004355302110806996,1
a5_KO,233,0.0011867791803339787,1
a5_KO,235,-0.001086671805684754,1
a5_KO,236,-0.0019929118569244437,1
a5_KO,237,-0.0060367814254666165,1
a5_KO,239,0.004335598544276448,1
a5_KO,238,-0.010999330512841262,1
a5_KO,240,0.0014769405850636155,1
a5_KO,241,-0.0057866658851043135,1
a5_KO,242,0.01023048242334633,1
a5_KO,243,-0.004357915596277525,1
a5_KO,244,0.01194987770711274,1
a5_KO,245,-0.0040093169548178305,1
a5_KO,246,0.0029737155285469445,1
a5_KO,247,0.006379365775296404,1
a5_KO,248,0.009281623827614894,1
a5_KO,249,0.006776271674176449,1
a5_KO,250,6.803367705050594e-06,1
a5_KO,251,-0.0016866776354185545,1
a5_KO,252,-0.004537399727329797,1
a5_KO,253,0.0025644303276601364,1
a5_KO,255,-0.005020016068571797,1
a5_KO,254,0.006804210935412521,1
a5_KO,256,-0.01550615909192007,1
a5_KO,257,-0.0007934217456022865,1
a5_KO,258,-0.0026262009136564443,1
a5_KO,259,-0.00205591855837326,1
a5_KO,260,-0.0018739880975810754,1
a5_KO,261,0.0017365399772657532,1
a5_KO,262,-0.002347695318633847,1
a5_KO,263,-0.0037890281978258623,1
a5_KO,264,0.02375113110627675,1
a5_KO,265,0.0031952639650086115,1
a5_KO,266,0.0036230364884684415,1
a5_KO,267,-0.00407837303147569,1
a5_KO,268,0.0025700475471137243,1
a5_KO,269,0.004624954103189217,1
a5_KO,270,-0.001769741376479775,1
a5_KO,271,-0.0008698594951852646,1
a5_KO,272,-0.0018593959036375795,1
a5_KO,273,0.0037783389813320686,1
a5_KO,274,-0.00246109964055531,1
a5_KO,275,0.018242300694035422,1
a5_KO,276,-0.0030598825902187427,1
a5_KO,277,-0.010180670808954522,1
a5_KO,278,-0.00014217665686336358,1
a5_KO,279,-0.0015582991369719069,1
a5_KO,280,0.0016457426457177962,1
a5_KO,281,0.007133739144991224,1
a5_KO,283,0.0062092443547101485,1
a5_KO,282,0.0015296947366657426,1
a5_KO,284,0.0008815994915793901,1
a5_KO,285,6.474347938739714e-05,1
a5_KO,286,0.0018106370025162402,1
a5_KO,288,-0.007194177762624255,1
a5_KO,287,0.0048894236247887055,1
a5_KO,289,-0.00013262548229892008,1
a5_KO,290,-0.005265619915352577,1
a5_KO,291,-0.01316201769101719,1
a5_KO,292,0.006803952090829657,1
a5_KO,293,0.002180379439200673,1
a5_KO,294,0.0003098284126161199,1
a5_KO,295,0.0012210712769362508,1
a5_KO,296,0.0012269813806683471,1
a5_KO,298,0.000729062254149027,1
a5_KO,297,0.003847205295385524,1
a5_KO,299,0.01792694203715959,1
a5_KO_APP,0,-0.030519574722327202,1
a5_KO_APP,1,0.0016087675192138844,1
a5_KO_APP,2,-0.0030239667140683907,1
a5_KO_APP,3,0.005000552114446066,1
a5_KO_APP,4,0.010698007711406042,1
a5_KO_APP,5,0.0009080907443572973,1
a5_KO_APP,6,-0.02209697835634625,1
a5_KO_APP,9,0.025296529205672727,1
a5_KO_APP,7,-0.00013746894389026612,1
a5_KO_APP,8,-0.003511324919960103,1
a5_KO_APP,10,-0.006321316349247322,1
a5_KO_APP,11,0.05396961347692985,1
a5_KO_APP,13,0.0287599447440768,1
a5_KO_APP,12,0.0949768003459518,1
a5_KO_APP,14,0.007957511337050931,1
a5_KO_APP,15,0.028459858663544477,1
a5_KO_APP,16,0.00047600864187162,1
a5_KO_APP,17,0.016088667201240883,1
a5_KO_APP,18,-0.03017394513550721,1
a5_KO_APP,19,-0.006336728888265923,1
a5_KO_APP,20,0.019594099654738708,1
a5_KO_APP,21,0.0055250450511976044,1
a5_KO_APP,22,0.013867261924222309,1
a5_KO_APP,23,-0.010777701267288914,1
a5_KO_APP,24,-0.003786283476435288,1
a5_KO_APP,25,0.0005759347270158896,1
a5_KO_APP,26,0.04018257957856619,1
a5_KO_APP,27,-0.010443163632180254,1
a5_KO_APP,29,-0.020477068044737895,1
a5_KO_APP,28,4.743442207378203e-05,1
a5_KO_APP,30,0.018584418788416126,1
a5_KO_APP,31,0.004303539694422983,1
a5_KO_APP,33,-0.011461278978766509,1
a5_KO_APP,32,-0.006693742754071581,1
a5_KO_APP,34,0.007539706195821049,1
a5_KO_APP,35,-0.00939566972797337,1
a5_KO_APP,36,0.004516448101040802,1
a5_KO_APP,37,-0.016233395269605058,1
a5_KO_APP,39,0.04037366473762978,1
a5_KO_APP,38,0.011703256956315985,1
a5_KO_APP,40,-0.0059079933314223135,1
a5_KO_APP,41,-0.014068167941509113,1
a5_KO_APP,42,-0.05208973453873516,1
a5_KO_APP,43,-0.014534254921395331,1
a5_KO_APP,44,0.021057303894626178,1
a5_KO_APP,45,0.005307581432435444,1
a5_KO_APP,46,-0.03966455353627362,1
a5_KO_APP,49,0.04813964975247992,1
a5_KO_APP,48,0.04518370412812427,1
a5_KO_APP,47,-0.014322546381295648,1
a5_KO_APP,50,0.0010525067928520006,1
a5_KO_APP,51,-0.024241167361830362,1
a5_KO_APP,52,0.010277933263316155,1
a5_KO_APP,53,0.013130130661444948,1
a5_KO_APP,54,0.03837620823082687,1
a5_KO_APP,55,-0.03195124196553457,1
a5_KO_APP,56,-0.050385831744277375,1
a5_KO_APP,58,-0.008279352479184888,1
a5_KO_APP,57,0.05179027876098828,1
a5_KO_APP,59,0.00610713279533361,1
a5_KO_APP,60,0.016406538137777503,1
a5_KO_APP,61,-0.04222109791660834,1
a5_KO_APP,62,-0.005787176949072861,1
a5_KO_APP,63,0.022309002395129784,1
a5_KO_APP,64,-0.01691815973384306,1
a5_KO_APP,65,-0.003199507760825538,1
a5_KO_APP,66,-0.009961351812194041,1
a5_KO_APP,68,-0.014786083319100678,1
a5_KO_APP,67,0.01996745961579496,1
a5_KO_APP,69,0.08472491633757158,1
a5_KO_APP,70,-0.008025677924112799,1
a5_KO_APP,71,-0.030437760569700788,1
a5_KO_APP,72,0.0032349294473765938,1
a5_KO_APP,73,0.02634762626618471,1
a5_KO_APP,74,-0.004315649276665315,1
a5_KO_APP,75,-0.014651508495243928,1
a5_KO_APP,76,-0.032044545787370454,1
a5_KO_APP,77,0.07392007297787773,1
a5_KO_APP,78,-0.0907429972546531,1
a5_KO_APP,79,-0.011070403134727038,1
a5_KO_APP,80,0.02169155291390369,1
a5_KO_APP,81,0.08906630759357138,1
a5_KO_APP,83,0.009635091079769802,1
a5_KO_APP,82,-0.007016127700727645,1
a5_KO_APP,84,-0.02232502843304567,1
a5_KO_APP,85,0.042065396968943104,1
a5_KO_APP,86,0.00826128066305412,1
a5_KO_APP,88,-0.0012324728821843742,1
a5_KO_APP,87,0.016252079807280103,1
a5_KO_APP,89,-0.015105015961506296,1
a5_KO_APP,90,0.002009241713280611,1
a5_KO_APP,91,0.01022790351058152,1
a5_KO_APP,92,-0.002904944691971583,1
a5_KO_APP,93,0.0024676762667461194,1
a5_KO_APP,94,0.004321127210800181,1
a5_KO_APP,95,0.005982890152438553,1
a5_KO_APP,96,0.009803340080793088,1
a5_KO_APP,98,-0.10145725349486877,1
a5_KO_APP,97,0.07874889336832687,1
a5_KO_APP,99,-0.013289769868452966,1
a5_KO_APP,100,-0.005377623312907714,1
a5_KO_APP,101,0.003486855179062525,1
a5_KO_APP,102,-0.04851264798607525,1
a5_KO_APP,103,-0.0476222159072306,1
a5_KO_APP,104,-0.039781984342613395,1
a5_KO_APP,105,0.015255403518514109,1
a5_KO_APP,106,-0.07259193047100398,1
a5_KO_APP,107,-0.0015936741405117925,1
a5_KO_APP,109,-0.020989299083043183,1
a5_KO_APP,108,0.018321174277247977,1
a5_KO_APP,110,0.0004471477417383926,1
a5_KO_APP,111,-0.0008996840291909959,1
a5_KO_APP,112,0.00950297480786305,1
a5_KO_APP,113,0.003945797095017931,1
a5_KO_APP,114,-0.11394340431881479,1
a5_KO_APP,115,0.003736751959474393,1
a5_KO_APP,116,-0.0059884845726075175,1
a5_KO_APP,117,-0.021848353889025278,1
a5_KO_APP,118,-0.0014391177173570164,1
a5_KO_APP,119,0.006292948551981467,1
a5_KO_APP,120,0.0013538117693137855,1
a5_KO_APP,121,-0.005765665875581393,1
a5_KO_APP,122,-0.001299396331001775,1
a5_KO_APP,123,-0.08883002775250148,1
a5_KO_APP,124,0.0009683793825526574,1
a5_KO_APP,125,-0.05119474838386574,1
a5_KO_APP,126,0.008434561058996214,1
a5_KO_APP,127,-0.014727510066484002,1
a5_KO_APP,128,-0.011851560028572664,1
a5_KO_APP,129,0.0010039816260124256,1
a5_KO_APP,130,0.014349621190643848,1
a5_KO_APP,131,-0.008945933978585001,1
a5_KO_APP,132,0.03212126789034818,1
a5_KO_APP,133,-0.003541729716041253,1
a5_KO_APP,134,0.0012738282420061604,1
a5_KO_APP,135,0.0031393547769767854,1
a5_KO_APP,137,0.03424742073631483,1
a5_KO_APP,136,0.012014837676196086,1
a5_KO_APP,138,0.0015247129408941919,1
a5_KO_APP,139,0.014761989202347092,1
a5_KO_APP,140,0.003907650222755599,1
a5_KO_APP,141,0.026607226108269946,1
a5_KO_APP,142,-0.013113599905937547,1
a5_KO_APP,143,-0.0003170642425803196,1
a5_KO_APP,144,0.012538865348661157,1
a5_KO_APP,145,0.010891834291462224,1
a5_KO_APP,146,-0.013862972413911278,1
a5_KO_APP,147,0.0007549190913789534,1
a5_KO_APP,148,0.0046520129273240314,1
a5_KO_APP,149,0.008305570547302096,1
a5_KO_APP,150,-3.761212784284866e-05,1
a5_KO_APP,151,-0.0031291322284627407,1
a5_KO_APP,152,0.000713536531199087,1
a5_KO_APP,153,0.036105334736857335,1
a5_KO_APP,154,-0.01865590448583349,1
a5_KO_APP,155,-0.04641870771189482,1
a5_KO_APP,156,0.01564656239591635,1
a5_KO_APP,158,0.005981123098672737,1
a5_KO_APP,157,0.000214312753744427,1
a5_KO_APP,159,0.0021334283223846226,1
a5_KO_APP,160,0.018154620103054134,1
a5_KO_APP,161,-0.015442559095983972,1
a5_KO_APP,162,-0.01523007606430625,1
a5_KO_APP,163,0.0010232246295997685,1
a5_KO_APP,164,-0.08932364894721163,1
a5_KO_APP,165,-0.010281774225725456,1
a5_KO_APP,166,0.014439751060706128,1
a5_KO_APP,167,-0.07660825102605928,1
a5_KO_APP,168,0.0006165155216997669,1
a5_KO_APP,169,0.07032708042204629,1
a5_KO_APP,170,0.05155142517278148,1
a5_KO_APP,172,0.005291703543942398,1
a5_KO_APP,171,-0.019833883994538937,1
a5_KO_APP,173,0.0014797349941989787,1
a5_KO_APP,174,0.02765284011219836,1
a5_KO_APP,175,-0.015320198802241823,1
a5_KO_APP,176,0.002529857240323643,1
a5_KO_APP,177,0.030237947478175178,1
a5_KO_APP,178,0.027959650453628807,1
a5_KO_APP,179,0.003051119500566826,1
a5_KO_APP,180,0.028594073701757993,1
a5_KO_APP,182,-0.01821185136265718,1
a5_KO_APP,181,0.003405713874585529,1
a5_KO_APP,183,0.001298240713378144,1
a5_KO_APP,185,0.00225340997655459,1
a5_KO_APP,184,0.068896163267802,1
a5_KO_APP,186,0.0013080804313491778,1
a5_KO_APP,187,-0.04948914590444663,1
a5_KO_APP,188,0.009967541054941423,1
a5_KO_APP,189,-0.041857373927495556,1
a5_KO_APP,190,0.004131885574026504,1
a5_KO_APP,191,0.011209568514044083,1
a5_KO_APP,192,0.01780632968772373,1
a5_KO_APP,193,0.033783695066914,1
a5_KO_APP,195,-0.007221543408151858,1
a5_KO_APP,194,-0.01860295813341374,1
a5_KO_APP,196,-0.02409662321270464,1
a5_KO_APP,197,-0.00929051307452803,1
a5_KO_APP,198,0.02993427399559198,1
a5_KO_APP,199,-0.025805812619635868,1
a5_KO_APP,200,-0.02304983456392949,1
a5_KO_APP,201,0.01685722447501374,1
a5_KO_APP,202,-0.031358999546811976,1
a5_KO_APP,203,0.01753300815521154,1
a5_KO_APP,204,0.03230453132501692,1
a5_KO_APP,205,-0.0016886883912481732,1
a5_KO_APP,206,-0.002839713614620856,1
a5_KO_APP,207,-0.03598197095750319,1
a5_KO_APP,208,-0.002971207602709293,1
a5_KO_APP,209,0.001481444169070368,1
a5_KO_APP,210,-0.02368106966895541,1
a5_KO_APP,211,-0.0012080865273646575,1
a5_KO_APP,212,0.01162944227961668,1
a5_KO_APP,213,-0.0036298535670103906,1
a5_KO_APP,215,0.009937285407231728,1
a5_KO_APP,214,-0.02358554401301513,1
a5_KO_APP,217,-0.09734201136513225,1
a5_KO_APP,216,0.017309258171648134,1
a5_KO_APP,218,0.015783668319666492,1
a5_KO_APP,219,0.005333088207054131,1
a5_KO_APP,220,0.01167415860973568,1
a5_KO_APP,222,0.001758024527221177,1
a5_KO_APP,221,0.018763106318938766,1
a5_KO_APP,223,0.008747414247458165,1
a5_KO_APP,225,0.021446555575797117,1
a5_KO_APP,224,9.993461707125811e-05,1
a5_KO_APP,226,0.04084537795264622,1
a5_KO_APP,227,0.045057158206355766,1
a5_KO_APP,228,0.0019242787880343316,1
a5_KO_APP,229,-0.08799642989510277,1
a5_KO_APP,230,0.03197513814810088,1
a5_KO_APP,232,-0.007650477142126227,1
a5_KO_APP,231,-0.007821057387851497,1
a5_KO_APP,233,0.0009903036770924512,1
a5_KO_APP,234,-0.09395343148720456,1
a5_KO_APP,235,-0.010155788239819843,1
a5_KO_APP,236,-0.018480209309549148,1
a5_KO_APP,237,0.016606738061823584,1
a5_KO_APP,238,-0.04141308453877395,1
a5_KO_APP,239,0.01210977466103059,1
a5_KO_APP,240,-0.04092774213660836,1
a5_KO_APP,242,0.015501435526070109,1
a5_KO_APP,241,0.01102769296504503,1
a5_KO_APP,243,-0.0093376310145159,1
a5_KO_APP,244,0.011013897761210947,1
a5_KO_APP,246,-0.008559529548488458,1
a5_KO_APP,247,-0.011933195754295115,1
a5_KO_APP,245,0.003172750044178861,1
a5_KO_APP,248,0.002565894745592235,1
a5_KO_APP,249,0.0005648699952039631,1
a5_KO_APP,250,0.010807327492158146,1
a5_KO_APP,251,-0.0019517350083040428,1
a5_KO_APP,252,-0.011259764187181897,1
a5_KO_APP,253,-0.006184364286763671,1
a5_KO_APP,254,-0.0670394205860857,1
a5_KO_APP,255,0.01872501197882944,1
a5_KO_APP,256,0.020618198444195237,1
a5_KO_APP,257,0.02830711088922064,1
a5_KO_APP,258,0.004526212425667889,1
a5_KO_APP,259,-0.00102651698510384,1
a5_KO_APP,260,0.011882355914868335,1
a5_KO_APP,262,0.0017394487917163418,1
a5_KO_APP,261,0.01725143651679879,1
a5_KO_APP,263,-0.013960813206418081,1
a5_KO_APP,264,0.0008501707358924259,1
a5_KO_APP,265,0.016140367726956904,1
a5_KO_APP,267,0.010664930596310088,1
a5_KO_APP,266,0.03074585855299447,1
a5_KO_APP,268,0.002400300268329423,1
a5_KO_APP,269,0.03295086554817035,1
a5_KO_APP,270,-0.012458045932195252,1
a5_KO_APP,271,-0.006682998157937785,1
a5_KO_APP,272,0.004623506908545941,1
a5_KO_APP,273,0.01673952069672876,1
a5_KO_APP,274,0.0051459518462666515,1
a5_KO_APP,275,-0.005039798094195671,1
a5_KO_APP,276,-0.033543347227324855,1
a5_KO_APP,277,-0.03319214454178215,1
a5_KO_APP,278,-0.028900758346089874,1
a5_KO_APP,279,0.04685780003271614,1
a5_KO_APP,280,0.0254783643615001,1
a5_KO_APP,282,0.029565203169770307,1
a5_KO_APP,281,-0.026567234179825233,1
a5_KO_APP,283,0.020103515101847012,1
a5_KO_APP,284,0.04755493271421895,1
a5_KO_APP,285,0.0005336748955062293,1
a5_KO_APP,286,-0.0675991588945762,1
a5_KO_APP,287,0.10958018456861775,1
a5_KO_APP,289,0.01736060256999492,1
a5_KO_APP,288,-0.0005907470007127913,1
a5_KO_APP,290,0.01638883500281797,1
a5_KO_APP,291,0.007920608410741287,1
a5_KO_APP,292,0.01602388711674788,1
a5_KO_APP,293,-0.024816814002879755,1
a5_KO_APP,294,-0.012547183303197406,1
a5_KO_APP,295,0.012125292339848852,1
a5_KO_APP,296,0.0019095636204376316,1
a5_KO_APP,297,-0.025692975125890184,1
a5_KO_APP,298,0.01320950162559992,1
a5_KO_APP,299,-0.0025913545430875,1
