condition,amplitude,w_inter,trial_idx,seed,ref_amplitude,end_val_normalized
WT,10.0,8.0,0,1168784116,0.5453722287599665,0.10025851364150583
WT,10.0,8.0,1,921289450,0.5428001679005191,0.10025851364150583
WT,10.0,8.0,2,1293255992,0.5493917400815572,0.10025851364150583
WT,10.0,8.0,3,1702858716,0.5483349727188894,0.10025851364150583
WT,10.0,8.0,4,1895310323,0.545181780495145,0.10025851364150583
WT,10.0,8.0,5,211694680,0.5449872952303716,0.10025851364150583
WT,10.0,8.0,6,280584697,0.524675772049264,0.10025851364150583
WT,10.0,8.0,7,617447500,0.5231377320601465,0.10025851364150583
WT,10.0,8.0,8,1249765968,0.5058417572193104,0.10025851364150583
WT,10.0,8.0,9,1504658074,0.5450138111336361,0.10025851364150583
WT,10.0,8.0,10,1008898872,0.5481053892707975,0.10025851364150583
WT,10.0,8.0,11,794319243,0.538040733679336,0.10025851364150583
WT,10.0,8.0,12,204008863,0.521259470652582,0.10025851364150583
WT,10.0,8.0,13,1880439445,0.5363419003339192,0.10025851364150583
WT,10.0,8.0,14,1306372712,0.5281991415333022,0.10025851364150583
WT,10.0,8.0,15,2122084012,0.5383006127221243,0.10025851364150583
WT,10.0,8.0,16,1976297044,0.5192677675016099,0.10025851364150583
WT,10.0,8.0,17,784548992,0.5087073619169126,0.10025851364150583
WT,10.0,8.0,18,2121403537,0.5351546387403439,0.10025851364150583
WT,10.0,8.0,19,347016859,0.53874363319426,0.10025851364150583
WT,10.0,8.0,20,527842052,0.5165376698322269,0.10025851364150583
WT,10.0,8.0,21,215409799,0.5337206204271197,0.10025851364150583
WT,10.0,8.0,22,350632298,0.5417783518032615,0.10025851364150583
WT,10.0,8.0,23,2071774379,0.5427190761213122,0.10025851364150583
WT,10.0,8.0,24,1492822048,0.5432334242087764,0.10025851364150583
WT,10.0,8.0,25,199233221,0.530185813274116,0.10025851364150583
WT,10.0,8.0,26,1395966768,0.5583805316117565,0.10025851364150583
WT,10.0,8.0,27,786556690,0.5394065152920782,0.10025851364150583
WT,10.0,8.0,28,649984770,0.5344065912371925,0.10025851364150583
WT,10.0,8.0,29,337723248,0.5383560522436652,0.10025851364150583
WT,10.0,8.0,30,1094264184,0.536245167004119,0.10025851364150583
WT,10.0,8.0,31,2089154132,0.5023411342285773,0.10025851364150583
WT,10.0,8.0,32,1584690825,0.541493105183717,0.10025851364150583
WT,10.0,8.0,33,795962858,0.5069367725108783,0.10025851364150583
WT,10.0,8.0,34,827737825,0.5237592391769903,0.10025851364150583
WT,10.0,8.0,35,234713593,0.5536735842850313,0.10025851364150583
WT,10.0,8.0,36,885327366,0.5361872503888422,0.10025851364150583
WT,10.0,8.0,37,928832081,0.5360042267169266,0.10025851364150583
WT,10.0,8.0,38,1947615286,0.5395607207940245,0.10025851364150583
WT,10.0,8.0,39,20360091,0.5500956810192588,0.10025851364150583
WT,10.0,8.0,40,1806363173,0.5358953977210262,0.10025851364150583
WT,10.0,8.0,41,1312343691,0.5243518754873537,0.10025851364150583
WT,10.0,8.0,42,1762120781,0.5359645407472798,0.10025851364150583
WT,10.0,8.0,43,1700607009,0.5376339383958337,0.10025851364150583
WT,10.0,8.0,44,1634649145,0.5480837532365419,0.10025851364150583
WT,10.0,8.0,45,1036024353,0.5535946779716974,0.10025851364150583
WT,10.0,8.0,46,261494503,0.525757366533024,0.10025851364150583
WT,10.0,8.0,47,2001682155,0.514282794707459,0.10025851364150583
WT,10.0,8.0,48,1311960750,0.5208589462494253,0.10025851364150583
WT,10.0,8.0,49,295114914,0.5358076004500303,0.10025851364150583
WT,15.0,8.0,0,1168784116,0.6026335938314505,0.09072170832424366
WT,15.0,8.0,1,921289450,0.5944829141458006,0.09072170832424366
WT,15.0,8.0,2,1293255992,0.610762737869861,0.09072170832424366
WT,15.0,8.0,3,1702858716,0.6105855715601336,0.09072170832424366
WT,15.0,8.0,4,1895310323,0.6085117192542433,0.09072170832424366
WT,15.0,8.0,5,211694680,0.5929949413083747,0.09072170832424366
WT,15.0,8.0,6,280584697,0.5846717504897639,0.09072170832424366
WT,15.0,8.0,7,617447500,0.5767123333373406,0.09072170832424366
WT,15.0,8.0,8,1249765968,0.5564118667084261,0.09072170832424366
WT,15.0,8.0,9,1504658074,0.6148624695026321,0.09072170832424366
WT,15.0,8.0,10,1008898872,0.5951905117556676,0.09072170832424366
WT,15.0,8.0,11,794319243,0.5816134033510223,0.09072170832424366
WT,15.0,8.0,12,204008863,0.5734246932905068,0.09072170832424366
WT,15.0,8.0,13,1880439445,0.5818497193753689,0.09072170832424366
WT,15.0,8.0,14,1306372712,0.5906101557366742,0.09072170832424366
WT,15.0,8.0,15,2122084012,0.5988532109814522,0.09072170832424366
WT,15.0,8.0,16,1976297044,0.5655137398206995,0.09072170832424366
WT,15.0,8.0,17,784548992,0.5774020895512522,0.09072170832424366
WT,15.0,8.0,18,2121403537,0.5950243703704271,0.09072170832424366
WT,15.0,8.0,19,347016859,0.6016629897771388,0.09072170832424366
WT,15.0,8.0,20,527842052,0.5823820800169078,0.09072170832424366
WT,15.0,8.0,21,215409799,0.5914017630661328,0.09072170832424366
WT,15.0,8.0,22,350632298,0.6001106808820691,0.09072170832424366
WT,15.0,8.0,23,2071774379,0.5960710038397065,0.09072170832424366
WT,15.0,8.0,24,1492822048,0.5991183053788414,0.09072170832424366
WT,15.0,8.0,25,199233221,0.5892344440054795,0.09072170832424366
WT,15.0,8.0,26,1395966768,0.6183916175543509,0.09072170832424366
WT,15.0,8.0,27,786556690,0.5872869892325856,0.09072170832424366
WT,15.0,8.0,28,649984770,0.606541622501374,0.09072170832424366
WT,15.0,8.0,29,337723248,0.6130600707007572,0.09072170832424366
WT,15.0,8.0,30,1094264184,0.5894829853674655,0.09072170832424366
WT,15.0,8.0,31,2089154132,0.5513491257562745,0.09072170832424366
WT,15.0,8.0,32,1584690825,0.6009410184286437,0.09072170832424366
WT,15.0,8.0,33,795962858,0.6036036573471114,0.09072170832424366
WT,15.0,8.0,34,827737825,0.5863595992655367,0.09072170832424366
WT,15.0,8.0,35,234713593,0.61303179396282,0.09072170832424366
WT,15.0,8.0,36,885327366,0.592098800513283,0.09072170832424366
WT,15.0,8.0,37,928832081,0.5968411932416778,0.09072170832424366
WT,15.0,8.0,38,1947615286,0.6013926261022225,0.09072170832424366
WT,15.0,8.0,39,20360091,0.5981656977786767,0.09072170832424366
WT,15.0,8.0,40,1806363173,0.59054396641807,0.09072170832424366
WT,15.0,8.0,41,1312343691,0.5837876561121498,0.09072170832424366
WT,15.0,8.0,42,1762120781,0.6091670909683798,0.09072170832424366
WT,15.0,8.0,43,1700607009,0.5974222374641234,0.09072170832424366
WT,15.0,8.0,44,1634649145,0.6021509578893665,0.09072170832424366
WT,15.0,8.0,45,1036024353,0.6165183699377657,0.09072170832424366
WT,15.0,8.0,46,261494503,0.5955698559081806,0.09072170832424366
WT,15.0,8.0,47,2001682155,0.5647648066796355,0.09072170832424366
WT,15.0,8.0,48,1311960750,0.5918009406109787,0.09072170832424366
WT,15.0,8.0,49,295114914,0.6131073263708466,0.09072170832424366
WT,20.0,8.0,0,1168784116,0.6086232770633285,0.158975417624645
WT,20.0,8.0,1,921289450,0.6064098126636105,0.158975417624645
WT,20.0,8.0,2,1293255992,0.5941444997026397,0.158975417624645
WT,20.0,8.0,3,1702858716,0.5968197069662642,0.158975417624645
WT,20.0,8.0,4,1895310323,0.5957142239091426,0.158975417624645
WT,20.0,8.0,5,211694680,0.6077634593871903,0.158975417624645
WT,20.0,8.0,6,280584697,0.5935083926572552,0.158975417624645
WT,20.0,8.0,7,617447500,0.5864811130647397,0.158975417624645
WT,20.0,8.0,8,1249765968,0.5821054741040593,0.158975417624645
WT,20.0,8.0,9,1504658074,0.6079145842406031,0.158975417624645
WT,20.0,8.0,10,1008898872,0.5976634228621794,0.158975417624645
WT,20.0,8.0,11,794319243,0.6002665026736437,0.158975417624645
WT,20.0,8.0,12,204008863,0.5982367384063467,0.158975417624645
WT,20.0,8.0,13,1880439445,0.5958449942399591,0.158975417624645
WT,20.0,8.0,14,1306372712,0.5915059895743676,0.158975417624645
WT,20.0,8.0,15,2122084012,0.5944192280654105,0.158975417624645
WT,20.0,8.0,16,1976297044,0.5803734313637225,0.158975417624645
WT,20.0,8.0,17,784548992,0.6108130932883018,0.158975417624645
WT,20.0,8.0,18,2121403537,0.5995923979268355,0.158975417624645
WT,20.0,8.0,19,347016859,0.6235701172878452,0.158975417624645
WT,20.0,8.0,20,527842052,0.596850713666841,0.158975417624645
WT,20.0,8.0,21,215409799,0.5924286926168502,0.158975417624645
WT,20.0,8.0,22,350632298,0.6012876322341176,0.158975417624645
WT,20.0,8.0,23,2071774379,0.6106356444793866,0.158975417624645
WT,20.0,8.0,24,1492822048,0.611124954370948,0.158975417624645
WT,20.0,8.0,25,199233221,0.6014749880333684,0.158975417624645
WT,20.0,8.0,26,1395966768,0.6100848949128399,0.158975417624645
WT,20.0,8.0,27,786556690,0.5901126767568844,0.158975417624645
WT,20.0,8.0,28,649984770,0.5942982969973083,0.158975417624645
WT,20.0,8.0,29,337723248,0.5961156670147414,0.158975417624645
WT,20.0,8.0,30,1094264184,0.5930807269211148,0.158975417624645
WT,20.0,8.0,31,2089154132,0.5827712264878813,0.158975417624645
WT,20.0,8.0,32,1584690825,0.5816946540029378,0.158975417624645
WT,20.0,8.0,33,795962858,0.6016815502445954,0.158975417624645
WT,20.0,8.0,34,827737825,0.585619796166424,0.158975417624645
WT,20.0,8.0,35,234713593,0.6053158605170514,0.158975417624645
WT,20.0,8.0,36,885327366,0.5927522363286283,0.158975417624645
WT,20.0,8.0,37,928832081,0.5987140820068825,0.158975417624645
WT,20.0,8.0,38,1947615286,0.5936420554792697,0.158975417624645
WT,20.0,8.0,39,20360091,0.6030646302235371,0.158975417624645
WT,20.0,8.0,40,1806363173,0.6096863408658395,0.158975417624645
WT,20.0,8.0,41,1312343691,0.5927954024197841,0.158975417624645
WT,20.0,8.0,42,1762120781,0.6045422267421071,0.158975417624645
WT,20.0,8.0,43,1700607009,0.6057078113103437,0.158975417624645
WT,20.0,8.0,44,1634649145,0.6003542411153089,0.158975417624645
WT,20.0,8.0,45,1036024353,0.6203088353906788,0.158975417624645
WT,20.0,8.0,46,261494503,0.5889364417725061,0.158975417624645
WT,20.0,8.0,47,2001682155,0.5819717469818838,0.158975417624645
WT,20.0,8.0,48,1311960750,0.5871540859510698,0.158975417624645
WT,20.0,8.0,49,295114914,0.6149845955332592,0.158975417624645
WT,25.0,8.0,0,1168784116,0.6217760786509852,0.9516161352004197
WT,25.0,8.0,1,921289450,0.6263649471250252,0.9516161352004197
WT,25.0,8.0,2,1293255992,0.6176798209748268,0.9516161352004197
WT,25.0,8.0,3,1702858716,0.6188314628536381,0.9516161352004197
WT,25.0,8.0,4,1895310323,0.6150316203470759,0.9516161352004197
WT,25.0,8.0,5,211694680,0.6341595967999732,0.9516161352004197
WT,25.0,8.0,6,280584697,0.6177221795942098,0.9516161352004197
WT,25.0,8.0,7,617447500,0.6150339823119496,0.9516161352004197
WT,25.0,8.0,8,1249765968,0.6120508046387257,0.9516161352004197
WT,25.0,8.0,9,1504658074,0.6226359159090505,0.9516161352004197
WT,25.0,8.0,10,1008898872,0.6222696177575167,0.9516161352004197
WT,25.0,8.0,11,794319243,0.6242821903484894,0.9516161352004197
WT,25.0,8.0,12,204008863,0.6172762230406762,0.9516161352004197
WT,25.0,8.0,13,1880439445,0.6236052017405281,0.9516161352004197
WT,25.0,8.0,14,1306372712,0.6157016304061089,0.9516161352004197
WT,25.0,8.0,15,2122084012,0.6156758577851746,0.9516161352004197
WT,25.0,8.0,16,1976297044,0.6080146234331321,0.9516161352004197
WT,25.0,8.0,17,784548992,0.625255346521338,0.9516161352004197
WT,25.0,8.0,18,2121403537,0.6197427716758876,0.9516161352004197
WT,25.0,8.0,19,347016859,0.6307546504834417,0.9516161352004197
WT,25.0,8.0,20,527842052,0.6169543191942811,0.9516161352004197
WT,25.0,8.0,21,215409799,0.6174855804917115,0.9516161352004197
WT,25.0,8.0,22,350632298,0.6222665341000855,0.9516161352004197
WT,25.0,8.0,23,2071774379,0.6333023458951763,0.9516161352004197
WT,25.0,8.0,24,1492822048,0.6340698757923164,0.9516161352004197
WT,25.0,8.0,25,199233221,0.6208335798212842,0.9516161352004197
WT,25.0,8.0,26,1395966768,0.626175508174067,0.9516161352004197
WT,25.0,8.0,27,786556690,0.61257905211733,0.9516161352004197
WT,25.0,8.0,28,649984770,0.6137369354388578,0.9516161352004197
WT,25.0,8.0,29,337723248,0.6246807369250464,0.9516161352004197
WT,25.0,8.0,30,1094264184,0.6161376810114144,0.9516161352004197
WT,25.0,8.0,31,2089154132,0.6089489308199756,0.9516161352004197
WT,25.0,8.0,32,1584690825,0.609544190880228,0.9516161352004197
WT,25.0,8.0,33,795962858,0.6225804809530406,0.9516161352004197
WT,25.0,8.0,34,827737825,0.6136362782567041,0.9516161352004197
WT,25.0,8.0,35,234713593,0.6287707664203457,0.9516161352004197
WT,25.0,8.0,36,885327366,0.6178093602447895,0.9516161352004197
WT,25.0,8.0,37,928832081,0.621444058983112,0.9516161352004197
WT,25.0,8.0,38,1947615286,0.6169177101795246,0.9516161352004197
WT,25.0,8.0,39,20360091,0.6297609913370447,0.9516161352004197
WT,25.0,8.0,40,1806363173,0.6216541407544199,0.9516161352004197
WT,25.0,8.0,41,1312343691,0.6195134518959127,0.9516161352004197
WT,25.0,8.0,42,1762120781,0.621603134241812,0.9516161352004197
WT,25.0,8.0,43,1700607009,0.6137606745908634,0.9516161352004197
WT,25.0,8.0,44,1634649145,0.6259841624830785,0.9516161352004197
WT,25.0,8.0,45,1036024353,0.6297506073365344,0.9516161352004197
WT,25.0,8.0,46,261494503,0.615055269150666,0.9516161352004197
WT,25.0,8.0,47,2001682155,0.6094830442462208,0.9516161352004197
WT,25.0,8.0,48,1311960750,0.6168292323209971,0.9516161352004197
WT,25.0,8.0,49,295114914,0.6226609211973626,0.9516161352004197
WT,30.0,8.0,0,1168784116,0.6338563470945343,0.9511894618337726
WT,30.0,8.0,1,921289450,0.6503795284354904,0.9511894618337726
WT,30.0,8.0,2,1293255992,0.6364140671058802,0.9511894618337726
WT,30.0,8.0,3,1702858716,0.6287283312696862,0.9511894618337726
WT,30.0,8.0,4,1895310323,0.6271084910676297,0.9511894618337726
WT,30.0,8.0,5,211694680,0.6548565876289872,0.9511894618337726
WT,30.0,8.0,6,280584697,0.6397861359405147,0.9511894618337726
WT,30.0,8.0,7,617447500,0.6399074275007723,0.9511894618337726
WT,30.0,8.0,8,1249765968,0.6331616913391704,0.9511894618337726
WT,30.0,8.0,9,1504658074,0.6386936190022949,0.9511894618337726
WT,30.0,8.0,10,1008898872,0.6408638628847899,0.9511894618337726
WT,30.0,8.0,11,794319243,0.6429615870844952,0.9511894618337726
WT,30.0,8.0,12,204008863,0.6423675231393936,0.9511894618337726
WT,30.0,8.0,13,1880439445,0.6461281173887435,0.9511894618337726
WT,30.0,8.0,14,1306372712,0.6352210355327655,0.9511894618337726
WT,30.0,8.0,15,2122084012,0.6372024968136862,0.9511894618337726
WT,30.0,8.0,16,1976297044,0.6321049615671084,0.9511894618337726
WT,30.0,8.0,17,784548992,0.6463570273233745,0.9511894618337726
WT,30.0,8.0,18,2121403537,0.6421139535460128,0.9511894618337726
WT,30.0,8.0,19,347016859,0.6511475682741745,0.9511894618337726
WT,30.0,8.0,20,527842052,0.6271120844938575,0.9511894618337726
WT,30.0,8.0,21,215409799,0.6342566925864941,0.9511894618337726
WT,30.0,8.0,22,350632298,0.6354264543404583,0.9511894618337726
WT,30.0,8.0,23,2071774379,0.6536818026168575,0.9511894618337726
WT,30.0,8.0,24,1492822048,0.6537396134352338,0.9511894618337726
WT,30.0,8.0,25,199233221,0.6440783680304537,0.9511894618337726
WT,30.0,8.0,26,1395966768,0.6476384850331682,0.9511894618337726
WT,30.0,8.0,27,786556690,0.6245626677064203,0.9511894618337726
WT,30.0,8.0,28,649984770,0.635075478600145,0.9511894618337726
WT,30.0,8.0,29,337723248,0.648643832884015,0.9511894618337726
WT,30.0,8.0,30,1094264184,0.6377083713185338,0.9511894618337726
WT,30.0,8.0,31,2089154132,0.6186807525627809,0.9511894618337726
WT,30.0,8.0,32,1584690825,0.630689187869411,0.9511894618337726
WT,30.0,8.0,33,795962858,0.6409145836984749,0.9511894618337726
WT,30.0,8.0,34,827737825,0.6383662780664962,0.9511894618337726
WT,30.0,8.0,35,234713593,0.6489556066283276,0.9511894618337726
WT,30.0,8.0,36,885327366,0.6320861881032926,0.9511894618337726
WT,30.0,8.0,37,928832081,0.6371635175096969,0.9511894618337726
WT,30.0,8.0,38,1947615286,0.6377354113298969,0.9511894618337726
WT,30.0,8.0,39,20360091,0.6506692340839999,0.9511894618337726
WT,30.0,8.0,40,1806363173,0.6271000923959956,0.9511894618337726
WT,30.0,8.0,41,1312343691,0.6427862317831761,0.9511894618337726
WT,30.0,8.0,42,1762120781,0.6366903435527459,0.9511894618337726
WT,30.0,8.0,43,1700607009,0.6342538012726515,0.9511894618337726
WT,30.0,8.0,44,1634649145,0.6446751563553026,0.9511894618337726
WT,30.0,8.0,45,1036024353,0.65209532473154,0.9511894618337726
WT,30.0,8.0,46,261494503,0.6351120111268532,0.9511894618337726
WT,30.0,8.0,47,2001682155,0.6287228105627317,0.9511894618337726
WT,30.0,8.0,48,1311960750,0.6390420734321528,0.9511894618337726
WT,30.0,8.0,49,295114914,0.6443203089276028,0.9511894618337726
WT_APP,10.0,8.0,0,1168784116,0.4281850670848895,1.414784863091127
WT_APP,10.0,8.0,1,921289450,0.4308243538598882,1.414784863091127
WT_APP,10.0,8.0,2,1293255992,0.4357626008590257,1.414784863091127
WT_APP,10.0,8.0,3,1702858716,0.4294184346493964,1.414784863091127
WT_APP,10.0,8.0,4,1895310323,0.4294850573570646,1.414784863091127
WT_APP,10.0,8.0,5,211694680,0.42484268700383765,1.414784863091127
WT_APP,10.0,8.0,6,280584697,0.4341082637573206,1.414784863091127
WT_APP,10.0,8.0,7,617447500,0.41370347940145197,1.414784863091127
WT_APP,10.0,8.0,8,1249765968,0.41023078328299706,1.414784863091127
WT_APP,10.0,8.0,9,1504658074,0.42618228365053745,1.414784863091127
WT_APP,10.0,8.0,10,1008898872,0.4450904592326503,1.414784863091127
WT_APP,10.0,8.0,11,794319243,0.44329581004546986,1.414784863091127
WT_APP,10.0,8.0,12,204008863,0.4019429252022779,1.414784863091127
WT_APP,10.0,8.0,13,1880439445,0.43012912424333644,1.414784863091127
WT_APP,10.0,8.0,14,1306372712,0.4036236979559609,1.414784863091127
WT_APP,10.0,8.0,15,2122084012,0.4082874705705766,1.414784863091127
WT_APP,10.0,8.0,16,1976297044,0.4280431515352767,1.414784863091127
WT_APP,10.0,8.0,17,784548992,0.3824223872121488,1.414784863091127
WT_APP,10.0,8.0,18,2121403537,0.41602871457527724,1.414784863091127
WT_APP,10.0,8.0,19,347016859,0.42133297773424405,1.414784863091127
WT_APP,10.0,8.0,20,527842052,0.39151580640184247,1.414784863091127
WT_APP,10.0,8.0,21,215409799,0.41266773338743684,1.414784863091127
WT_APP,10.0,8.0,22,350632298,0.43190796649819446,1.414784863091127
WT_APP,10.0,8.0,23,2071774379,0.4253681795638318,1.414784863091127
WT_APP,10.0,8.0,24,1492822048,0.4303036942897734,1.414784863091127
WT_APP,10.0,8.0,25,199233221,0.42195543676020897,1.414784863091127
WT_APP,10.0,8.0,26,1395966768,0.4282760367603145,1.414784863091127
WT_APP,10.0,8.0,27,786556690,0.41897927528432843,1.414784863091127
WT_APP,10.0,8.0,28,649984770,0.4291397017392544,1.414784863091127
WT_APP,10.0,8.0,29,337723248,0.436578630801762,1.414784863091127
WT_APP,10.0,8.0,30,1094264184,0.42833106556038514,1.414784863091127
WT_APP,10.0,8.0,31,2089154132,0.3785280000583678,1.414784863091127
WT_APP,10.0,8.0,32,1584690825,0.41723208361596276,1.414784863091127
WT_APP,10.0,8.0,33,795962858,0.4244712850067273,1.414784863091127
WT_APP,10.0,8.0,34,827737825,0.4076859074199249,1.414784863091127
WT_APP,10.0,8.0,35,234713593,0.4412673790441813,1.414784863091127
WT_APP,10.0,8.0,36,885327366,0.406101865777203,1.414784863091127
WT_APP,10.0,8.0,37,928832081,0.41635092008437896,1.414784863091127
WT_APP,10.0,8.0,38,1947615286,0.422678475190228,1.414784863091127
WT_APP,10.0,8.0,39,20360091,0.42104316563594074,1.414784863091127
WT_APP,10.0,8.0,40,1806363173,0.4156156316594273,1.414784863091127
WT_APP,10.0,8.0,41,1312343691,0.4040100824882568,1.414784863091127
WT_APP,10.0,8.0,42,1762120781,0.4268209525041644,1.414784863091127
WT_APP,10.0,8.0,43,1700607009,0.40897917023987573,1.414784863091127
WT_APP,10.0,8.0,44,1634649145,0.42291969461653683,1.414784863091127
WT_APP,10.0,8.0,45,1036024353,0.4245520029082809,1.414784863091127
WT_APP,10.0,8.0,46,261494503,0.41670766618396987,1.414784863091127
WT_APP,10.0,8.0,47,2001682155,0.37295412014063184,1.414784863091127
WT_APP,10.0,8.0,48,1311960750,0.40656994585776973,1.414784863091127
WT_APP,10.0,8.0,49,295114914,0.40228791296105526,1.414784863091127
WT_APP,15.0,8.0,0,1168784116,0.45814827319276474,1.4030447310944467
WT_APP,15.0,8.0,1,921289450,0.4730145688674268,1.4030447310944467
WT_APP,15.0,8.0,2,1293255992,0.4844640784036651,1.4030447310944467
WT_APP,15.0,8.0,3,1702858716,0.4935265004544334,1.4030447310944467
WT_APP,15.0,8.0,4,1895310323,0.46528955405079536,1.4030447310944467
WT_APP,15.0,8.0,5,211694680,0.451346912780976,1.4030447310944467
WT_APP,15.0,8.0,6,280584697,0.4474770412261314,1.4030447310944467
WT_APP,15.0,8.0,7,617447500,0.42230387430414645,1.4030447310944467
WT_APP,15.0,8.0,8,1249765968,0.423649318173385,1.4030447310944467
WT_APP,15.0,8.0,9,1504658074,0.48310794165086596,1.4030447310944467
WT_APP,15.0,8.0,10,1008898872,0.4831384855916802,1.4030447310944467
WT_APP,15.0,8.0,11,794319243,0.45882194021927597,1.4030447310944467
WT_APP,15.0,8.0,12,204008863,0.4396744489751114,1.4030447310944467
WT_APP,15.0,8.0,13,1880439445,0.45915652737665835,1.4030447310944467
WT_APP,15.0,8.0,14,1306372712,0.4470854048375054,1.4030447310944467
WT_APP,15.0,8.0,15,2122084012,0.455400920823775,1.4030447310944467
WT_APP,15.0,8.0,16,1976297044,0.43374882408831616,1.4030447310944467
WT_APP,15.0,8.0,17,784548992,0.43726251199031324,1.4030447310944467
WT_APP,15.0,8.0,18,2121403537,0.44487545305389437,1.4030447310944467
WT_APP,15.0,8.0,19,347016859,0.4791043344433124,1.4030447310944467
WT_APP,15.0,8.0,20,527842052,0.44142465465029695,1.4030447310944467
WT_APP,15.0,8.0,21,215409799,0.45692446515926727,1.4030447310944467
WT_APP,15.0,8.0,22,350632298,0.48372289617350533,1.4030447310944467
WT_APP,15.0,8.0,23,2071774379,0.4563753522473338,1.4030447310944467
WT_APP,15.0,8.0,24,1492822048,0.4823160967707414,1.4030447310944467
WT_APP,15.0,8.0,25,199233221,0.45596242370604656,1.4030447310944467
WT_APP,15.0,8.0,26,1395966768,0.4850749534381125,1.4030447310944467
WT_APP,15.0,8.0,27,786556690,0.46406319654494593,1.4030447310944467
WT_APP,15.0,8.0,28,649984770,0.47225740139904476,1.4030447310944467
WT_APP,15.0,8.0,29,337723248,0.48002406677855647,1.4030447310944467
WT_APP,15.0,8.0,30,1094264184,0.45408920739023906,1.4030447310944467
WT_APP,15.0,8.0,31,2089154132,0.4200437949315012,1.4030447310944467
WT_APP,15.0,8.0,32,1584690825,0.4549140603469484,1.4030447310944467
WT_APP,15.0,8.0,33,795962858,0.4763247470269382,1.4030447310944467
WT_APP,15.0,8.0,34,827737825,0.44012364419800515,1.4030447310944467
WT_APP,15.0,8.0,35,234713593,0.47810903999821724,1.4030447310944467
WT_APP,15.0,8.0,36,885327366,0.44176984211135073,1.4030447310944467
WT_APP,15.0,8.0,37,928832081,0.4539536046104508,1.4030447310944467
WT_APP,15.0,8.0,38,1947615286,0.4693959039913078,1.4030447310944467
WT_APP,15.0,8.0,39,20360091,0.45882195409109683,1.4030447310944467
WT_APP,15.0,8.0,40,1806363173,0.44302121991747334,1.4030447310944467
WT_APP,15.0,8.0,41,1312343691,0.44478302518797086,1.4030447310944467
WT_APP,15.0,8.0,42,1762120781,0.4754389067332434,1.4030447310944467
WT_APP,15.0,8.0,43,1700607009,0.46571939369252646,1.4030447310944467
WT_APP,15.0,8.0,44,1634649145,0.46752400487465323,1.4030447310944467
WT_APP,15.0,8.0,45,1036024353,0.4810377590359889,1.4030447310944467
WT_APP,15.0,8.0,46,261494503,0.4501247749327007,1.4030447310944467
WT_APP,15.0,8.0,47,2001682155,0.4170834283701684,1.4030447310944467
WT_APP,15.0,8.0,48,1311960750,0.4580728103980439,1.4030447310944467
WT_APP,15.0,8.0,49,295114914,0.476961256065513,1.4030447310944467
WT_APP,20.0,8.0,0,1168784116,0.48589314476598006,1.2502378737804007
WT_APP,20.0,8.0,1,921289450,0.4862494814242122,1.2502378737804007
WT_APP,20.0,8.0,2,1293255992,0.49528628943485636,1.2502378737804007
WT_APP,20.0,8.0,3,1702858716,0.500767296108701,1.2502378737804007
WT_APP,20.0,8.0,4,1895310323,0.48302453972497317,1.2502378737804007
WT_APP,20.0,8.0,5,211694680,0.4859433700602071,1.2502378737804007
WT_APP,20.0,8.0,6,280584697,0.47404283262587216,1.2502378737804007
WT_APP,20.0,8.0,7,617447500,0.46346712154088543,1.2502378737804007
WT_APP,20.0,8.0,8,1249765968,0.4578198421121356,1.2502378737804007
WT_APP,20.0,8.0,9,1504658074,0.5204826786011101,1.2502378737804007
WT_APP,20.0,8.0,10,1008898872,0.49778271197827506,1.2502378737804007
WT_APP,20.0,8.0,11,794319243,0.48668785302613976,1.2502378737804007
WT_APP,20.0,8.0,12,204008863,0.48193487384683914,1.2502378737804007
WT_APP,20.0,8.0,13,1880439445,0.4856511215012997,1.2502378737804007
WT_APP,20.0,8.0,14,1306372712,0.4787508066165465,1.2502378737804007
WT_APP,20.0,8.0,15,2122084012,0.478215400146027,1.2502378737804007
WT_APP,20.0,8.0,16,1976297044,0.4644384668504329,1.2502378737804007
WT_APP,20.0,8.0,17,784548992,0.4819367544074175,1.2502378737804007
WT_APP,20.0,8.0,18,2121403537,0.48172185489640035,1.2502378737804007
WT_APP,20.0,8.0,19,347016859,0.5220485957141734,1.2502378737804007
WT_APP,20.0,8.0,20,527842052,0.4790406449044851,1.2502378737804007
WT_APP,20.0,8.0,21,215409799,0.48639580392467496,1.2502378737804007
WT_APP,20.0,8.0,22,350632298,0.5074483526912138,1.2502378737804007
WT_APP,20.0,8.0,23,2071774379,0.4916790367637961,1.2502378737804007
WT_APP,20.0,8.0,24,1492822048,0.5034240186576241,1.2502378737804007
WT_APP,20.0,8.0,25,199233221,0.48786459315653824,1.2502378737804007
WT_APP,20.0,8.0,26,1395966768,0.52074118972834,1.2502378737804007
WT_APP,20.0,8.0,27,786556690,0.489442726930038,1.2502378737804007
WT_APP,20.0,8.0,28,649984770,0.47745885518927766,1.2502378737804007
WT_APP,20.0,8.0,29,337723248,0.4967247537899558,1.2502378737804007
WT_APP,20.0,8.0,30,1094264184,0.4762264023486686,1.2502378737804007
WT_APP,20.0,8.0,31,2089154132,0.4715157263961467,1.2502378737804007
WT_APP,20.0,8.0,32,1584690825,0.45868396008923007,1.2502378737804007
WT_APP,20.0,8.0,33,795962858,0.5285758399932876,1.2502378737804007
WT_APP,20.0,8.0,34,827737825,0.4697836275532439,1.2502378737804007
WT_APP,20.0,8.0,35,234713593,0.48924681131097336,1.2502378737804007
WT_APP,20.0,8.0,36,885327366,0.4798241733660953,1.2502378737804007
WT_APP,20.0,8.0,37,928832081,0.47537036405342875,1.2502378737804007
WT_APP,20.0,8.0,38,1947615286,0.48396493905851484,1.2502378737804007
WT_APP,20.0,8.0,39,20360091,0.49122797462371376,1.2502378737804007
WT_APP,20.0,8.0,40,1806363173,0.48058459096124523,1.2502378737804007
WT_APP,20.0,8.0,41,1312343691,0.4832538009460334,1.2502378737804007
WT_APP,20.0,8.0,42,1762120781,0.5062023764733329,1.2502378737804007
WT_APP,20.0,8.0,43,1700607009,0.4951835715385818,1.2502378737804007
WT_APP,20.0,8.0,44,1634649145,0.4916533378110027,1.2502378737804007
WT_APP,20.0,8.0,45,1036024353,0.510659256637601,1.2502378737804007
WT_APP,20.0,8.0,46,261494503,0.47234806414250324,1.2502378737804007
WT_APP,20.0,8.0,47,2001682155,0.4668143214019675,1.2502378737804007
WT_APP,20.0,8.0,48,1311960750,0.4753795535808068,1.2502378737804007
WT_APP,20.0,8.0,49,295114914,0.5083535566486008,1.2502378737804007
WT_APP,25.0,8.0,0,1168784116,0.5244831624871116,1.2049518625145361
WT_APP,25.0,8.0,1,921289450,0.5186949436097309,1.2049518625145361
WT_APP,25.0,8.0,2,1293255992,0.5345384419497472,1.2049518625145361
WT_APP,25.0,8.0,3,1702858716,0.5218635169362168,1.2049518625145361
WT_APP,25.0,8.0,4,1895310323,0.5186974215492391,1.2049518625145361
WT_APP,25.0,8.0,5,211694680,0.5249859259569676,1.2049518625145361
WT_APP,25.0,8.0,6,280584697,0.509831371203119,1.2049518625145361
WT_APP,25.0,8.0,7,617447500,0.504479845842142,1.2049518625145361
WT_APP,25.0,8.0,8,1249765968,0.5022957215574011,1.2049518625145361
WT_APP,25.0,8.0,9,1504658074,0.5457203823874661,1.2049518625145361
WT_APP,25.0,8.0,10,1008898872,0.5283913510957471,1.2049518625145361
WT_APP,25.0,8.0,11,794319243,0.5241827289903469,1.2049518625145361
WT_APP,25.0,8.0,12,204008863,0.5146184432868182,1.2049518625145361
WT_APP,25.0,8.0,13,1880439445,0.5172362589176589,1.2049518625145361
WT_APP,25.0,8.0,14,1306372712,0.5216149733771845,1.2049518625145361
WT_APP,25.0,8.0,15,2122084012,0.5162297574389669,1.2049518625145361
WT_APP,25.0,8.0,16,1976297044,0.5019856320973765,1.2049518625145361
WT_APP,25.0,8.0,17,784548992,0.5180764606637889,1.2049518625145361
WT_APP,25.0,8.0,18,2121403537,0.5213035833010595,1.2049518625145361
WT_APP,25.0,8.0,19,347016859,0.5561205176082934,1.2049518625145361
WT_APP,25.0,8.0,20,527842052,0.513000915852533,1.2049518625145361
WT_APP,25.0,8.0,21,215409799,0.5147355621868408,1.2049518625145361
WT_APP,25.0,8.0,22,350632298,0.534247249022355,1.2049518625145361
WT_APP,25.0,8.0,23,2071774379,0.5303324607785134,1.2049518625145361
WT_APP,25.0,8.0,24,1492822048,0.5357115009691944,1.2049518625145361
WT_APP,25.0,8.0,25,199233221,0.5211967036270474,1.2049518625145361
WT_APP,25.0,8.0,26,1395966768,0.548813769900685,1.2049518625145361
WT_APP,25.0,8.0,27,786556690,0.5274572790185702,1.2049518625145361
WT_APP,25.0,8.0,28,649984770,0.5101271174888363,1.2049518625145361
WT_APP,25.0,8.0,29,337723248,0.5184699084576401,1.2049518625145361
WT_APP,25.0,8.0,30,1094264184,0.5147663057540448,1.2049518625145361
WT_APP,25.0,8.0,31,2089154132,0.5133101728848364,1.2049518625145361
WT_APP,25.0,8.0,32,1584690825,0.5028112237388862,1.2049518625145361
WT_APP,25.0,8.0,33,795962858,0.5706733585629149,1.2049518625145361
WT_APP,25.0,8.0,34,827737825,0.5074327696177505,1.2049518625145361
WT_APP,25.0,8.0,35,234713593,0.5253939236982222,1.2049518625145361
WT_APP,25.0,8.0,36,885327366,0.522653480233159,1.2049518625145361
WT_APP,25.0,8.0,37,928832081,0.5137592519739512,1.2049518625145361
WT_APP,25.0,8.0,38,1947615286,0.5124306563232245,1.2049518625145361
WT_APP,25.0,8.0,39,20360091,0.5278035017122159,1.2049518625145361
WT_APP,25.0,8.0,40,1806363173,0.51530046236855,1.2049518625145361
WT_APP,25.0,8.0,41,1312343691,0.5185416302888932,1.2049518625145361
WT_APP,25.0,8.0,42,1762120781,0.5314567029090963,1.2049518625145361
WT_APP,25.0,8.0,43,1700607009,0.5291073564683425,1.2049518625145361
WT_APP,25.0,8.0,44,1634649145,0.521034219331408,1.2049518625145361
WT_APP,25.0,8.0,45,1036024353,0.5235460577203294,1.2049518625145361
WT_APP,25.0,8.0,46,261494503,0.5123312000096663,1.2049518625145361
WT_APP,25.0,8.0,47,2001682155,0.509617845268717,1.2049518625145361
WT_APP,25.0,8.0,48,1311960750,0.5150446833329054,1.2049518625145361
WT_APP,25.0,8.0,49,295114914,0.5161331965487979,1.2049518625145361
WT_APP,30.0,8.0,0,1168784116,0.5594512138530695,1.096840123964868
WT_APP,30.0,8.0,1,921289450,0.553176183513979,1.096840123964868
WT_APP,30.0,8.0,2,1293255992,0.5695130226708135,1.096840123964868
WT_APP,30.0,8.0,3,1702858716,0.5442657953721267,1.096840123964868
WT_APP,30.0,8.0,4,1895310323,0.5501203663698934,1.096840123964868
WT_APP,30.0,8.0,5,211694680,0.5589252282930642,1.096840123964868
WT_APP,30.0,8.0,6,280584697,0.5439994610998493,1.096840123964868
WT_APP,30.0,8.0,7,617447500,0.5440744168796665,1.096840123964868
WT_APP,30.0,8.0,8,1249765968,0.5386939490277135,1.096840123964868
WT_APP,30.0,8.0,9,1504658074,0.5729635839335563,1.096840123964868
WT_APP,30.0,8.0,10,1008898872,0.5576100446723068,1.096840123964868
WT_APP,30.0,8.0,11,794319243,0.5585917289496944,1.096840123964868
WT_APP,30.0,8.0,12,204008863,0.5447228273849694,1.096840123964868
WT_APP,30.0,8.0,13,1880439445,0.5493595514366483,1.096840123964868
WT_APP,30.0,8.0,14,1306372712,0.5592856266389721,1.096840123964868
WT_APP,30.0,8.0,15,2122084012,0.5479490768273498,1.096840123964868
WT_APP,30.0,8.0,16,1976297044,0.5352496255826432,1.096840123964868
WT_APP,30.0,8.0,17,784548992,0.5518732580892027,1.096840123964868
WT_APP,30.0,8.0,18,2121403537,0.5521967968811965,1.096840123964868
WT_APP,30.0,8.0,19,347016859,0.5820154558310606,1.096840123964868
WT_APP,30.0,8.0,20,527842052,0.5457902677089476,1.096840123964868
WT_APP,30.0,8.0,21,215409799,0.5485868633611091,1.096840123964868
WT_APP,30.0,8.0,22,350632298,0.5665059991251016,1.096840123964868
WT_APP,30.0,8.0,23,2071774379,0.5611599096651121,1.096840123964868
WT_APP,30.0,8.0,24,1492822048,0.5699561448416138,1.096840123964868
WT_APP,30.0,8.0,25,199233221,0.5551858193742674,1.096840123964868
WT_APP,30.0,8.0,26,1395966768,0.5694196857623575,1.096840123964868
WT_APP,30.0,8.0,27,786556690,0.5550820590422326,1.096840123964868
WT_APP,30.0,8.0,28,649984770,0.5424002300147293,1.096840123964868
WT_APP,30.0,8.0,29,337723248,0.5529577507663759,1.096840123964868
WT_APP,30.0,8.0,30,1094264184,0.5457944573613376,1.096840123964868
WT_APP,30.0,8.0,31,2089154132,0.5442634178281912,1.096840123964868
WT_APP,30.0,8.0,32,1584690825,0.5404880854348265,1.096840123964868
WT_APP,30.0,8.0,33,795962858,0.5886293247550811,1.096840123964868
WT_APP,30.0,8.0,34,827737825,0.5396882880305637,1.096840123964868
WT_APP,30.0,8.0,35,234713593,0.5579519378116415,1.096840123964868
WT_APP,30.0,8.0,36,885327366,0.5525350393550464,1.096840123964868
WT_APP,30.0,8.0,37,928832081,0.543373511740426,1.096840123964868
WT_APP,30.0,8.0,38,1947615286,0.5446003957051926,1.096840123964868
WT_APP,30.0,8.0,39,20360091,0.5597487550895702,1.096840123964868
WT_APP,30.0,8.0,40,1806363173,0.5431300188632653,1.096840123964868
WT_APP,30.0,8.0,41,1312343691,0.5503362062049701,1.096840123964868
WT_APP,30.0,8.0,42,1762120781,0.5598885078293836,1.096840123964868
WT_APP,30.0,8.0,43,1700607009,0.5543691128294403,1.096840123964868
WT_APP,30.0,8.0,44,1634649145,0.5549615266886762,1.096840123964868
WT_APP,30.0,8.0,45,1036024353,0.5539887263170457,1.096840123964868
WT_APP,30.0,8.0,46,261494503,0.5412357566088182,1.096840123964868
WT_APP,30.0,8.0,47,2001682155,0.5410362845330702,1.096840123964868
WT_APP,30.0,8.0,48,1311960750,0.5502867934957741,1.096840123964868
WT_APP,30.0,8.0,49,295114914,0.5453254056210407,1.096840123964868
