condition,trial_idx,seed,spectral_peakedness
WT,0,1168784116,0.0900783431569191
WT,1,921289450,0.09579649298447013
WT,2,1293255992,0.0873789042058224
WT,3,1702858716,0.09006445158373477
WT,4,1895310323,0.08745699230793003
WT,5,211694680,0.08818906258418435
WT,6,280584697,0.08977645112876631
WT,7,617447500,0.09646256199821379
WT,8,1249765968,0.10503738187868406
WT,9,1504658074,0.09910131160367008
WT,10,1008898872,0.08705383489553276
WT,11,794319243,0.08174237710051258
WT,12,204008863,0.08276573368895579
WT,13,1880439445,0.08585069879442087
WT,14,1306372712,0.10372628290127661
WT,15,2122084012,0.11398451145480493
WT,16,1976297044,0.09024537645454078
WT,17,784548992,0.09296028682674351
WT,18,2121403537,0.07844940408035017
WT,19,347016859,0.08239672441916368
WT,20,527842052,0.08478606303304825
WT,21,215409799,0.09067404622967201
WT,22,350632298,0.08137136740576212
WT,23,2071774379,0.09175101953400588
WT,24,1492822048,0.09815988339480852
WT,25,199233221,0.09155565312042058
WT,26,1395966768,0.09143439190336555
WT,27,786556690,0.09100962883922703
WT,28,649984770,0.10488637795623035
WT,29,337723248,0.0863145154431928
WT,30,1094264184,0.10956982799282022
WT,31,2089154132,0.09431412165607889
WT,32,1584690825,0.09172729970567584
WT,33,795962858,0.08684702419906132
WT,34,827737825,0.10535728794139354
WT,35,234713593,0.08587381372892589
WT,36,885327366,0.11314533638131419
WT,37,928832081,0.0955385376812602
WT,38,1947615286,0.10537734761768514
WT,39,20360091,0.07766691366504386
WT,40,1806363173,0.0904434593946759
WT,41,1312343691,0.09482461588411528
WT,42,1762120781,0.0826113484488119
WT,43,1700607009,0.080426308094936
WT,44,1634649145,0.10822806877867608
WT,45,1036024353,0.09386134082052178
WT,46,261494503,0.08161678596686295
WT,47,2001682155,0.1025036653503053
WT,48,1311960750,0.0982685725480964
WT,49,295114914,0.0904246690879087
WT,50,2006889349,0.09578830622873113
WT,51,1524829245,0.08962108175870187
WT,52,319434624,0.10805453166062373
WT,53,2032667552,0.09010846335941802
WT,54,1564774687,0.10334942063556873
WT,55,2092577640,0.12669999096239348
WT,56,1166111204,0.08981208042707844
WT,57,1607521147,0.08829754056922123
WT,58,1324596573,0.09624413031798185
WT,59,1726642687,0.10304451279457927
WT,60,1888313977,0.11170091241048319
WT,61,1985561720,0.10145841382938281
WT,62,485771147,0.10920407011099853
WT,63,1796771385,0.11061705315608861
WT,64,766643757,0.09139671002391636
WT,65,554969948,0.09974755260865087
WT,66,1418387863,0.12483857941498266
WT,67,1770578616,0.10203457984803221
WT,68,507183781,0.07400356867864688
WT,69,1782558243,0.082728908301685
WT,70,895155732,0.0909013856892551
WT,71,720148324,0.09577306941708508
WT,72,1582122199,0.09884779452513959
WT,73,1951878275,0.1013300774728717
WT,74,850305651,0.08816671015468824
WT,75,146415610,0.08694936715348645
WT,76,506504968,0.096504608017138
WT,77,1164456162,0.09168622625015499
WT,78,1436613566,0.11330918421982805
WT,79,492357652,0.07955825462408472
WT,80,1275714321,0.09550438181068155
WT,81,115492695,0.07951432853151363
WT,82,1538334324,0.0863407635001533
WT,83,405827099,0.09400052706198747
WT,84,1328323725,0.08054596848328222
WT,85,1167083081,0.0949108446893735
WT,86,776272372,0.10527329651089012
WT,87,1135007690,0.09969704247592592
WT,88,598824061,0.11335425955511824
WT,89,623301253,0.10292234766524644
WT,90,2042901480,0.09338791786301692
WT,91,2089944286,0.0922624714192728
WT,92,1201751906,0.09910660573330587
WT,93,1707274007,0.09918517586377817
WT,94,2031444617,0.07813195573152465
WT,95,1021644827,0.08675589329752353
WT,96,1106617184,0.08869922196892654
WT,97,1572947672,0.10304097826128444
WT,98,1398504477,0.08530993267179354
WT,99,679618480,0.08698143785001988
WT,100,949908563,0.09963385947279324
WT,101,1207517352,0.09095749973943745
WT,102,187023557,0.07221116574263908
WT,103,1770826633,0.09911266276171182
WT,104,1828791894,0.07223610210645504
WT,105,1650385550,0.09710990135572517
WT,106,2024312387,0.09014420455678174
WT,107,713476268,0.08477300574515623
WT,108,833980942,0.09273100445796878
WT,109,431114972,0.10936493176913487
WT,110,748314594,0.10295021927689163
WT,111,1200911963,0.11287843715059565
WT,112,471004452,0.10394799206749439
WT,113,2043566600,0.10848658068443806
WT,114,649706143,0.09909546064255437
WT,115,1475293331,0.09262029598342691
WT,116,1124343835,0.08678494428641503
WT,117,1214988953,0.10241898743066213
WT,118,1097660233,0.09461142987081339
WT,119,717688485,0.10574576659255419
WT,120,1685021382,0.09220629066191477
WT,121,183310502,0.09009566797253798
WT,122,1180167195,0.10964644687046854
WT,123,1169903192,0.0929706900843118
WT,124,1816866468,0.07520414794833408
WT,125,1479710564,0.09307482703780878
WT,126,2090364692,0.08725707209163092
WT,127,1407829394,0.08775253193091181
WT,128,1049090756,0.10748140470073453
WT,129,994331888,0.07895502677733424
WT,130,1353082921,0.08823263976839368
WT,131,776233179,0.09757894149606705
WT,132,1630058456,0.09831636604298577
WT,133,1095315234,0.09341590188492799
WT,134,836718530,0.0938213665461396
WT,135,2145318134,0.10077077366503961
WT,136,155261315,0.10121744862331095
WT,137,1648629676,0.09602702760722082
WT,138,1802889087,0.1050083392986969
WT,139,602130665,0.0900414697965437
WT,140,524135792,0.0927332118201667
WT,141,2119290153,0.09644591313139517
WT,142,1571539399,0.10167351364808142
WT,143,1070476079,0.10819920382971415
WT,144,581369686,0.12559628731841732
WT,145,614966956,0.09903672246403317
WT,146,1961164653,0.09801227925247047
WT,147,629468240,0.09593477611253032
WT,148,671227043,0.12937885025982232
WT,149,2008597877,0.10263700327871783
WT,150,1912498063,0.09568873766374297
WT,151,923400812,0.0867704091792385
WT,152,119548267,0.10213896249398291
WT,153,635489067,0.08333434692436137
WT,154,1135384881,0.07845564937355509
WT,155,1453114974,0.09731055598368765
WT,156,1504386840,0.10203469406828625
WT,157,116038368,0.0845767642852262
WT,158,1265436135,0.10027791771695205
WT,159,188268166,0.07245732789396686
WT,160,1706701406,0.08369152288460857
WT,161,1123818089,0.09609130008239697
WT,162,1152567945,0.10581963685995499
WT,163,594891875,0.0907664499309212
WT,164,98731910,0.08129749840719824
WT,165,294718390,0.0969846283710385
WT,166,1578881655,0.08926438991506258
WT,167,1342538131,0.07279253821744047
WT,168,6348679,0.08546238050092925
WT,169,337927610,0.08297437298597066
WT,170,665202746,0.07117364583883257
WT,171,1457268510,0.08301179178479923
WT,172,1715226489,0.09676272803872032
WT,173,93704412,0.0946627988752643
WT,174,1457594157,0.1060479579157092
WT,175,1143532274,0.08471524537938457
WT,176,1312299396,0.07072403096360336
WT,177,164139233,0.1290426806162529
WT,178,200772926,0.09161059915960601
WT,179,1232075063,0.07012712244547015
WT,180,44926675,0.07448702786307537
WT,181,1749609668,0.07951288091396835
WT,182,28642755,0.09188942149196688
WT,183,1197810882,0.09740925203646122
WT,184,532510019,0.07425173121741158
WT,185,1626667364,0.10635575241135153
WT,186,1126199977,0.07185464158276067
WT,187,1949173588,0.09005307204422908
WT,188,160894178,0.07207100199016592
WT,189,791043630,0.09694777467283289
WT,190,308235628,0.09451092096060376
WT,191,1841158085,0.1020398234462716
WT,192,5146071,0.10575131218103673
WT,193,1481216939,0.1196160966363421
WT,194,296556920,0.0886150052945398
WT,195,1073425437,0.09508324286688774
WT,196,1979101830,0.09510614236319959
WT,197,537834808,0.08848111792956881
WT,198,1663922564,0.1021986963449768
WT,199,1229694926,0.11641157636332211
WT,200,611350434,0.07870075564429779
WT,201,1699185918,0.11838458394620721
WT,202,2082201543,0.09438002847131965
WT,203,653368828,0.09597028310518918
WT,204,1447270606,0.08608209299067593
WT,205,2111513851,0.0934083819445779
WT,206,450253676,0.10005131987115845
WT,207,1955421140,0.10971118032732208
WT,208,868065036,0.08152587886242124
WT,209,629892035,0.08471944796232322
WT,210,1418304021,0.09144898243689892
WT,211,119294986,0.11081575036688507
WT,212,1237450200,0.07245811847638939
WT,213,335062879,0.10014320540917865
WT,214,2010051169,0.09749340424788033
WT,215,585226602,0.08562570187189811
WT,216,1614326311,0.0797783756688546
WT,217,1163707071,0.08987724164537503
WT,218,1484953197,0.07571978214591213
WT,219,345410930,0.09252920614933557
WT,220,179610799,0.1005493680700319
WT,221,1094265044,0.12270534609229777
WT,222,1410256014,0.0833954236204203
WT,223,980383147,0.09926517975371063
WT,224,292910662,0.0897737148795631
WT,225,1198346622,0.09567704264708032
WT,226,1385186422,0.10942777884591126
WT,227,1897019045,0.11482513761218316
WT,228,681299997,0.08814542665159186
WT,229,1947062464,0.08432905167185811
WT,230,645182272,0.07955637983342478
WT,231,1423329358,0.08787251513301764
WT,232,1597534239,0.09273508203586622
WT,233,1088099801,0.11058057674092736
WT,234,172419841,0.07595326452363405
WT,235,1796719543,0.08096124152006245
WT,236,1556465252,0.08518715688690681
WT,237,1947014721,0.11869425851503801
WT,238,1613126033,0.10678563758579351
WT,239,1028682777,0.08267324587324842
WT,240,204757408,0.10238102926376647
WT,241,93138177,0.10598561229108128
WT,242,1121660401,0.09884471601272149
WT,243,548220956,0.10454556240822233
WT,244,1898562516,0.09933654267673231
WT,245,1393338725,0.08077935642813061
WT,246,987270001,0.0920229775907907
WT,247,5517966,0.09044091963391232
WT,248,1813710054,0.09285533256740586
WT,249,467429401,0.09021897976568716
WT,250,444325204,0.0947184799198929
WT,251,769367065,0.07846742568915077
WT,252,1607064858,0.0888593144203792
WT,253,831787592,0.09872033813738534
WT,254,1324414446,0.09035630799643457
WT,255,1934373880,0.09253612048421112
WT,256,807106644,0.07664296624430733
WT,257,148867117,0.10481085055250916
WT,258,1320951644,0.08788514331561803
WT,259,979825312,0.09767870275598645
WT,260,416502255,0.0916253400251631
WT,261,1087740740,0.1018883210337187
WT,262,557360559,0.08857842454487208
WT,263,932295291,0.09638801465006552
WT,264,8571933,0.09319967973838461
WT,265,1130815721,0.10801241950653218
WT,266,1809710269,0.078630985157634
WT,267,1725668356,0.10559734399848753
WT,268,1522508202,0.1300100144976326
WT,269,289742329,0.11403387576082558
WT,270,1608169332,0.08214311913072347
WT,271,745416771,0.10080442278385382
WT,272,1967187875,0.08429626170933635
WT,273,1726656863,0.10057670292859677
WT,274,242404067,0.06103923823650814
WT,275,297582585,0.09698525316890638
WT,276,1907870090,0.07942284905087527
WT,277,1092309454,0.08235309338448538
WT,278,1980071334,0.0752951633311747
WT,279,335897191,0.09337750075058326
WT,280,534937119,0.0873271960166132
WT,281,2060485638,0.09307327690058709
WT,282,701690243,0.09512032493679423
WT,283,1402520396,0.0897386460919366
WT,284,2008014796,0.10778077779652051
WT,285,1759885351,0.08442504117042149
WT,286,1101197287,0.11852761883028551
WT,287,1552889851,0.08826436522268999
WT,288,21269012,0.09888995348080076
WT,289,1882107717,0.07674771049996287
WT,290,1127412283,0.09939547882262512
WT,291,228268129,0.09266342739445932
WT,292,277263006,0.09029266572859163
WT,293,643484794,0.09003693078597763
WT,294,372245511,0.0773480998707643
WT,295,1261697812,0.09582807348764522
WT,296,1817393177,0.09944608531447607
WT,297,925140423,0.11643037009730128
WT,298,1830056220,0.08468810024302909
WT,299,24489061,0.1108847121720482
WT,300,752365757,0.10101163852070139
WT,301,1181205215,0.09861479973293863
WT,302,1081144623,0.08525867648368823
WT,303,751420257,0.10108932402237292
WT,304,1233702854,0.10049310782823573
WT,305,1554176093,0.08521135171464678
WT,306,454744920,0.12167559563145447
WT,307,979075540,0.09281062266633167
WT,308,1092893789,0.09217727189377778
WT,309,1342475907,0.0911715001052954
WT,310,1138372477,0.08368247820013308
WT,311,1453078380,0.1103788875695575
WT,312,1253156288,0.09216879224295138
WT,313,658913043,0.08768079532296547
WT,314,69233552,0.10636836364798785
WT,315,1230991069,0.08270452223523261
WT,316,1484113866,0.09739942785279887
WT,317,494310682,0.09452750592502357
WT,318,253384354,0.092740860252844
WT,319,697108050,0.08780447431895688
WT,320,174860600,0.09551594602069191
WT,321,771712380,0.08064346797392719
WT,322,2108178803,0.09192266063262156
WT,323,736555051,0.08647490275664638
WT,324,76681172,0.08185044088611315
WT,325,1873423432,0.09604093332523322
WT,326,1138906903,0.10781606091554674
WT,327,4247351,0.10910253289285765
WT,328,1284288069,0.08378217367241603
WT,329,1355663434,0.09001655016905108
WT,330,1738135390,0.09437334101007488
WT,331,650952911,0.0799600893253003
WT,332,1478870465,0.09336611058084399
WT,333,1526922955,0.08545268579701726
WT,334,392459589,0.07413047115006366
WT,335,1084699533,0.07946260152182327
WT,336,1454775621,0.08396680569639614
WT,337,1318156940,0.10286583447241204
WT,338,1906905067,0.09811365333777333
WT,339,1344126599,0.08858795983795509
WT,340,1235164274,0.09836925216168735
WT,341,890594768,0.10796799563000481
WT,342,1369372713,0.11141966166583961
WT,343,901191243,0.08550018653141223
WT,344,538438256,0.07850843935910023
WT,345,1391013568,0.08983588611600557
WT,346,1852640840,0.08174363511558247
WT,347,1134152305,0.08240624206568115
WT,348,1795686004,0.09755701015863472
WT,349,1754017973,0.08391385394675255
WT,350,386062996,0.08726600312558863
WT,351,1669783876,0.08661246109589038
WT,352,876609385,0.08379271774175368
WT,353,1289322669,0.09471207489460498
WT,354,1258852975,0.08449583381764836
WT,355,718261719,0.07543973923265468
WT,356,1143328754,0.08569851919361016
WT,357,1095520514,0.09661661402430577
WT,358,741632329,0.08156506126366714
WT,359,1982228406,0.11404863694151057
WT,360,221564287,0.12123418752383086
WT,361,1084784619,0.06187048611539381
WT,362,1036625969,0.09465937766595689
WT,363,696462660,0.09462595194972967
WT,364,1168839966,0.10157580866458438
WT,365,1730639108,0.09625682330461649
WT,366,479849576,0.1076515244499403
WT,367,1132254094,0.09037191007988965
WT,368,854943543,0.10398118235770337
WT,369,1476860142,0.08095027103373154
WT,370,1837384940,0.08707441338496136
WT,371,1603293997,0.07682502853227591
WT,372,794963196,0.085020017806272
WT,373,1193730265,0.09800899131214214
WT,374,706589023,0.0953036996321317
WT,375,1691361566,0.09101390973638834
WT,376,1841398536,0.07245018136813264
WT,377,1352872064,0.10018722116182643
WT,378,831902113,0.09919475182116577
WT,379,639091588,0.09822161662064255
WT,380,203671278,0.09009094010551633
WT,381,652560519,0.09585391178848102
WT,382,1091383632,0.081957792476961
WT,383,1450019053,0.08085489104474308
WT,384,720445670,0.10351035889999449
WT,385,1050028799,0.09419056936448844
WT,386,923960327,0.10247750200561023
WT,387,149679871,0.08021695115744965
WT,388,486692895,0.092235426371432
WT,389,1993131039,0.0908698991946516
WT,390,1918657403,0.10683855466352155
WT,391,112998295,0.09655395040307113
WT,392,22723387,0.09270500247235702
WT,393,851207155,0.08519886658255937
WT,394,1380115545,0.09079362635437715
WT,395,1588491975,0.08997043074036437
WT,396,371744092,0.11456514102625248
WT,397,929063553,0.12082383683926234
WT,398,1405243058,0.08315900677721444
WT,399,668764968,0.10137587450589602
WT,400,664136365,0.1040635869616261
WT,401,175592453,0.09724076530996584
WT,402,115119106,0.08300600761320864
WT,403,948608325,0.08237427136356312
WT,404,1428994965,0.09677557042556073
WT,405,747804757,0.08434528908819783
WT,406,822271218,0.11619468836246838
WT,407,363894321,0.07305620551647463
WT,408,1020292579,0.10119695656660621
WT,409,947587320,0.09435013244294033
WT,410,487545779,0.07301476870488943
WT,411,156972823,0.0901540607333099
WT,412,1583999763,0.10591461901810162
WT,413,2050730246,0.09134056937347867
WT,414,1830857469,0.07042928627031386
WT,415,1917812877,0.10111423957414734
WT,416,574067442,0.10620746409659343
WT,417,1855389689,0.10100073867687331
WT,418,197884476,0.09329998427814412
WT,419,1105674467,0.09867840723094501
WT,420,910064281,0.1089286946122141
WT,421,1924847498,0.11301764079076848
WT,422,463248044,0.09998382250124982
WT,423,1904340934,0.08516973115334803
WT,424,2091896550,0.12322048976228339
WT,425,1105554434,0.09104110192008097
WT,426,1325643672,0.08794127683112596
WT,427,912542713,0.1144364228106759
WT,428,1048441453,0.10136592305217063
WT,429,452500860,0.08680368547927275
WT,430,189382598,0.1039769992220606
WT,431,916069281,0.12761999402541602
WT,432,884366036,0.0873664000022154
WT,433,279990589,0.07961629927228453
WT,434,100346410,0.09976620493892074
WT,435,1098221100,0.07651157775785444
WT,436,1832444271,0.0927643590638404
WT,437,108195029,0.0789329299550936
WT,438,1173763381,0.09510567157616989
WT,439,599885103,0.10299075760285248
WT,440,1079038378,0.09150402923699574
WT,441,2050905237,0.1012489613700186
WT,442,1787897613,0.11291208108660766
WT,443,211711869,0.09234820794299214
WT,444,1345404546,0.09495881376307802
WT,445,1907271813,0.0890932405049718
WT,446,635505328,0.09408502963679233
WT,447,1192306611,0.08365895461179118
WT,448,945577248,0.09027101048612984
WT,449,2130537863,0.11717523114679163
WT,450,841422977,0.09180171039826279
WT,451,106106612,0.0803817780143613
WT,452,1152807824,0.0891705168279624
WT,453,232654530,0.10197910432838297
WT,454,2103942118,0.10382860067136845
WT,455,601839537,0.0955289130008764
WT,456,199019336,0.09789558097116347
WT,457,1779963117,0.08758123972540754
WT,458,1033589046,0.09799465455521927
WT,459,315232059,0.08135266469575253
WT,460,1508575629,0.07249115492140257
WT,461,1267030113,0.09657013868555764
WT,462,624048423,0.11862653411787982
WT,463,713646534,0.09792777228338612
WT,464,1445558974,0.09795808189192001
WT,465,785074673,0.10237707117388828
WT,466,451575220,0.07332839286313986
WT,467,505286024,0.09642798283588627
WT,468,730732118,0.08967430474668303
WT,469,919152628,0.10051247635685234
WT,470,1575662918,0.0782703302154164
WT,471,610909374,0.11497380428640214
WT,472,105054310,0.11188207768352565
WT,473,1348933559,0.08227560725822847
WT,474,2094836758,0.09907340664519548
WT,475,1853058313,0.10591411118554972
WT,476,1792117310,0.07970137398274879
WT,477,750719139,0.08899384148409928
WT,478,206902038,0.0783757743517346
WT,479,729124030,0.09938232186906559
WT,480,1315018297,0.08749566548416876
WT,481,1727965830,0.08347740716369478
WT,482,1478304942,0.09426555213836496
WT,483,787149155,0.08864971555165901
WT,484,1481742125,0.08663859355428627
WT,485,263753628,0.07648447401469749
WT,486,1896342784,0.07092182879448672
WT,487,1999753355,0.08956475140008202
WT,488,933378979,0.08776089981086288
WT,489,2045029644,0.08556518204416674
WT,490,2059010343,0.09605061797795733
WT,491,1971391775,0.0790502765254153
WT,492,894396296,0.08522530918197269
WT,493,1553010529,0.1055757473636969
WT,494,511546458,0.08562351257910583
WT,495,1190770236,0.08373842689059574
WT,496,999893720,0.07579775311661519
WT,497,19161780,0.08983401288551307
WT,498,1381773092,0.09600395080413082
WT,499,1663017782,0.09833444892140175
WT,500,288787179,0.10143943542315825
WT,501,1407516788,0.0881768640741315
WT,502,718149623,0.10273572719231083
WT,503,101907906,0.11677092255300603
WT,504,669054731,0.10553583511776121
WT,505,392509155,0.09054001767889441
WT,506,49007293,0.10486930986942111
WT,507,259604633,0.08963023180070828
WT,508,1331259120,0.09469825949283595
WT,509,90516434,0.08694229078788596
WT,510,1657296541,0.08157494445832314
WT,511,1212403478,0.103655553217193
WT,512,1134428355,0.09432128070789558
WT,513,875040615,0.08318595151526109
WT,514,1025068568,0.09104927533058205
WT,515,1543522376,0.07908629636920583
WT,516,2034224097,0.08011273928926654
WT,517,2122804177,0.08916586176240793
WT,518,417569457,0.08994115160491345
WT,519,178014852,0.09611364945091971
WT,520,1760974913,0.1119578701540278
WT,521,564726355,0.09848103314576051
WT,522,90090936,0.08916655204392054
WT,523,769712491,0.09337653857487116
WT,524,610730534,0.09202385572794247
WT,525,945607613,0.10306529880192006
WT,526,1576493626,0.09031401178752829
WT,527,844869526,0.0920140490493726
WT,528,71093561,0.1038280876768154
WT,529,501347217,0.1040766079103379
WT,530,1461401627,0.08643402070295736
WT,531,357297029,0.09597981904503017
WT,532,1908468682,0.10615043261758528
WT,533,300203741,0.0811812379477026
WT,534,1514637488,0.081487944744151
WT,535,885073883,0.0690576385313807
WT,536,559954225,0.10228076125223373
WT,537,173918306,0.08133810043287182
WT,538,415444693,0.09653246403939342
WT,539,1679883051,0.10946647038417756
WT,540,1755056566,0.09723341533802399
WT,541,1127380566,0.08300910342256851
WT,542,1977911882,0.08960527144863017
WT,543,537528373,0.09818243016327322
WT,544,1034000942,0.08676070567261629
WT,545,1487675429,0.06914941240303363
WT,546,223016621,0.09867121854837024
WT,547,1747417592,0.11168391631555086
WT,548,1094768051,0.12383541577441604
WT,549,1526124100,0.11109835453053907
WT,550,1877323257,0.08852614638098921
WT,551,1867990615,0.0757645135795515
WT,552,966997632,0.08346579041337743
WT,553,1213912295,0.1044865992923294
WT,554,789661304,0.09310190614661329
WT,555,1194522401,0.08255448033463852
WT,556,1437367194,0.07895318715635569
WT,557,566678062,0.09339390629555178
WT,558,1167369045,0.08873490462983447
WT,559,691145897,0.09299629114517172
WT,560,109803799,0.07633570931317157
WT,561,1574118449,0.0939823237327092
WT,562,925063740,0.11013568141696328
WT,563,1319795185,0.0740401592789649
WT,564,1016475553,0.09952923423260318
WT,565,1305500648,0.09528249349812123
WT,566,520641374,0.08900523007888783
WT,567,583100822,0.08299453744674112
WT,568,230350251,0.09574493441829612
WT,569,939536842,0.11834828906260109
WT,570,1008979974,0.0850625053716133
WT,571,1668040167,0.09266336247419438
WT,572,2134175534,0.09462887703792577
WT,573,280129314,0.09432833307509803
WT,574,1308141903,0.09777751678407509
WT,575,845651533,0.11510771070421766
WT,576,2034242989,0.09617761778689227
WT,577,1533232926,0.08302113540799183
WT,578,1860142160,0.12277434781502361
WT,579,1909019070,0.08894514683209787
WT,580,588589963,0.09194753728795035
WT,581,1740786930,0.08733328638884119
WT,582,1318535027,0.08427743462301074
WT,583,166704068,0.08582680353428784
WT,584,171098111,0.09780216473529768
WT,585,513227287,0.08290015127592798
WT,586,1073430027,0.08171503815614667
WT,587,656831511,0.07577890373675955
WT,588,1542666441,0.09718236599300645
WT,589,1647402410,0.1110351027003712
WT,590,2073553440,0.07585526418758914
WT,591,1910457137,0.09374614378286505
WT,592,890839648,0.08928243223784438
WT,593,728864450,0.0839384465722246
WT,594,387345151,0.08666011283378872
WT,595,878006857,0.09605621931552355
WT,596,745040258,0.1012753512628013
WT,597,2055507509,0.0804739067871002
WT,598,825817198,0.08653744980372069
WT,599,268323294,0.09159077214075495
WT,600,2122340735,0.10675663532884228
WT,601,2080632765,0.07902074727640673
WT,602,1369749045,0.09000272854077862
WT,603,95884214,0.07877520757576706
WT,604,752981897,0.10526104378709067
WT,605,859683542,0.10726107112373395
WT,606,1235307691,0.09834384005553909
WT,607,1153874468,0.08831675873262224
WT,608,1379930760,0.09315923029592077
WT,609,1053572098,0.09617448661147576
WT,610,1079024494,0.09017196211390555
WT,611,767860524,0.08341121992600797
WT,612,2088624389,0.12169037042507369
WT,613,1419110393,0.10862800617890844
WT,614,682350704,0.08184460950210881
WT,615,803191004,0.09116908958664971
WT,616,1988955772,0.08241769025437662
WT,617,835422854,0.07487003151849903
WT,618,933625419,0.08662966867093969
WT,619,1606063369,0.10647775787955094
WT,620,325005509,0.0863913544019852
WT,621,1206194806,0.082446517399556
WT,622,1005141042,0.09404263557609882
WT,623,1414047677,0.09270635350632284
WT,624,1169183141,0.09905820228988715
WT,625,1185583278,0.10295590512081854
WT,626,793531327,0.0834671902322891
WT,627,289330554,0.09723269797037426
WT,628,1382219026,0.09577592227528342
WT,629,134301586,0.08232777719351614
WT,630,1981462919,0.09639684800739523
WT,631,1406450690,0.09348700402534171
WT,632,1817275181,0.09978985982009037
WT,633,2058023593,0.08549586344697235
WT,634,1312784628,0.08652254159183936
WT,635,238717930,0.10864787395641418
WT,636,833013957,0.09309044198617211
WT,637,1007629002,0.09906223554459237
WT,638,1105779143,0.10067743245991412
WT,639,1765421610,0.09151701016302549
WT,640,1687059998,0.0816066322384481
WT,641,1398681864,0.09542726190907758
WT,642,832624148,0.08101927406740794
WT,643,1988420735,0.10813767084423376
WT,644,1135610529,0.07646047761236585
WT,645,158580803,0.08928922983220333
WT,646,2082131284,0.10623930615044674
WT,647,1944530849,0.10969009523325812
WT,648,773139052,0.09708231903806464
WT,649,235019416,0.0784150735028788
WT,650,1841573253,0.07747178696034962
WT,651,394508842,0.09360100777349867
WT,652,1566184190,0.08695814919633038
WT,653,2090538557,0.10395601815274336
WT,654,997038202,0.10325085331920425
WT,655,1185505910,0.07132032044885428
WT,656,1853451552,0.08096754182577404
WT,657,116416765,0.092016977647709
WT,658,899532266,0.0910946371651048
WT,659,1472191041,0.10215820109905549
WT,660,136818040,0.08004513249867573
WT,661,383995295,0.09203093891316494
WT,662,382400861,0.09039250232078289
WT,663,330630304,0.11247982302886617
WT,664,1129132225,0.08584809400245819
WT,665,2086558954,0.08633843199599345
WT,666,1962751371,0.08777496954400488
WT,667,1204174248,0.09242116390587485
WT,668,904359734,0.08424182024871085
WT,669,1401211696,0.09465029649434709
WT,670,1439873323,0.09462380236267653
WT,671,1575071493,0.0909003889515343
WT,672,131243323,0.10365982803835039
WT,673,1929875341,0.08530259269331575
WT,674,1780881320,0.10898190532066487
WT,675,1306493950,0.10574198380908073
WT,676,293547084,0.09862154941536383
WT,677,1724113222,0.08606368518064511
WT,678,524420354,0.09144222788149958
WT,679,2041857175,0.10602177570251414
WT,680,1979686068,0.08107601353735872
WT,681,671117830,0.10842660020830008
WT,682,434888613,0.09288936060191455
WT,683,1948803462,0.08070226946757442
WT,684,1537385826,0.08318926014632211
WT,685,195615559,0.10033019784551034
WT,686,1355314879,0.1283182483092622
WT,687,1882685818,0.08440310050925248
WT,688,1798151093,0.10516713123384924
WT,689,1613186133,0.08586037047291961
WT,690,20322004,0.09586027078656445
WT,691,696977269,0.07661508040392984
WT,692,1813870592,0.07251016815190292
WT,693,1899032643,0.09524017757731529
WT,694,1466051301,0.09748039483994608
WT,695,1689921570,0.07729272908891194
WT,696,967741171,0.08680384685323839
WT,697,942263667,0.08750777887209749
WT,698,53403616,0.12425517437062905
WT,699,971312116,0.09900676747835946
WT,700,1990983560,0.11583524267779344
WT,701,637845063,0.07409847033664974
WT,702,1429713400,0.0887347841169005
WT,703,942165485,0.10061215876945351
WT,704,1314773560,0.11652245349182455
WT,705,1952237104,0.09244028836891005
WT,706,125615984,0.09630970492714452
WT,707,876277033,0.08611790729499935
WT,708,349727775,0.0754884010377238
WT,709,1079197167,0.09996679523744645
WT,710,430028903,0.08598110035992534
WT,711,1167889556,0.08144405981034131
WT,712,353493562,0.08638063213150349
WT,713,1055660949,0.09081161747291544
WT,714,791946454,0.07207657331004313
WT,715,691513402,0.08321636138912503
WT,716,823135085,0.09175942600917575
WT,717,385872950,0.09677024464794415
WT,718,892863115,0.0885546201321531
WT,719,1771027518,0.09173716034483648
WT,720,1023985163,0.08947926138289863
WT,721,699908389,0.09084595359879177
WT,722,1723623528,0.09004424594662552
WT,723,1060112861,0.0933391284138112
WT,724,775697697,0.08915651272824965
WT,725,914221317,0.1009526657026385
WT,726,914226925,0.08105663112591233
WT,727,1665172043,0.08888328709079307
WT,728,538379890,0.11348488019256264
WT,729,730104437,0.09994032356879423
WT,730,1535131436,0.07952341718932199
WT,731,832698655,0.1111262271495127
WT,732,819633903,0.08155155889150434
WT,733,21983251,0.10020499249738635
WT,734,376470723,0.09094294511818901
WT,735,473360674,0.09099992620673603
WT,736,357358077,0.08982609721496815
WT,737,36934539,0.09432746401571612
WT,738,62036292,0.09083313313040031
WT,739,1339941533,0.08725253868093574
WT,740,1224447017,0.06962659901015256
WT,741,505700766,0.11803575920917653
WT,742,136346703,0.10255089606456558
WT,743,1100584369,0.08833756895733547
WT,744,787395197,0.08896057743601804
WT,745,1892051281,0.0827489280584125
WT,746,311787122,0.1079799871527386
WT,747,247181946,0.10230370826536384
WT,748,1218037330,0.08040469410974027
WT,749,162420083,0.08875446589285751
WT,750,974891928,0.07149201728976995
WT,751,1359840377,0.08693178610172447
WT,752,1813395977,0.10458542496322287
WT,753,970276504,0.08219932170374045
WT,754,896585853,0.09597749860023819
WT,755,1694905713,0.09222568612755366
WT,756,981635880,0.09947675009660606
WT,757,1776559361,0.1012225606437327
WT,758,1556937935,0.0918694758126114
WT,759,592980934,0.09659283353217718
WT,760,1103779950,0.08807639425190927
WT,761,1860195657,0.10965437012936008
WT,762,1385674819,0.07977607599790126
WT,763,571558185,0.08111097631097985
WT,764,1662344519,0.10280224653667291
WT,765,578354249,0.08927401410737046
WT,766,1126760394,0.09234591037784212
WT,767,1394757416,0.10763680496735828
WT,768,1184395496,0.10670654170887695
WT,769,16973525,0.09836635091758839
WT,770,1591568888,0.07901785519374249
WT,771,1452960440,0.07501738613468845
WT,772,401839159,0.12031279741079304
WT,773,2142597872,0.07865871213868181
WT,774,1580287293,0.0838635270602609
WT,775,909117145,0.09707564226014354
WT,776,1900600839,0.09080191242140312
WT,777,1626654606,0.08594749068808316
WT,778,408717747,0.08552287355928978
WT,779,1229941804,0.09463949932507032
WT,780,178958455,0.08996517967968898
WT,781,1949276280,0.08558353740850522
WT,782,401367842,0.10304389766288169
WT,783,1993707769,0.10248623528452128
WT,784,974316548,0.08253277292963279
WT,785,1780159344,0.10352714429191645
WT,786,1795096888,0.10142275382110955
WT,787,1717561371,0.1073076556919581
WT,788,1634256683,0.09516819231920992
WT,789,865245121,0.10472351830430027
WT,790,1345479026,0.09388538836691773
WT,791,1670206566,0.09745034093844529
WT,792,2108526689,0.10215682787942715
WT,793,1320476281,0.0786175329118467
WT,794,1965932144,0.07418065257793305
WT,795,456823731,0.08064059081641073
WT,796,1421050961,0.0932427377838635
WT,797,833702718,0.10034936452559229
WT,798,551035027,0.0922311603217264
WT,799,261522120,0.07032576007511537
WT,800,1670669949,0.09756230172566305
WT,801,1458526387,0.08321640878581371
WT,802,1990943210,0.11352923837095574
WT,803,1892245666,0.0835017649917058
WT,804,2076544495,0.0959887108200429
WT,805,1478161006,0.09487249171804624
WT,806,901448658,0.10030570779220449
WT,807,252056989,0.0853967837643762
WT,808,974191646,0.10252314980884392
WT,809,773319848,0.09967444201716835
WT,810,1750467249,0.07604585133430175
WT,811,1301267049,0.08574363835222709
WT,812,1153265327,0.08758064046909775
WT,813,1175882943,0.07868468111671534
WT,814,257482554,0.09935610189213384
WT,815,198869633,0.08783842414415843
WT,816,1788387451,0.09883280532784156
WT,817,1920915760,0.11684747152021824
WT,818,412609935,0.08903875416532636
WT,819,108872100,0.08729211757855715
WT,820,1316216511,0.10778918614160149
WT,821,1237222633,0.1202451887280499
WT,822,1529511379,0.08298169798283672
WT,823,1438894672,0.10963217602188235
WT,824,830702869,0.08330673211697182
WT,825,1819863247,0.09754159339350377
WT,826,854910266,0.07037452981866643
WT,827,886396082,0.08157916984149804
WT,828,1290211421,0.0599686247403024
WT,829,1121789668,0.08831550563021706
WT,830,1802980566,0.0906902743793161
WT,831,2034601427,0.08902526779915432
WT,832,1828328592,0.083323556031758
WT,833,916583617,0.09339356430573542
WT,834,2062860669,0.0967800070124708
WT,835,914457010,0.062211628653514706
WT,836,1753000830,0.08956780771287487
WT,837,1044131535,0.10974733750375354
WT,838,317466738,0.09989144543878781
WT,839,314815818,0.09128524818297745
WT,840,140778720,0.09717439651295245
WT,841,1463209345,0.08626697525444427
WT,842,783847654,0.09927983098884863
WT,843,322175356,0.1195188637577328
WT,844,816641855,0.10269098743664029
WT,845,1359555953,0.09666652663314246
WT,846,673602876,0.09913922665727548
WT,847,1652689647,0.08108879868901264
WT,848,1926650913,0.08670731655130415
WT,849,885649744,0.110639042193727
WT,850,576320515,0.08727561714922127
WT,851,490240610,0.07931841519960059
WT,852,1727856412,0.09369494712166015
WT,853,1964310614,0.11753563076396045
WT,854,2018707615,0.09322923866541466
WT,855,481007580,0.11976267323284184
WT,856,1969033022,0.10456790953355433
WT,857,47640327,0.10431505058932611
WT,858,916768053,0.08442267893119004
WT,859,141097102,0.1029928822209607
WT,860,316600209,0.08984161384396017
WT,861,819808037,0.09762424700336281
WT,862,1422605725,0.0973979974646646
WT,863,1080447737,0.09608534372932809
WT,864,699178130,0.08898191500440888
WT,865,1067657108,0.09909615455060072
WT,866,103184276,0.09110195467787019
WT,867,626701983,0.07718001931619223
WT,868,138511509,0.09546571306019402
WT,869,488776789,0.07641344947946571
WT,870,594465282,0.11237120397716782
WT,871,495822799,0.12631424891622323
WT,872,1873837415,0.10036698393612542
WT,873,281840931,0.09513813789969683
WT,874,76156048,0.09834912884062152
WT,875,727189757,0.09980531927208536
WT,876,34732241,0.10366369852559665
WT,877,2137425080,0.10630963659914838
WT,878,918265983,0.10994345609459011
WT,879,1244218332,0.09470349496838582
WT,880,44996301,0.08011831009979231
WT,881,730878558,0.10302288002047622
WT,882,476788299,0.09865403947383533
WT,883,1207082795,0.09772844625533861
WT,884,1423494471,0.096204581260808
WT,885,607025272,0.0728425212922813
WT,886,1791592918,0.11275799241065199
WT,887,286966566,0.08464466056951558
WT,888,24166014,0.09053053900611197
WT,889,1512027532,0.11649846466341984
WT,890,951210643,0.09756841858813392
WT,891,1184538337,0.0986802453522706
WT,892,573882711,0.10173084158895118
WT,893,2038111766,0.1007942248134579
WT,894,913296646,0.0715324391741875
WT,895,888952208,0.0991428780874628
WT,896,1080732620,0.10378563174456723
WT,897,787058595,0.09510834652947342
WT,898,1650378122,0.0968374875766842
WT,899,256127384,0.09780904962255088
WT,900,56925328,0.09235035553001159
WT,901,1643872472,0.08223572136265123
WT,902,398385116,0.05998635605743052
WT,903,1320271808,0.08021109809173121
WT,904,389148057,0.08314541218619254
WT,905,1471872024,0.10527242709322193
WT,906,1178946768,0.08466341246736986
WT,907,828166746,0.09226969465885948
WT,908,843390906,0.08400471560678802
WT,909,14310653,0.08374132853757432
WT,910,1996505627,0.08955975323897247
WT,911,1130987037,0.08957430767510699
WT,912,1086422334,0.08537880782858731
WT,913,1016693683,0.09532979166556232
WT,914,1753564887,0.09306105227461514
WT,915,2110989894,0.07553929433734796
WT,916,1425152131,0.11546914582098333
WT,917,1650013794,0.10635215555599742
WT,918,1365268931,0.09281772311721082
WT,919,1196279069,0.10104256715121285
WT,920,2066249445,0.09806511059907363
WT,921,906506944,0.07603709960555827
WT,922,1781578706,0.08992676342377126
WT,923,625431990,0.10701400064207023
WT,924,2044864472,0.09222353470228506
WT,925,1971753429,0.10475555819886762
WT,926,843002036,0.07327157465476519
WT,927,1340958306,0.08942748555321745
WT,928,633966314,0.0729653199423671
WT,929,963500679,0.08148966570382887
WT,930,399807870,0.09092516803438389
WT,931,1468922574,0.10428387795510452
WT,932,2036449394,0.10677456457497381
WT,933,864083343,0.10523031918705539
WT,934,2021686352,0.08603115387330129
WT,935,812177261,0.1065122848755723
WT,936,281015945,0.09761652321350367
WT,937,1204319243,0.09778613114302948
WT,938,357586728,0.08882427923944947
WT,939,271077243,0.12550123702545846
WT,940,2123363372,0.10739792464448206
WT,941,983441845,0.09752548374455938
WT,942,1494850123,0.09892839308790691
WT,943,304737705,0.09177551933205796
WT,944,1984962853,0.08207053252467844
WT,945,2050556481,0.08802625078303239
WT,946,1098308898,0.11117265271519583
WT,947,1596047728,0.08485898443436568
WT,948,1605807844,0.08814194785443474
WT,949,1010159376,0.0904005432664694
WT,950,365917562,0.08220949249347675
WT,951,834992989,0.08709140529337056
WT,952,314243042,0.1009151096780605
WT,953,288128233,0.09886312365956995
WT,954,1161643173,0.09567326219172556
WT,955,727128570,0.09892944178375074
WT,956,1158450402,0.11414514920489593
WT,957,351519756,0.09742166898990112
WT,958,1269727465,0.09389194637868614
WT,959,1195542705,0.09689399561778211
WT,960,985008862,0.1172497061584008
WT,961,1484766865,0.09334994108751116
WT,962,1917444036,0.09778174139807827
WT,963,1370504878,0.0877577153142931
WT,964,1713855750,0.08890697902510103
WT,965,1471488297,0.08730227168217042
WT,966,1107680580,0.09138335849056423
WT,967,664070835,0.1088719000646794
WT,968,1667687385,0.08517327554650089
WT,969,1078594850,0.09567773787380318
WT,970,1617195838,0.1235457296692124
WT,971,1207298706,0.10356829377587817
WT,972,1213479347,0.08976413934050875
WT,973,291802966,0.09243020890847242
WT,974,793496811,0.07888438202495462
WT,975,304190952,0.10028892061700356
WT,976,698487321,0.10488357744889287
WT,977,1765947801,0.09006022523063684
WT,978,587155467,0.08334829090783902
WT,979,1416834719,0.09853225585108949
WT,980,1773973686,0.08847973210356752
WT,981,337809594,0.08234332524282895
WT,982,419596482,0.10912229200514123
WT,983,1020863269,0.09544853827332289
WT,984,1979975545,0.0954360665207945
WT,985,70884978,0.09040691932814648
WT,986,455113600,0.09928976817417179
WT,987,641304318,0.07877162504215218
WT,988,1048002635,0.09216518816117936
WT,989,938401552,0.10080717136904083
WT,990,1169157588,0.08906667279639457
WT,991,626712835,0.08623014560340236
WT,992,1790100635,0.07842674208163691
WT,993,2030516552,0.10620331850472386
WT,994,799089752,0.09362636300071325
WT,995,759081155,0.08590033265193364
WT,996,1774691019,0.09026054929537164
WT,997,182324882,0.11198878796354628
WT,998,80876765,0.10147715954932257
WT,999,1438244223,0.08922110347449175
WT_APP,0,1168784116,0.1478314736648737
WT_APP,1,921289450,0.17218151295788353
WT_APP,2,1293255992,0.153248758017564
WT_APP,3,1702858716,0.16302198932021095
WT_APP,4,1895310323,0.1435378102590843
WT_APP,5,211694680,0.16953062102279914
WT_APP,6,280584697,0.15709325517816164
WT_APP,7,617447500,0.14127678483958994
WT_APP,8,1249765968,0.16792348824519
WT_APP,9,1504658074,0.16251970400096682
WT_APP,10,1008898872,0.1585392296998528
WT_APP,11,794319243,0.13357429480979077
WT_APP,12,204008863,0.15645453912067353
WT_APP,13,1880439445,0.15759593754195522
WT_APP,14,1306372712,0.15115404151296352
WT_APP,15,2122084012,0.17177252077413718
WT_APP,16,1976297044,0.15805616825054203
WT_APP,17,784548992,0.14762633551146065
WT_APP,18,2121403537,0.1377553636785992
WT_APP,19,347016859,0.1598467352848738
WT_APP,20,527842052,0.1488038595803448
WT_APP,21,215409799,0.16444007633410784
WT_APP,22,350632298,0.15754713817271215
WT_APP,23,2071774379,0.1515585047334026
WT_APP,24,1492822048,0.16723218496095482
WT_APP,25,199233221,0.18770862109038056
WT_APP,26,1395966768,0.15819359459018978
WT_APP,27,786556690,0.1596892886060325
WT_APP,28,649984770,0.1639193415601199
WT_APP,29,337723248,0.1571414563791963
WT_APP,30,1094264184,0.16161442225517386
WT_APP,31,2089154132,0.15239004771656728
WT_APP,32,1584690825,0.14656111280702355
WT_APP,33,795962858,0.1684885243621823
WT_APP,34,827737825,0.14262629190999987
WT_APP,35,234713593,0.1396983894091498
WT_APP,36,885327366,0.17873515521354755
WT_APP,37,928832081,0.14522754893884815
WT_APP,38,1947615286,0.1702438849983534
WT_APP,39,20360091,0.15666705363957723
WT_APP,40,1806363173,0.14561682189207592
WT_APP,41,1312343691,0.1598551929225378
WT_APP,42,1762120781,0.15561403121033412
WT_APP,43,1700607009,0.1641124339299247
WT_APP,44,1634649145,0.18772731156590117
WT_APP,45,1036024353,0.1643353578578589
WT_APP,46,261494503,0.16065175310948643
WT_APP,47,2001682155,0.1867114360407105
WT_APP,48,1311960750,0.158900688713684
WT_APP,49,295114914,0.16872062350564765
WT_APP,50,2006889349,0.15847939580646953
WT_APP,51,1524829245,0.1572078190065811
WT_APP,52,319434624,0.18055110299224675
WT_APP,53,2032667552,0.16073661006340056
WT_APP,54,1564774687,0.1795102200486367
WT_APP,55,2092577640,0.16844701590212197
WT_APP,56,1166111204,0.16493276151411695
WT_APP,57,1607521147,0.1612388307947199
WT_APP,58,1324596573,0.1635311375105063
WT_APP,59,1726642687,0.15282713230165146
WT_APP,60,1888313977,0.17510828776931686
WT_APP,61,1985561720,0.17268534427090498
WT_APP,62,485771147,0.14892483704017911
WT_APP,63,1796771385,0.16493846677879864
WT_APP,64,766643757,0.1467412991267545
WT_APP,65,554969948,0.1566654626498747
WT_APP,66,1418387863,0.1802484218996816
WT_APP,67,1770578616,0.1661852599872613
WT_APP,68,507183781,0.1377190526301273
WT_APP,69,1782558243,0.15236862094152326
WT_APP,70,895155732,0.16434306284792655
WT_APP,71,720148324,0.157746889742981
WT_APP,72,1582122199,0.1655774149417003
WT_APP,73,1951878275,0.14835868360993132
WT_APP,74,850305651,0.15827112911929775
WT_APP,75,146415610,0.15294444686326736
WT_APP,76,506504968,0.1582783068476128
WT_APP,77,1164456162,0.18920809125781235
WT_APP,78,1436613566,0.17106108892923932
WT_APP,79,492357652,0.16129778770488523
WT_APP,80,1275714321,0.1598763011727362
WT_APP,81,115492695,0.155795887907066
WT_APP,82,1538334324,0.15014466635201118
WT_APP,83,405827099,0.15907542142018405
WT_APP,84,1328323725,0.1700499946531302
WT_APP,85,1167083081,0.16271838324913213
WT_APP,86,776272372,0.16647245958900359
WT_APP,87,1135007690,0.15039643659049284
WT_APP,88,598824061,0.1693815286409338
WT_APP,89,623301253,0.1787874121083317
WT_APP,90,2042901480,0.15951621137714855
WT_APP,91,2089944286,0.1719764155576501
WT_APP,92,1201751906,0.17037412332312707
WT_APP,93,1707274007,0.14605905317669343
WT_APP,94,2031444617,0.15631939202422784
WT_APP,95,1021644827,0.1580828490896432
WT_APP,96,1106617184,0.16366260103494612
WT_APP,97,1572947672,0.17184578675093243
WT_APP,98,1398504477,0.16351605790682278
WT_APP,99,679618480,0.16351306907476104
WT_APP,100,949908563,0.15639780034137551
WT_APP,101,1207517352,0.15186713500358207
WT_APP,102,187023557,0.15484212781626916
WT_APP,103,1770826633,0.1611173177028451
WT_APP,104,1828791894,0.13848281866236878
WT_APP,105,1650385550,0.1588011691421395
WT_APP,106,2024312387,0.16024608945041718
WT_APP,107,713476268,0.14393747931920386
WT_APP,108,833980942,0.1530175901945966
WT_APP,109,431114972,0.1661583163751248
WT_APP,110,748314594,0.17944608644131566
WT_APP,111,1200911963,0.1651578333889857
WT_APP,112,471004452,0.16799950246540607
WT_APP,113,2043566600,0.16160206099685182
WT_APP,114,649706143,0.13741923869389172
WT_APP,115,1475293331,0.15329818282745045
WT_APP,116,1124343835,0.1569676583851468
WT_APP,117,1214988953,0.16944980885050487
WT_APP,118,1097660233,0.17359340548399815
WT_APP,119,717688485,0.16954793636238918
WT_APP,120,1685021382,0.16045952416521236
WT_APP,121,183310502,0.16837476492201664
WT_APP,122,1180167195,0.16763311654729285
WT_APP,123,1169903192,0.16178251570657887
WT_APP,124,1816866468,0.15236829709454458
WT_APP,125,1479710564,0.1764918299323054
WT_APP,126,2090364692,0.144931778751744
WT_APP,127,1407829394,0.1540925008629267
WT_APP,128,1049090756,0.17186341136503258
WT_APP,129,994331888,0.15653344288194215
WT_APP,130,1353082921,0.16453736024267984
WT_APP,131,776233179,0.178546829981442
WT_APP,132,1630058456,0.14950230523126606
WT_APP,133,1095315234,0.15543593244189324
WT_APP,134,836718530,0.1569213929708474
WT_APP,135,2145318134,0.14882109011888123
WT_APP,136,155261315,0.15817759819346888
WT_APP,137,1648629676,0.16748394571554925
WT_APP,138,1802889087,0.1700724953107895
WT_APP,139,602130665,0.15809131447043512
WT_APP,140,524135792,0.16135565606841673
WT_APP,141,2119290153,0.16583263426491412
WT_APP,142,1571539399,0.16696648132537129
WT_APP,143,1070476079,0.16373180279294564
WT_APP,144,581369686,0.20867885500302685
WT_APP,145,614966956,0.1602050471896994
WT_APP,146,1961164653,0.16069131033590656
WT_APP,147,629468240,0.16745748301488028
WT_APP,148,671227043,0.17298440306305995
WT_APP,149,2008597877,0.16461961806115488
WT_APP,150,1912498063,0.16623346241116888
WT_APP,151,923400812,0.17068592737970745
WT_APP,152,119548267,0.17769636131880606
WT_APP,153,635489067,0.15387761180898296
WT_APP,154,1135384881,0.15837587667491615
WT_APP,155,1453114974,0.16324396997847102
WT_APP,156,1504386840,0.16861714107292725
WT_APP,157,116038368,0.1431326918032585
WT_APP,158,1265436135,0.16638665263626295
WT_APP,159,188268166,0.1487255812343372
WT_APP,160,1706701406,0.15915466126866318
WT_APP,161,1123818089,0.18843408304876552
WT_APP,162,1152567945,0.16122063205668546
WT_APP,163,594891875,0.152672720951179
WT_APP,164,98731910,0.1504664849362024
WT_APP,165,294718390,0.15671616172924685
WT_APP,166,1578881655,0.15534508695365012
WT_APP,167,1342538131,0.14102402339935183
WT_APP,168,6348679,0.15335632725779635
WT_APP,169,337927610,0.15010220440697264
WT_APP,170,665202746,0.14055716465818668
WT_APP,171,1457268510,0.16049996290424873
WT_APP,172,1715226489,0.17923064417243928
WT_APP,173,93704412,0.15204676043838794
WT_APP,174,1457594157,0.16601142030009186
WT_APP,175,1143532274,0.1578414408530331
WT_APP,176,1312299396,0.1568787559163637
WT_APP,177,164139233,0.19226085405400573
WT_APP,178,200772926,0.1644381249392961
WT_APP,179,1232075063,0.1475523898633656
WT_APP,180,44926675,0.14236043025464984
WT_APP,181,1749609668,0.15694295433891448
WT_APP,182,28642755,0.1792553549302599
WT_APP,183,1197810882,0.17316397450017573
WT_APP,184,532510019,0.15859211616505542
WT_APP,185,1626667364,0.1814428080009285
WT_APP,186,1126199977,0.14663437812860014
WT_APP,187,1949173588,0.16528137558843525
WT_APP,188,160894178,0.1440359842955513
WT_APP,189,791043630,0.16117935707671127
WT_APP,190,308235628,0.17357799582363442
WT_APP,191,1841158085,0.17081012557670872
WT_APP,192,5146071,0.15435361869714603
WT_APP,193,1481216939,0.1811061338021972
WT_APP,194,296556920,0.16664745030846628
WT_APP,195,1073425437,0.16908650652199742
WT_APP,196,1979101830,0.1606528046034872
WT_APP,197,537834808,0.16331415095367985
WT_APP,198,1663922564,0.15189569505226097
WT_APP,199,1229694926,0.18395154070712294
WT_APP,200,611350434,0.15732327593039364
WT_APP,201,1699185918,0.16703817899475182
WT_APP,202,2082201543,0.1575079879207908
WT_APP,203,653368828,0.15904902161899648
WT_APP,204,1447270606,0.16525193336709965
WT_APP,205,2111513851,0.16141294360689917
WT_APP,206,450253676,0.16209586764969952
WT_APP,207,1955421140,0.17463221593736222
WT_APP,208,868065036,0.1623438371755226
WT_APP,209,629892035,0.15713707598269333
WT_APP,210,1418304021,0.1661111884519587
WT_APP,211,119294986,0.16076352411829598
WT_APP,212,1237450200,0.16249733246585407
WT_APP,213,335062879,0.1479980577863511
WT_APP,214,2010051169,0.13529722259723997
WT_APP,215,585226602,0.1494191738122681
WT_APP,216,1614326311,0.15284321392676448
WT_APP,217,1163707071,0.15277807403369192
WT_APP,218,1484953197,0.15752453633108054
WT_APP,219,345410930,0.15434370105350326
WT_APP,220,179610799,0.1703745562239981
WT_APP,221,1094265044,0.19830697803357833
WT_APP,222,1410256014,0.16876361242091154
WT_APP,223,980383147,0.17389674576014746
WT_APP,224,292910662,0.18025586246434555
WT_APP,225,1198346622,0.16159973607453426
WT_APP,226,1385186422,0.18220326346911453
WT_APP,227,1897019045,0.1682694845378785
WT_APP,228,681299997,0.1516996091337246
WT_APP,229,1947062464,0.14374632178843194
WT_APP,230,645182272,0.15154350395348437
WT_APP,231,1423329358,0.15669743358648547
WT_APP,232,1597534239,0.17383585024080173
WT_APP,233,1088099801,0.15995106846174922
WT_APP,234,172419841,0.1432621490877527
WT_APP,235,1796719543,0.14913058757856712
WT_APP,236,1556465252,0.1539808233945109
WT_APP,237,1947014721,0.17492187479600085
WT_APP,238,1613126033,0.15099569393093737
WT_APP,239,1028682777,0.14212660836117197
WT_APP,240,204757408,0.15808894409815388
WT_APP,241,93138177,0.16311655233975875
WT_APP,242,1121660401,0.16636583807636907
WT_APP,243,548220956,0.16838217158313684
WT_APP,244,1898562516,0.15500748430012
WT_APP,245,1393338725,0.1488139339129736
WT_APP,246,987270001,0.16429527765911434
WT_APP,247,5517966,0.150184087958125
WT_APP,248,1813710054,0.15452461303317866
WT_APP,249,467429401,0.1745424384179015
WT_APP,250,444325204,0.1701832095851713
WT_APP,251,769367065,0.14515127713600384
WT_APP,252,1607064858,0.1623159677495376
WT_APP,253,831787592,0.16677741187202033
WT_APP,254,1324414446,0.14689697599744667
WT_APP,255,1934373880,0.16005695049971158
WT_APP,256,807106644,0.14300929219214753
WT_APP,257,148867117,0.18373256804021032
WT_APP,258,1320951644,0.1842815903000733
WT_APP,259,979825312,0.18062168697471825
WT_APP,260,416502255,0.15017176538810573
WT_APP,261,1087740740,0.149251203636943
WT_APP,262,557360559,0.1586619131151381
WT_APP,263,932295291,0.16186659409523674
WT_APP,264,8571933,0.16716039280496886
WT_APP,265,1130815721,0.18955631042139653
WT_APP,266,1809710269,0.15465050361468358
WT_APP,267,1725668356,0.15693203583627724
WT_APP,268,1522508202,0.16472939555237975
WT_APP,269,289742329,0.15965491803437293
WT_APP,270,1608169332,0.15113525726799748
WT_APP,271,745416771,0.16279711340402314
WT_APP,272,1967187875,0.11979992822420127
WT_APP,273,1726656863,0.16454210874423802
WT_APP,274,242404067,0.17656474050388338
WT_APP,275,297582585,0.16932449641742597
WT_APP,276,1907870090,0.14844389299567884
WT_APP,277,1092309454,0.15836229217216846
WT_APP,278,1980071334,0.14566184224422418
WT_APP,279,335897191,0.173480637189233
WT_APP,280,534937119,0.17772961536783694
WT_APP,281,2060485638,0.1662008657120534
WT_APP,282,701690243,0.15936358993308963
WT_APP,283,1402520396,0.1576387831463515
WT_APP,284,2008014796,0.16973720368419232
WT_APP,285,1759885351,0.1638193631451682
WT_APP,286,1101197287,0.17755300829474685
WT_APP,287,1552889851,0.15582409690173427
WT_APP,288,21269012,0.16186049609118003
WT_APP,289,1882107717,0.15071012413318496
WT_APP,290,1127412283,0.1601008533143512
WT_APP,291,228268129,0.16830075565859126
WT_APP,292,277263006,0.1551470431976586
WT_APP,293,643484794,0.15605841181830338
WT_APP,294,372245511,0.1459440112616922
WT_APP,295,1261697812,0.16220061372247385
WT_APP,296,1817393177,0.1785449563802688
WT_APP,297,925140423,0.17360374653626875
WT_APP,298,1830056220,0.160172124256181
WT_APP,299,24489061,0.15578307349418108
WT_APP,300,752365757,0.16449755984661085
WT_APP,301,1181205215,0.13912271630776707
WT_APP,302,1081144623,0.1417820789190064
WT_APP,303,751420257,0.1772827626758796
WT_APP,304,1233702854,0.19178655581877946
WT_APP,305,1554176093,0.1586142125672232
WT_APP,306,454744920,0.16577909567490923
WT_APP,307,979075540,0.1575737674929918
WT_APP,308,1092893789,0.14290710783436666
WT_APP,309,1342475907,0.16470654302017673
WT_APP,310,1138372477,0.17218748472439116
WT_APP,311,1453078380,0.17699660107691162
WT_APP,312,1253156288,0.15119436491541138
WT_APP,313,658913043,0.15184007973996005
WT_APP,314,69233552,0.16497533884359183
WT_APP,315,1230991069,0.1540594749166082
WT_APP,316,1484113866,0.16843016865635652
WT_APP,317,494310682,0.15368543455569705
WT_APP,318,253384354,0.17606266017224148
WT_APP,319,697108050,0.17106093972530112
WT_APP,320,174860600,0.15337199627556253
WT_APP,321,771712380,0.17190752912760054
WT_APP,322,2108178803,0.14631112755894904
WT_APP,323,736555051,0.14149124215631959
WT_APP,324,76681172,0.1614722865087106
WT_APP,325,1873423432,0.1713577121438402
WT_APP,326,1138906903,0.1885836097067698
WT_APP,327,4247351,0.16418870743763048
WT_APP,328,1284288069,0.16337752052622578
WT_APP,329,1355663434,0.1612953854799951
WT_APP,330,1738135390,0.17996760523384991
WT_APP,331,650952911,0.1616234840695906
WT_APP,332,1478870465,0.17923967676645913
WT_APP,333,1526922955,0.1498864256478405
WT_APP,334,392459589,0.14027870553112698
WT_APP,335,1084699533,0.16668584696206956
WT_APP,336,1454775621,0.1397127003031794
WT_APP,337,1318156940,0.17432089888044133
WT_APP,338,1906905067,0.14896809042541737
WT_APP,339,1344126599,0.15468996141710378
WT_APP,340,1235164274,0.1664855691910998
WT_APP,341,890594768,0.1591956798038071
WT_APP,342,1369372713,0.15965810953854775
WT_APP,343,901191243,0.15260801256633427
WT_APP,344,538438256,0.1504831339982612
WT_APP,345,1391013568,0.14507438725010313
WT_APP,346,1852640840,0.16353266328175742
WT_APP,347,1134152305,0.16840163916288264
WT_APP,348,1795686004,0.1568101858497546
WT_APP,349,1754017973,0.15194130466668465
WT_APP,350,386062996,0.1525094027915519
WT_APP,351,1669783876,0.16384902874530316
WT_APP,352,876609385,0.1594546270828745
WT_APP,353,1289322669,0.15298489015818695
WT_APP,354,1258852975,0.1518959588459735
WT_APP,355,718261719,0.14939844501391286
WT_APP,356,1143328754,0.14880480491907078
WT_APP,357,1095520514,0.17401459596118696
WT_APP,358,741632329,0.1607308987026853
WT_APP,359,1982228406,0.1677693064818674
WT_APP,360,221564287,0.19961472605359198
WT_APP,361,1084784619,0.14962294394130338
WT_APP,362,1036625969,0.14750829801262044
WT_APP,363,696462660,0.16266730383921957
WT_APP,364,1168839966,0.1540649109485498
WT_APP,365,1730639108,0.1649786541460666
WT_APP,366,479849576,0.17163917022885578
WT_APP,367,1132254094,0.16559806760777285
WT_APP,368,854943543,0.17482249786924642
WT_APP,369,1476860142,0.1596809551709666
WT_APP,370,1837384940,0.15414440360264825
WT_APP,371,1603293997,0.14537720641164675
WT_APP,372,794963196,0.17842675455359525
WT_APP,373,1193730265,0.18429159861730393
WT_APP,374,706589023,0.1594704700662155
WT_APP,375,1691361566,0.16399294467374592
WT_APP,376,1841398536,0.15844861955041523
WT_APP,377,1352872064,0.17512039428451942
WT_APP,378,831902113,0.16373656722781638
WT_APP,379,639091588,0.15125828108535577
WT_APP,380,203671278,0.14593036505566004
WT_APP,381,652560519,0.15806769105299112
WT_APP,382,1091383632,0.15962041703394425
WT_APP,383,1450019053,0.1390137249521748
WT_APP,384,720445670,0.16630013590100023
WT_APP,385,1050028799,0.14781937822180224
WT_APP,386,923960327,0.16116337244319956
WT_APP,387,149679871,0.15982316919760464
WT_APP,388,486692895,0.15480901677818637
WT_APP,389,1993131039,0.1470345225276296
WT_APP,390,1918657403,0.1770420765422046
WT_APP,391,112998295,0.1578496404911124
WT_APP,392,22723387,0.14810764581960179
WT_APP,393,851207155,0.1596168455419137
WT_APP,394,1380115545,0.14392913177807198
WT_APP,395,1588491975,0.16945167502788294
WT_APP,396,371744092,0.1694720341810202
WT_APP,397,929063553,0.16711090701720321
WT_APP,398,1405243058,0.15425406823975418
WT_APP,399,668764968,0.1426409534815083
WT_APP,400,664136365,0.15800622617794602
WT_APP,401,175592453,0.16325792245328075
WT_APP,402,115119106,0.14263034457867785
WT_APP,403,948608325,0.15853543357777466
WT_APP,404,1428994965,0.16230401025336316
WT_APP,405,747804757,0.1514372921992433
WT_APP,406,822271218,0.1724254590015255
WT_APP,407,363894321,0.1516743903698795
WT_APP,408,1020292579,0.15673084478778632
WT_APP,409,947587320,0.15761805059623202
WT_APP,410,487545779,0.14781027864422402
WT_APP,411,156972823,0.13989845079470853
WT_APP,412,1583999763,0.17173993162543288
WT_APP,413,2050730246,0.15637827161202256
WT_APP,414,1830857469,0.14247393926693896
WT_APP,415,1917812877,0.1743727931365373
WT_APP,416,574067442,0.1724465918867053
WT_APP,417,1855389689,0.1581625000723661
WT_APP,418,197884476,0.15465807206450177
WT_APP,419,1105674467,0.15236660730419205
WT_APP,420,910064281,0.18697840165761637
WT_APP,421,1924847498,0.1580723160972397
WT_APP,422,463248044,0.16577112351850698
WT_APP,423,1904340934,0.15200168588648155
WT_APP,424,2091896550,0.18701009288640458
WT_APP,425,1105554434,0.1336618593002029
WT_APP,426,1325643672,0.16918553661299895
WT_APP,427,912542713,0.16528574465773904
WT_APP,428,1048441453,0.15564860478447395
WT_APP,429,452500860,0.16904075054563183
WT_APP,430,189382598,0.17737930703140825
WT_APP,431,916069281,0.17150931825685067
WT_APP,432,884366036,0.16728954522489292
WT_APP,433,279990589,0.1393568375919747
WT_APP,434,100346410,0.16921626929757394
WT_APP,435,1098221100,0.13454424404069132
WT_APP,436,1832444271,0.14750173788761767
WT_APP,437,108195029,0.14002253761670624
WT_APP,438,1173763381,0.16185565058189044
WT_APP,439,599885103,0.16835540090013423
WT_APP,440,1079038378,0.159484595308388
WT_APP,441,2050905237,0.16472470476502088
WT_APP,442,1787897613,0.18090858153094547
WT_APP,443,211711869,0.1600802205499966
WT_APP,444,1345404546,0.1626080674468161
WT_APP,445,1907271813,0.16045136953688
WT_APP,446,635505328,0.16155864905448558
WT_APP,447,1192306611,0.14815687914708642
WT_APP,448,945577248,0.15511275024608318
WT_APP,449,2130537863,0.1683983674914008
WT_APP,450,841422977,0.165897847844107
WT_APP,451,106106612,0.14223805065951356
WT_APP,452,1152807824,0.1452229732415612
WT_APP,453,232654530,0.17091185873763937
WT_APP,454,2103942118,0.1820190693886251
WT_APP,455,601839537,0.16005682177928604
WT_APP,456,199019336,0.14939485199234837
WT_APP,457,1779963117,0.1560942592408382
WT_APP,458,1033589046,0.16131770022760827
WT_APP,459,315232059,0.14645366612383792
WT_APP,460,1508575629,0.13349766347381664
WT_APP,461,1267030113,0.15770520723675607
WT_APP,462,624048423,0.1821328542767563
WT_APP,463,713646534,0.15186868182294555
WT_APP,464,1445558974,0.16676606547473072
WT_APP,465,785074673,0.1737294419884372
WT_APP,466,451575220,0.13719484729601272
WT_APP,467,505286024,0.14982422354717773
WT_APP,468,730732118,0.148696474221248
WT_APP,469,919152628,0.15697126813484308
WT_APP,470,1575662918,0.17136265989539967
WT_APP,471,610909374,0.17700207614808927
WT_APP,472,105054310,0.18412819742901976
WT_APP,473,1348933559,0.1351754127987672
WT_APP,474,2094836758,0.17155292415534573
WT_APP,475,1853058313,0.16288534244592723
WT_APP,476,1792117310,0.14360723908716966
WT_APP,477,750719139,0.15542804202567806
WT_APP,478,206902038,0.1449263564479828
WT_APP,479,729124030,0.17105427077324353
WT_APP,480,1315018297,0.16274318594237425
WT_APP,481,1727965830,0.15341213906175943
WT_APP,482,1478304942,0.17165919162657317
WT_APP,483,787149155,0.17172323205025009
WT_APP,484,1481742125,0.15193478571341013
WT_APP,485,263753628,0.16088642975455347
WT_APP,486,1896342784,0.11788652306327874
WT_APP,487,1999753355,0.1509580297282811
WT_APP,488,933378979,0.16353028327858155
WT_APP,489,2045029644,0.17196579620771146
WT_APP,490,2059010343,0.1502704821173847
WT_APP,491,1971391775,0.1487062981169449
WT_APP,492,894396296,0.14949294169722827
WT_APP,493,1553010529,0.17542601696675952
WT_APP,494,511546458,0.14906073036674927
WT_APP,495,1190770236,0.14958182840066925
WT_APP,496,999893720,0.15368905527462773
WT_APP,497,19161780,0.1386593137988058
WT_APP,498,1381773092,0.15842565084270976
WT_APP,499,1663017782,0.1445736285201329
WT_APP,500,288787179,0.14799259095504824
WT_APP,501,1407516788,0.16352873033980675
WT_APP,502,718149623,0.17128832166292918
WT_APP,503,101907906,0.1768143075994434
WT_APP,504,669054731,0.16992228916767194
WT_APP,505,392509155,0.16377720213720726
WT_APP,506,49007293,0.17656709141768478
WT_APP,507,259604633,0.15876952518916676
WT_APP,508,1331259120,0.17221164034558556
WT_APP,509,90516434,0.16164255204488753
WT_APP,510,1657296541,0.14711598094141198
WT_APP,511,1212403478,0.17277787868263128
WT_APP,512,1134428355,0.15706209673040938
WT_APP,513,875040615,0.15328790308229112
WT_APP,514,1025068568,0.17376312407269068
WT_APP,515,1543522376,0.1611085453417691
WT_APP,516,2034224097,0.15675825947271116
WT_APP,517,2122804177,0.1629203277952238
WT_APP,518,417569457,0.16597527654004995
WT_APP,519,178014852,0.15680976498143961
WT_APP,520,1760974913,0.17866545556564983
WT_APP,521,564726355,0.170100846194419
WT_APP,522,90090936,0.1529025769329343
WT_APP,523,769712491,0.1803500884913748
WT_APP,524,610730534,0.1547245451944368
WT_APP,525,945607613,0.15921874516908274
WT_APP,526,1576493626,0.1569410262332872
WT_APP,527,844869526,0.15789538515754187
WT_APP,528,71093561,0.15475582052614245
WT_APP,529,501347217,0.18180422426123322
WT_APP,530,1461401627,0.17219623934244654
WT_APP,531,357297029,0.161440170639517
WT_APP,532,1908468682,0.1827172901366726
WT_APP,533,300203741,0.14326505369494236
WT_APP,534,1514637488,0.1649689258693976
WT_APP,535,885073883,0.15469105099749592
WT_APP,536,559954225,0.17244118330419766
WT_APP,537,173918306,0.1634615764504359
WT_APP,538,415444693,0.1673811788120544
WT_APP,539,1679883051,0.17531022485349013
WT_APP,540,1755056566,0.16845300377925165
WT_APP,541,1127380566,0.14814157049267485
WT_APP,542,1977911882,0.1406162559012124
WT_APP,543,537528373,0.16156212274257964
WT_APP,544,1034000942,0.17647664663184381
WT_APP,545,1487675429,0.13609533047507094
WT_APP,546,223016621,0.16087315412416936
WT_APP,547,1747417592,0.17289790284753148
WT_APP,548,1094768051,0.18924688297709125
WT_APP,549,1526124100,0.15609677147526624
WT_APP,550,1877323257,0.17858387500170514
WT_APP,551,1867990615,0.15450308023114445
WT_APP,552,966997632,0.1666796932789295
WT_APP,553,1213912295,0.16028118248230716
WT_APP,554,789661304,0.1640854871640145
WT_APP,555,1194522401,0.1522921716872675
WT_APP,556,1437367194,0.14623853837727208
WT_APP,557,566678062,0.15374568557513635
WT_APP,558,1167369045,0.15199975836512947
WT_APP,559,691145897,0.17353692870337267
WT_APP,560,109803799,0.1441139455928676
WT_APP,561,1574118449,0.14281966060251927
WT_APP,562,925063740,0.17474745882631026
WT_APP,563,1319795185,0.1649853074387222
WT_APP,564,1016475553,0.15609493968643906
WT_APP,565,1305500648,0.17688012184102964
WT_APP,566,520641374,0.1573287163161997
WT_APP,567,583100822,0.16963535381539796
WT_APP,568,230350251,0.17307430908861998
WT_APP,569,939536842,0.16890867039398327
WT_APP,570,1008979974,0.16241385362973737
WT_APP,571,1668040167,0.15081504699618875
WT_APP,572,2134175534,0.15484327190148428
WT_APP,573,280129314,0.15278202436583632
WT_APP,574,1308141903,0.1508118781517408
WT_APP,575,845651533,0.18126078426242176
WT_APP,576,2034242989,0.15180632636512015
WT_APP,577,1533232926,0.13790763621576174
WT_APP,578,1860142160,0.1809336327548008
WT_APP,579,1909019070,0.1539709716410116
WT_APP,580,588589963,0.15850218561808294
WT_APP,581,1740786930,0.17949921642858724
WT_APP,582,1318535027,0.16807481900362742
WT_APP,583,166704068,0.16615106129375667
WT_APP,584,171098111,0.15316843603231411
WT_APP,585,513227287,0.1489435464051525
WT_APP,586,1073430027,0.15328169414802306
WT_APP,587,656831511,0.16547538502105197
WT_APP,588,1542666441,0.15500337767183126
WT_APP,589,1647402410,0.17077922210966645
WT_APP,590,2073553440,0.16069648789617896
WT_APP,591,1910457137,0.15608122548816217
WT_APP,592,890839648,0.14830213325878527
WT_APP,593,728864450,0.16739754952749386
WT_APP,594,387345151,0.1658026587807525
WT_APP,595,878006857,0.17710185988753413
WT_APP,596,745040258,0.16437447762913493
WT_APP,597,2055507509,0.16396763939722037
WT_APP,598,825817198,0.1502500946308044
WT_APP,599,268323294,0.16709812438928484
WT_APP,600,2122340735,0.18383204747052984
WT_APP,601,2080632765,0.1392836778357771
WT_APP,602,1369749045,0.16849715529758247
WT_APP,603,95884214,0.13956176924332553
WT_APP,604,752981897,0.15439243411399473
WT_APP,605,859683542,0.16042223617960005
WT_APP,606,1235307691,0.1581673290450908
WT_APP,607,1153874468,0.14762983393140183
WT_APP,608,1379930760,0.1571483419476314
WT_APP,609,1053572098,0.15500851204661248
WT_APP,610,1079024494,0.1627094109345647
WT_APP,611,767860524,0.13775052092286022
WT_APP,612,2088624389,0.182316636010725
WT_APP,613,1419110393,0.17884208964629222
WT_APP,614,682350704,0.15748999870986058
WT_APP,615,803191004,0.14526294395401562
WT_APP,616,1988955772,0.16152199255860544
WT_APP,617,835422854,0.1361496031771936
WT_APP,618,933625419,0.15661562030992138
WT_APP,619,1606063369,0.15936696292022035
WT_APP,620,325005509,0.15968921100060685
WT_APP,621,1206194806,0.15056725767558576
WT_APP,622,1005141042,0.1509874076522707
WT_APP,623,1414047677,0.1648556904250975
WT_APP,624,1169183141,0.15193408041046597
WT_APP,625,1185583278,0.1700629011012048
WT_APP,626,793531327,0.14550106286061404
WT_APP,627,289330554,0.1383465990460171
WT_APP,628,1382219026,0.17751157854899768
WT_APP,629,134301586,0.15818161161453848
WT_APP,630,1981462919,0.15259076182886577
WT_APP,631,1406450690,0.17117511814959296
WT_APP,632,1817275181,0.1639100834914594
WT_APP,633,2058023593,0.14068873142782068
WT_APP,634,1312784628,0.16211995615686137
WT_APP,635,238717930,0.1758110302168161
WT_APP,636,833013957,0.1410598358560966
WT_APP,637,1007629002,0.1654988103027608
WT_APP,638,1105779143,0.1684229420274117
WT_APP,639,1765421610,0.15218894970613894
WT_APP,640,1687059998,0.15209173567944045
WT_APP,641,1398681864,0.17085689492479905
WT_APP,642,832624148,0.15324459663724843
WT_APP,643,1988420735,0.1729943111671065
WT_APP,644,1135610529,0.14788711163711465
WT_APP,645,158580803,0.145215725760235
WT_APP,646,2082131284,0.16067040660353282
WT_APP,647,1944530849,0.18452162263953398
WT_APP,648,773139052,0.1720396513356034
WT_APP,649,235019416,0.16108240128389162
WT_APP,650,1841573253,0.16373085661366205
WT_APP,651,394508842,0.16754262322179891
WT_APP,652,1566184190,0.17895844686891682
WT_APP,653,2090538557,0.17090446231010104
WT_APP,654,997038202,0.16215874228168947
WT_APP,655,1185505910,0.13155325992251
WT_APP,656,1853451552,0.1515695784901634
WT_APP,657,116416765,0.1327463322841007
WT_APP,658,899532266,0.15190618004198697
WT_APP,659,1472191041,0.16474577062000606
WT_APP,660,136818040,0.16005762611959318
WT_APP,661,383995295,0.16300720016953385
WT_APP,662,382400861,0.16045833882935556
WT_APP,663,330630304,0.16458164787318352
WT_APP,664,1129132225,0.15283585132544697
WT_APP,665,2086558954,0.13796709104956828
WT_APP,666,1962751371,0.17273530305571383
WT_APP,667,1204174248,0.1424731184851521
WT_APP,668,904359734,0.14433974842118413
WT_APP,669,1401211696,0.1635420604180332
WT_APP,670,1439873323,0.1689634709435529
WT_APP,671,1575071493,0.17014587594779607
WT_APP,672,131243323,0.18039545866754325
WT_APP,673,1929875341,0.150173360741498
WT_APP,674,1780881320,0.15204505212957775
WT_APP,675,1306493950,0.17091853005263047
WT_APP,676,293547084,0.14221616059376285
WT_APP,677,1724113222,0.1543624572713932
WT_APP,678,524420354,0.15886741035663055
WT_APP,679,2041857175,0.1818848158897085
WT_APP,680,1979686068,0.15114676449481257
WT_APP,681,671117830,0.15566376752111444
WT_APP,682,434888613,0.1642267967055835
WT_APP,683,1948803462,0.15310988601201458
WT_APP,684,1537385826,0.1641972996104818
WT_APP,685,195615559,0.1885296652998164
WT_APP,686,1355314879,0.17159935588403297
WT_APP,687,1882685818,0.17067304633325608
WT_APP,688,1798151093,0.16519115543537533
WT_APP,689,1613186133,0.16444577042588093
WT_APP,690,20322004,0.16888793078124686
WT_APP,691,696977269,0.14998505870627354
WT_APP,692,1813870592,0.15066505847277178
WT_APP,693,1899032643,0.1722745971728974
WT_APP,694,1466051301,0.15636360217259748
WT_APP,695,1689921570,0.14326028264678625
WT_APP,696,967741171,0.1855372034677647
WT_APP,697,942263667,0.14618420336485916
WT_APP,698,53403616,0.17312482872343915
WT_APP,699,971312116,0.15972966952887546
WT_APP,700,1990983560,0.19035343112122338
WT_APP,701,637845063,0.15283692896855106
WT_APP,702,1429713400,0.15286904350617736
WT_APP,703,942165485,0.17131359393124124
WT_APP,704,1314773560,0.17160705115302877
WT_APP,705,1952237104,0.1629301123941722
WT_APP,706,125615984,0.16125027426344507
WT_APP,707,876277033,0.1457117879761637
WT_APP,708,349727775,0.14187232377561365
WT_APP,709,1079197167,0.15709030428982296
WT_APP,710,430028903,0.15989754505094866
WT_APP,711,1167889556,0.1662806009573382
WT_APP,712,353493562,0.15863967301846593
WT_APP,713,1055660949,0.170647110254055
WT_APP,714,791946454,0.13699295295527247
WT_APP,715,691513402,0.14688193790284487
WT_APP,716,823135085,0.1557253829446994
WT_APP,717,385872950,0.16068466944402304
WT_APP,718,892863115,0.16583125381647734
WT_APP,719,1771027518,0.16883329125540458
WT_APP,720,1023985163,0.160188269065224
WT_APP,721,699908389,0.17057833658470356
WT_APP,722,1723623528,0.1753027521020275
WT_APP,723,1060112861,0.1774161666937789
WT_APP,724,775697697,0.1619072011871172
WT_APP,725,914221317,0.16033405521829347
WT_APP,726,914226925,0.16528723401768664
WT_APP,727,1665172043,0.15576446739172878
WT_APP,728,538379890,0.17749500962143172
WT_APP,729,730104437,0.15444362281136736
WT_APP,730,1535131436,0.1471687752659585
WT_APP,731,832698655,0.15923546305284764
WT_APP,732,819633903,0.14398496191468857
WT_APP,733,21983251,0.15505675629362003
WT_APP,734,376470723,0.14328213963888836
WT_APP,735,473360674,0.14174459782923832
WT_APP,736,357358077,0.16114818426596778
WT_APP,737,36934539,0.15256119683512825
WT_APP,738,62036292,0.1578946261714942
WT_APP,739,1339941533,0.1441896053327022
WT_APP,740,1224447017,0.14052839436822384
WT_APP,741,505700766,0.18745652060511064
WT_APP,742,136346703,0.16466305869669595
WT_APP,743,1100584369,0.1611804701669921
WT_APP,744,787395197,0.15475109909408324
WT_APP,745,1892051281,0.14223448146017514
WT_APP,746,311787122,0.17603494473863168
WT_APP,747,247181946,0.18583098395868491
WT_APP,748,1218037330,0.1461703360349763
WT_APP,749,162420083,0.15131126985375543
WT_APP,750,974891928,0.1560953215624482
WT_APP,751,1359840377,0.15766226157558283
WT_APP,752,1813395977,0.1698191358947243
WT_APP,753,970276504,0.1645278875199957
WT_APP,754,896585853,0.1553881935655912
WT_APP,755,1694905713,0.16261218630520158
WT_APP,756,981635880,0.1557324828981993
WT_APP,757,1776559361,0.16706181316158875
WT_APP,758,1556937935,0.16306030973385088
WT_APP,759,592980934,0.15158118419518896
WT_APP,760,1103779950,0.15130648265815683
WT_APP,761,1860195657,0.15512772568171118
WT_APP,762,1385674819,0.14396426216940295
WT_APP,763,571558185,0.15622545575093016
WT_APP,764,1662344519,0.1567178024125121
WT_APP,765,578354249,0.1484075656367544
WT_APP,766,1126760394,0.16347603455937354
WT_APP,767,1394757416,0.1547620666941104
WT_APP,768,1184395496,0.17402569294716952
WT_APP,769,16973525,0.17498768700099832
WT_APP,770,1591568888,0.1516981217496286
WT_APP,771,1452960440,0.14680189360396156
WT_APP,772,401839159,0.19049921981485385
WT_APP,773,2142597872,0.14578678749678786
WT_APP,774,1580287293,0.15142876488198698
WT_APP,775,909117145,0.17361425237059414
WT_APP,776,1900600839,0.1595106162171972
WT_APP,777,1626654606,0.15991280334042324
WT_APP,778,408717747,0.13954587769389437
WT_APP,779,1229941804,0.15781783365018198
WT_APP,780,178958455,0.16205727387730273
WT_APP,781,1949276280,0.14936184149702825
WT_APP,782,401367842,0.1551104768880356
WT_APP,783,1993707769,0.1603865296090461
WT_APP,784,974316548,0.17164310281319006
WT_APP,785,1780159344,0.18584771175064219
WT_APP,786,1795096888,0.1698321027424231
WT_APP,787,1717561371,0.15506883517888814
WT_APP,788,1634256683,0.1567886012148625
WT_APP,789,865245121,0.14573705900487388
WT_APP,790,1345479026,0.1561632586106505
WT_APP,791,1670206566,0.17328206969830873
WT_APP,792,2108526689,0.16020292077697418
WT_APP,793,1320476281,0.14900618946260824
WT_APP,794,1965932144,0.15029519817923964
WT_APP,795,456823731,0.1503186472239345
WT_APP,796,1421050961,0.17772783551025872
WT_APP,797,833702718,0.16651944230700932
WT_APP,798,551035027,0.1686681580206678
WT_APP,799,261522120,0.1314584796689282
WT_APP,800,1670669949,0.15263003388351437
WT_APP,801,1458526387,0.14871019558822807
WT_APP,802,1990943210,0.1671507066377328
WT_APP,803,1892245666,0.1479148139417924
WT_APP,804,2076544495,0.1536589722823759
WT_APP,805,1478161006,0.18157381627400992
WT_APP,806,901448658,0.1601678790248564
WT_APP,807,252056989,0.1481920069221765
WT_APP,808,974191646,0.15349536246720874
WT_APP,809,773319848,0.17491744432896217
WT_APP,810,1750467249,0.14640307982418632
WT_APP,811,1301267049,0.16786452444570144
WT_APP,812,1153265327,0.14847138426621886
WT_APP,813,1175882943,0.14489985675689243
WT_APP,814,257482554,0.1662347860062361
WT_APP,815,198869633,0.1551388352218218
WT_APP,816,1788387451,0.16289116287764627
WT_APP,817,1920915760,0.15262414909401478
WT_APP,818,412609935,0.1345917868287564
WT_APP,819,108872100,0.14322966400728365
WT_APP,820,1316216511,0.16778344760180575
WT_APP,821,1237222633,0.17883708362918882
WT_APP,822,1529511379,0.16236542785515296
WT_APP,823,1438894672,0.16623053259229348
WT_APP,824,830702869,0.15789465835933458
WT_APP,825,1819863247,0.17068662993715733
WT_APP,826,854910266,0.1440677703674883
WT_APP,827,886396082,0.14852729421293365
WT_APP,828,1290211421,0.13272519408815375
WT_APP,829,1121789668,0.14878416216846924
WT_APP,830,1802980566,0.16828101601576217
WT_APP,831,2034601427,0.1763860100451241
WT_APP,832,1828328592,0.14206586079947525
WT_APP,833,916583617,0.17388002577733574
WT_APP,834,2062860669,0.16087333512368895
WT_APP,835,914457010,0.14544205264397325
WT_APP,836,1753000830,0.15233488168115228
WT_APP,837,1044131535,0.17088196077049556
WT_APP,838,317466738,0.1583034478061044
WT_APP,839,314815818,0.15360477009102902
WT_APP,840,140778720,0.16531134159502114
WT_APP,841,1463209345,0.14942265258480159
WT_APP,842,783847654,0.14115044992173276
WT_APP,843,322175356,0.17459690198810984
WT_APP,844,816641855,0.1632743399460288
WT_APP,845,1359555953,0.13455226469352222
WT_APP,846,673602876,0.2073639559810323
WT_APP,847,1652689647,0.15432358111345734
WT_APP,848,1926650913,0.1422952349720623
WT_APP,849,885649744,0.16986344532266262
WT_APP,850,576320515,0.15747413990957815
WT_APP,851,490240610,0.14147667865279367
WT_APP,852,1727856412,0.1555734122587824
WT_APP,853,1964310614,0.16977190815981458
WT_APP,854,2018707615,0.17478051708662712
WT_APP,855,481007580,0.17338646292563198
WT_APP,856,1969033022,0.16566204505048143
WT_APP,857,47640327,0.16407829578390054
WT_APP,858,916768053,0.15132210101013865
WT_APP,859,141097102,0.157046928392922
WT_APP,860,316600209,0.1525177335056367
WT_APP,861,819808037,0.16658592611589318
WT_APP,862,1422605725,0.1711739092409682
WT_APP,863,1080447737,0.1663956914310143
WT_APP,864,699178130,0.15251755176277504
WT_APP,865,1067657108,0.15580655054734616
WT_APP,866,103184276,0.1569536146694498
WT_APP,867,626701983,0.14470960371473784
WT_APP,868,138511509,0.16153878336030003
WT_APP,869,488776789,0.15342943987936308
WT_APP,870,594465282,0.17272600531522198
WT_APP,871,495822799,0.1792712252019939
WT_APP,872,1873837415,0.16532418094048595
WT_APP,873,281840931,0.16821962601587714
WT_APP,874,76156048,0.1485631777635844
WT_APP,875,727189757,0.17306878062408937
WT_APP,876,34732241,0.16596376730597007
WT_APP,877,2137425080,0.16345397586075894
WT_APP,878,918265983,0.17363970342937074
WT_APP,879,1244218332,0.1674523710630066
WT_APP,880,44996301,0.1608722719004959
WT_APP,881,730878558,0.16366661967299856
WT_APP,882,476788299,0.16878766614031726
WT_APP,883,1207082795,0.15899239746778382
WT_APP,884,1423494471,0.17072442745088823
WT_APP,885,607025272,0.15386489022029848
WT_APP,886,1791592918,0.20499252204170748
WT_APP,887,286966566,0.1596215151764131
WT_APP,888,24166014,0.16242649738019443
WT_APP,889,1512027532,0.17177280133491613
WT_APP,890,951210643,0.144964023413638
WT_APP,891,1184538337,0.18133375678109986
WT_APP,892,573882711,0.17488241169599528
WT_APP,893,2038111766,0.14697031825946894
WT_APP,894,913296646,0.1384607720342904
WT_APP,895,888952208,0.17053939156722608
WT_APP,896,1080732620,0.18355983577572055
WT_APP,897,787058595,0.18095625092736367
WT_APP,898,1650378122,0.15694185126156657
WT_APP,899,256127384,0.16250273224037148
WT_APP,900,56925328,0.15685330349780557
WT_APP,901,1643872472,0.15963811338648737
WT_APP,902,398385116,0.1328234329640684
WT_APP,903,1320271808,0.14675268067011515
WT_APP,904,389148057,0.1340285124353322
WT_APP,905,1471872024,0.157539025513305
WT_APP,906,1178946768,0.14732857081697304
WT_APP,907,828166746,0.16626180849288485
WT_APP,908,843390906,0.1597171033966145
WT_APP,909,14310653,0.1630515493371255
WT_APP,910,1996505627,0.16938904900552065
WT_APP,911,1130987037,0.17687374390928667
WT_APP,912,1086422334,0.1601407839184812
WT_APP,913,1016693683,0.17176913430359297
WT_APP,914,1753564887,0.15161685008907355
WT_APP,915,2110989894,0.1348042689285497
WT_APP,916,1425152131,0.16762249122860762
WT_APP,917,1650013794,0.16409886221297676
WT_APP,918,1365268931,0.15469445765828305
WT_APP,919,1196279069,0.1522387228605543
WT_APP,920,2066249445,0.15813357217330526
WT_APP,921,906506944,0.15146120211296865
WT_APP,922,1781578706,0.15868235699973754
WT_APP,923,625431990,0.17423483424032138
WT_APP,924,2044864472,0.14703990877439466
WT_APP,925,1971753429,0.16910331327227457
WT_APP,926,843002036,0.15179774349693131
WT_APP,927,1340958306,0.15443319877141393
WT_APP,928,633966314,0.1471314692487704
WT_APP,929,963500679,0.15862324999161947
WT_APP,930,399807870,0.17463421968674775
WT_APP,931,1468922574,0.16492720051885745
WT_APP,932,2036449394,0.15658267109147417
WT_APP,933,864083343,0.16779666592112918
WT_APP,934,2021686352,0.1430792629576988
WT_APP,935,812177261,0.16610051260884684
WT_APP,936,281015945,0.16058287012114947
WT_APP,937,1204319243,0.15705734314310504
WT_APP,938,357586728,0.16469960059041044
WT_APP,939,271077243,0.18382613397534098
WT_APP,940,2123363372,0.18898166392958682
WT_APP,941,983441845,0.16801842894042185
WT_APP,942,1494850123,0.16989815102911932
WT_APP,943,304737705,0.16126663216408665
WT_APP,944,1984962853,0.1536977310303006
WT_APP,945,2050556481,0.15874104274256307
WT_APP,946,1098308898,0.17758903487888777
WT_APP,947,1596047728,0.15447996004258502
WT_APP,948,1605807844,0.17210779103382767
WT_APP,949,1010159376,0.1745705285113779
WT_APP,950,365917562,0.13463503617796024
WT_APP,951,834992989,0.14589191773144183
WT_APP,952,314243042,0.16275284896203412
WT_APP,953,288128233,0.17428350849674845
WT_APP,954,1161643173,0.15038647602222854
WT_APP,955,727128570,0.13610215972605955
WT_APP,956,1158450402,0.15713688827221395
WT_APP,957,351519756,0.15727624416300245
WT_APP,958,1269727465,0.16038270807080146
WT_APP,959,1195542705,0.15888118448328037
WT_APP,960,985008862,0.17750589877306555
WT_APP,961,1484766865,0.17500526231905655
WT_APP,962,1917444036,0.16413470630306493
WT_APP,963,1370504878,0.14742389626912755
WT_APP,964,1713855750,0.15221691609192378
WT_APP,965,1471488297,0.15332170774191156
WT_APP,966,1107680580,0.1449413374096501
WT_APP,967,664070835,0.16984996227001847
WT_APP,968,1667687385,0.15973770154437616
WT_APP,969,1078594850,0.16419914614568187
WT_APP,970,1617195838,0.1720582271575677
WT_APP,971,1207298706,0.17109289594713917
WT_APP,972,1213479347,0.17281778954715532
WT_APP,973,291802966,0.15936940391247922
WT_APP,974,793496811,0.14557373600803825
WT_APP,975,304190952,0.1574585969818304
WT_APP,976,698487321,0.1850596759540647
WT_APP,977,1765947801,0.16811424066074432
WT_APP,978,587155467,0.1529718455307716
WT_APP,979,1416834719,0.1602821751669412
WT_APP,980,1773973686,0.15333513445145097
WT_APP,981,337809594,0.16120523936902298
WT_APP,982,419596482,0.16680802603883715
WT_APP,983,1020863269,0.1495808905783943
WT_APP,984,1979975545,0.16350381705166495
WT_APP,985,70884978,0.15643118922997779
WT_APP,986,455113600,0.1924323647088345
WT_APP,987,641304318,0.1414188341764021
WT_APP,988,1048002635,0.1506597732670073
WT_APP,989,938401552,0.17161395055461803
WT_APP,990,1169157588,0.17756341719971858
WT_APP,991,626712835,0.1703930755671732
WT_APP,992,1790100635,0.15387151002253407
WT_APP,993,2030516552,0.16330091020950466
WT_APP,994,799089752,0.17115549144655118
WT_APP,995,759081155,0.17263830454905793
WT_APP,996,1774691019,0.16062618284164654
WT_APP,997,182324882,0.16898675002193353
WT_APP,998,80876765,0.1678089811607688
WT_APP,999,1438244223,0.16367227770308146
