condition,trial_idx,seed,cue_deg,pre_cue_asym,last_pre_cue_asym,delay_asym,delay_ms,amplitude,random_cue,balance_cue,correct_asymmetry,mean_abs_asym,asym_std,mean_abs_asym_precue,asym_std_precue
WT,0,191664963,181.40625,nan,nan,0.006012951723449276,5000.0,10.0,0,1,1,0.03452513525816619,0.04377636454617479,nan,nan
WT,1,1662057957,181.40625,nan,nan,-0.006544879047314684,5000.0,10.0,0,1,1,0.03367900318606074,0.041932712359183846,nan,nan
WT,2,1405681631,181.40625,nan,nan,0.0007605868066654835,5000.0,10.0,0,1,1,0.03704384216978134,0.046550498189878706,nan,nan
WT,3,942484272,181.40625,nan,nan,-0.012292404468439537,5000.0,10.0,0,1,1,0.03496287325191933,0.043718943881921345,nan,nan
WT,4,929893137,181.40625,nan,nan,-0.012021129744363588,5000.0,10.0,0,1,1,0.03754771287820095,0.04574128925325976,nan,nan
WT,5,1843824992,181.40625,nan,nan,-0.00712392596347356,5000.0,10.0,0,1,1,0.03840385484404725,0.049061097958945164,nan,nan
WT,6,184566854,181.40625,nan,nan,0.0064492886356581946,5000.0,10.0,0,1,1,0.03839738095950253,0.04874678948962046,nan,nan
WT,7,1497586438,181.40625,nan,nan,0.015339704795935516,5000.0,10.0,0,1,1,0.03652490620851414,0.04590030282792081,nan,nan
WT,8,432652533,181.40625,nan,nan,0.0024865321711432108,5000.0,10.0,0,1,1,0.03575837917541385,0.04433983352086607,nan,nan
WT,9,202244314,181.40625,nan,nan,0.0075716465439734,5000.0,10.0,0,1,1,0.03564149003004925,0.0456800611392611,nan,nan
WT,10,1130604997,181.40625,nan,nan,0.009145692744962658,5000.0,10.0,0,1,1,0.03393654919945578,0.0444003151705377,nan,nan
WT,11,2095133045,181.40625,nan,nan,0.0008322731701969492,5000.0,10.0,0,1,1,0.036122577922818776,0.04526591438369241,nan,nan
WT,12,1580016183,181.40625,nan,nan,-0.014870340950113333,5000.0,10.0,0,1,1,0.03360914074887699,0.039650373861757585,nan,nan
WT,13,1634535062,181.40625,nan,nan,0.0008134313472528676,5000.0,10.0,0,1,1,0.03462097852139479,0.043839073683126326,nan,nan
WT,14,1540770719,181.40625,nan,nan,0.0005424114507726507,5000.0,10.0,0,1,1,0.03281450027691323,0.04122868638073737,nan,nan
WT,15,1688060240,181.40625,nan,nan,-0.0032622864074247993,5000.0,10.0,0,1,1,0.03979104254341381,0.04879924431134592,nan,nan
WT,16,1102145672,181.40625,nan,nan,0.008585282369553483,5000.0,10.0,0,1,1,0.036604608324081904,0.046007850101985215,nan,nan
WT,17,275121930,181.40625,nan,nan,-0.0016793363521730067,5000.0,10.0,0,1,1,0.033601168393065935,0.04115779938387453,nan,nan
WT,18,1803345590,181.40625,nan,nan,-0.011344749177200082,5000.0,10.0,0,1,1,0.037526866458452275,0.0456463361487929,nan,nan
WT,19,967196436,181.40625,nan,nan,-0.007752850224957103,5000.0,10.0,0,1,1,0.03746626754375788,0.04579403562845021,nan,nan
WT,20,1074497555,181.40625,nan,nan,-0.0052524094525166235,5000.0,10.0,0,1,1,0.040141432596305274,0.04987048455773483,nan,nan
WT,21,796282693,181.40625,nan,nan,0.006456320902686475,5000.0,10.0,0,1,1,0.0387616807443422,0.04774868961602525,nan,nan
WT,22,392022359,181.40625,nan,nan,0.00702748857963203,5000.0,10.0,0,1,1,0.03793494196694586,0.04745043789151784,nan,nan
WT,23,1990212658,181.40625,nan,nan,0.01786552472444281,5000.0,10.0,0,1,1,0.039020081676172165,0.04449345681236787,nan,nan
WT,24,1678403330,181.40625,nan,nan,0.001273754368184714,5000.0,10.0,0,1,1,0.03712691129662524,0.046798274806073493,nan,nan
WT,25,1382689815,181.40625,nan,nan,-0.007086849123609538,5000.0,10.0,0,1,1,0.03902008013441034,0.047652400173610714,nan,nan
WT,26,864178266,181.40625,nan,nan,-0.001402671357298828,5000.0,10.0,0,1,1,0.03470536289213881,0.04368281424981568,nan,nan
WT,27,1766867109,181.40625,nan,nan,0.005476272007091079,5000.0,10.0,0,1,1,0.032461616897091296,0.04111365501931648,nan,nan
WT,28,1171300112,181.40625,nan,nan,0.00594004930040507,5000.0,10.0,0,1,1,0.03170495488271196,0.04046196934986881,nan,nan
WT,29,952224740,181.40625,nan,nan,2.8440120247783128e-05,5000.0,10.0,0,1,1,0.035439640371744435,0.04415048646667457,nan,nan
WT,30,967354524,181.40625,nan,nan,-0.004277712114039175,5000.0,10.0,0,1,1,0.03500306967872964,0.04337813252612465,nan,nan
WT,31,487991438,181.40625,nan,nan,0.0029291404207992455,5000.0,10.0,0,1,1,0.03173825563596183,0.04033501343963762,nan,nan
WT,32,197860368,181.40625,nan,nan,-0.011605311122177641,5000.0,10.0,0,1,1,0.03572932873533615,0.04391921309863203,nan,nan
WT,33,1190961760,181.40625,nan,nan,-0.016301141737302,5000.0,10.0,0,1,1,0.04058795977689267,0.04807858125571461,nan,nan
WT,34,1906728918,181.40625,nan,nan,-0.00829938719616794,5000.0,10.0,0,1,1,0.03737380976217396,0.04649749662302895,nan,nan
WT,35,137046513,181.40625,nan,nan,0.00884922192810512,5000.0,10.0,0,1,1,0.03361816397038371,0.04188400914206961,nan,nan
WT,36,1843166518,181.40625,nan,nan,-0.0018692489070813918,5000.0,10.0,0,1,1,0.03313303453423018,0.042040809092507445,nan,nan
WT,37,1777324407,181.40625,nan,nan,-0.007179618439822502,5000.0,10.0,0,1,1,0.03395896840526237,0.04174614559504735,nan,nan
WT,38,594336917,181.40625,nan,nan,-0.0016460248834173925,5000.0,10.0,0,1,1,0.03466522062997307,0.04405976977314316,nan,nan
WT,39,1356488967,181.40625,nan,nan,0.0006999918140928952,5000.0,10.0,0,1,1,0.03512542075751067,0.04524136338877092,nan,nan
WT,40,354826746,181.40625,nan,nan,-0.004862796436267851,5000.0,10.0,0,1,1,0.037232863370877854,0.047421812702889324,nan,nan
WT,41,1627981024,181.40625,nan,nan,-0.0030156670023314485,5000.0,10.0,0,1,1,0.0374189426174358,0.04634830307582155,nan,nan
WT,42,1504361614,181.40625,nan,nan,0.003921404513529282,5000.0,10.0,0,1,1,0.036708987418922354,0.04642783454116816,nan,nan
WT,43,761338718,181.40625,nan,nan,0.010809215496179525,5000.0,10.0,0,1,1,0.035584061136918796,0.04436263051251782,nan,nan
WT,44,145857092,181.40625,nan,nan,0.0028974037749916553,5000.0,10.0,0,1,1,0.03881427573795346,0.05056714538921527,nan,nan
WT,45,2084558133,181.40625,nan,nan,-0.001381529879654533,5000.0,10.0,0,1,1,0.035356747787843375,0.044150912499566784,nan,nan
WT,46,957106589,181.40625,nan,nan,-0.010894924272661493,5000.0,10.0,0,1,1,0.03542156063709285,0.04472631324234464,nan,nan
WT,47,1917963002,181.40625,nan,nan,-0.0053204379681979505,5000.0,10.0,0,1,1,0.03657160176499189,0.04515312807061267,nan,nan
WT,48,1455819991,181.40625,nan,nan,-0.007162147553145825,5000.0,10.0,0,1,1,0.033249532966414336,0.04143457230229808,nan,nan
WT,49,1671565830,181.40625,nan,nan,-0.005134231631528704,5000.0,10.0,0,1,1,0.032863171674691875,0.04205934079137123,nan,nan
WT,50,1631871623,181.40625,nan,nan,0.004732927898441158,5000.0,10.0,0,1,1,0.03449111920921027,0.04237186947521077,nan,nan
WT,51,417983441,181.40625,nan,nan,-0.0005755792238128426,5000.0,10.0,0,1,1,0.03550347968258628,0.04476850874192617,nan,nan
WT,52,781482251,181.40625,nan,nan,0.005344086931378284,5000.0,10.0,0,1,1,0.03533381243641748,0.04401763994995858,nan,nan
WT,53,1002275723,181.40625,nan,nan,-0.0139158378685905,5000.0,10.0,0,1,1,0.03747889341031412,0.04577761587263262,nan,nan
WT,54,1068999196,181.40625,nan,nan,-0.004724724602284131,5000.0,10.0,0,1,1,0.03370275342476526,0.04224701419454782,nan,nan
WT,55,94067870,181.40625,nan,nan,0.00028042995817250305,5000.0,10.0,0,1,1,0.03652354779909049,0.04590447134740724,nan,nan
WT,56,1173749071,181.40625,nan,nan,0.013230004425375055,5000.0,10.0,0,1,1,0.03901227999297516,0.047372505230133956,nan,nan
WT,57,331334160,181.40625,nan,nan,-2.5124748884317662e-05,5000.0,10.0,0,1,1,0.03828924405479965,0.04674502998256162,nan,nan
WT,58,1596387604,181.40625,nan,nan,0.0031645388152282943,5000.0,10.0,0,1,1,0.036557062334755336,0.04685155835807332,nan,nan
WT,59,1466836456,181.40625,nan,nan,0.0008806563341747891,5000.0,10.0,0,1,1,0.03538383244301271,0.045122566092032794,nan,nan
WT,60,1981113449,181.40625,nan,nan,0.006454184764923056,5000.0,10.0,0,1,1,0.036463148639632584,0.04618962843877391,nan,nan
WT,61,1599364550,181.40625,nan,nan,-0.012197544015703636,5000.0,10.0,0,1,1,0.03495561325112875,0.0424032193265188,nan,nan
WT,62,787359109,181.40625,nan,nan,0.009514134764217936,5000.0,10.0,0,1,1,0.03504015308835051,0.04250913482718372,nan,nan
WT,63,2077711328,181.40625,nan,nan,0.011560176762960447,5000.0,10.0,0,1,1,0.032420409280656814,0.03981281335465625,nan,nan
WT,64,882294416,181.40625,nan,nan,7.027372172042288e-05,5000.0,10.0,0,1,1,0.03786448465671003,0.047098112571100456,nan,nan
WT,65,699704628,181.40625,nan,nan,0.004148889432158957,5000.0,10.0,0,1,1,0.03223154747000273,0.03938355833109463,nan,nan
WT,66,1944623248,181.40625,nan,nan,-0.00047821786784778085,5000.0,10.0,0,1,1,0.03706739750995848,0.046414341797746624,nan,nan
WT,67,795556160,181.40625,nan,nan,0.0022224462920654563,5000.0,10.0,0,1,1,0.036032289286938315,0.04726795567427091,nan,nan
WT,68,163945743,181.40625,nan,nan,0.004299186053903157,5000.0,10.0,0,1,1,0.03815998976828006,0.04679997871075156,nan,nan
WT,69,1008363426,181.40625,nan,nan,-0.005420284607019697,5000.0,10.0,0,1,1,0.03748411370103774,0.04693057313985276,nan,nan
WT,70,1708709735,181.40625,nan,nan,-0.0004300581201163787,5000.0,10.0,0,1,1,0.03431680617474267,0.044009763347968946,nan,nan
WT,71,406886644,181.40625,nan,nan,0.0062483708477357,5000.0,10.0,0,1,1,0.034423254408946946,0.04267365616108468,nan,nan
WT,72,994157306,181.40625,nan,nan,0.0072892940144361675,5000.0,10.0,0,1,1,0.03476456387159633,0.04259556366247285,nan,nan
WT,73,279004307,181.40625,nan,nan,-0.0026312340030374888,5000.0,10.0,0,1,1,0.029962836101378038,0.03868733480632653,nan,nan
WT,74,1474200731,181.40625,nan,nan,0.012022083599485795,5000.0,10.0,0,1,1,0.03505831292098839,0.041822110425086725,nan,nan
WT,75,1021568549,181.40625,nan,nan,0.007331615447105503,5000.0,10.0,0,1,1,0.03425008471764817,0.04159429296485932,nan,nan
WT,76,709091226,181.40625,nan,nan,-0.007736141153045157,5000.0,10.0,0,1,1,0.03749087184239839,0.04570057838923766,nan,nan
WT,77,487284116,181.40625,nan,nan,0.009175042244418318,5000.0,10.0,0,1,1,0.03550466902645317,0.04425326475978024,nan,nan
WT,78,1212254290,181.40625,nan,nan,0.016395088636881643,5000.0,10.0,0,1,1,0.039366073680639144,0.046955914265757764,nan,nan
WT,79,1438414599,181.40625,nan,nan,-0.008300398737975214,5000.0,10.0,0,1,1,0.034002381058663225,0.04335335192028275,nan,nan
WT,80,2019291964,181.40625,nan,nan,0.001449375868943425,5000.0,10.0,0,1,1,0.03820428313675641,0.047545198547707536,nan,nan
WT,81,938776596,181.40625,nan,nan,0.00986272315025871,5000.0,10.0,0,1,1,0.041321739279888976,0.050310402790108705,nan,nan
WT,82,345075200,181.40625,nan,nan,-0.002686554745565497,5000.0,10.0,0,1,1,0.035849652500710746,0.04620417775100291,nan,nan
WT,83,1788162809,181.40625,nan,nan,0.0027054097902092845,5000.0,10.0,0,1,1,0.03797776470169177,0.047552737602320934,nan,nan
WT,84,1352408538,181.40625,nan,nan,0.0004087205920856818,5000.0,10.0,0,1,1,0.03265759600641333,0.0414616609263993,nan,nan
WT,85,1503807854,181.40625,nan,nan,0.005859396151447016,5000.0,10.0,0,1,1,0.037783684024787996,0.04496045718358045,nan,nan
WT,86,208792607,181.40625,nan,nan,0.006564300161785236,5000.0,10.0,0,1,1,0.034712496070283316,0.045321592013309896,nan,nan
WT,87,670802254,181.40625,nan,nan,-0.013476792179970429,5000.0,10.0,0,1,1,0.03602612841584117,0.04286759930520929,nan,nan
WT,88,1648932249,181.40625,nan,nan,0.00390298913346447,5000.0,10.0,0,1,1,0.037831900935601966,0.04803502651686512,nan,nan
WT,89,1787264313,181.40625,nan,nan,-0.0015349111312671629,5000.0,10.0,0,1,1,0.0362844608071003,0.04454618236992732,nan,nan
WT,90,934620676,181.40625,nan,nan,0.008729559459056348,5000.0,10.0,0,1,1,0.039691805569829756,0.04910832156470873,nan,nan
WT,91,1728218297,181.40625,nan,nan,0.003330073626031892,5000.0,10.0,0,1,1,0.03341250923575677,0.04147105256133497,nan,nan
WT,92,1807519524,181.40625,nan,nan,0.008593466852368146,5000.0,10.0,0,1,1,0.03638953029873539,0.04561294733336543,nan,nan
WT,93,832103482,181.40625,nan,nan,0.01697729371971904,5000.0,10.0,0,1,1,0.038832542096549245,0.0465676744909315,nan,nan
WT,94,1928628490,181.40625,nan,nan,0.003339626589737342,5000.0,10.0,0,1,1,0.03565861727649206,0.04421470317868921,nan,nan
WT,95,619179887,181.40625,nan,nan,0.0010839860421911584,5000.0,10.0,0,1,1,0.03455046978911743,0.04419912520637186,nan,nan
WT,96,514446424,181.40625,nan,nan,-0.0005005592364513141,5000.0,10.0,0,1,1,0.036363936984725106,0.04560139435134948,nan,nan
WT,97,1465647933,181.40625,nan,nan,0.002519204462631073,5000.0,10.0,0,1,1,0.03323054415158653,0.04246074004112748,nan,nan
WT,98,1367435607,181.40625,nan,nan,-0.00023425772265085496,5000.0,10.0,0,1,1,0.03770199439267978,0.045817978390374874,nan,nan
WT,99,300116172,181.40625,nan,nan,0.0006718671946415047,5000.0,10.0,0,1,1,0.03437011469279801,0.04420036001199114,nan,nan
WT,100,1788288545,181.40625,nan,nan,0.009309373198345522,5000.0,10.0,0,1,1,0.040121956597864196,0.04862516781056021,nan,nan
WT,101,429299595,181.40625,nan,nan,-0.0001631388824958389,5000.0,10.0,0,1,1,0.03831908969335648,0.04838577406721372,nan,nan
WT,102,1728507682,181.40625,nan,nan,0.019654216804972754,5000.0,10.0,0,1,1,0.035595161879947455,0.040382786036698926,nan,nan
WT,103,15810353,181.40625,nan,nan,0.00508684712917156,5000.0,10.0,0,1,1,0.03631471392114693,0.04545332131298435,nan,nan
WT,104,1711206423,181.40625,nan,nan,0.006051822335120694,5000.0,10.0,0,1,1,0.03518550949425882,0.043497224380210316,nan,nan
WT,105,1689907231,181.40625,nan,nan,0.007045961240611174,5000.0,10.0,0,1,1,0.02917321076115198,0.03589318207361114,nan,nan
WT,106,1675819612,181.40625,nan,nan,0.009127880217616716,5000.0,10.0,0,1,1,0.03835364789497252,0.04559904922374835,nan,nan
WT,107,1427756341,181.40625,nan,nan,0.011757732355308755,5000.0,10.0,0,1,1,0.033970249175731125,0.042464705808268416,nan,nan
WT,108,1012682731,181.40625,nan,nan,0.0072921786878717264,5000.0,10.0,0,1,1,0.037190585600731525,0.04602589914734556,nan,nan
WT,109,1514331118,181.40625,nan,nan,0.006919770995041531,5000.0,10.0,0,1,1,0.03524273379992092,0.044042834953480645,nan,nan
WT,110,595114158,181.40625,nan,nan,0.009696087910280255,5000.0,10.0,0,1,1,0.036214116009992255,0.04389922044877075,nan,nan
WT,111,1676602826,181.40625,nan,nan,0.009325815418560474,5000.0,10.0,0,1,1,0.03378790880417634,0.04198815893227899,nan,nan
WT,112,1193242761,181.40625,nan,nan,-0.007949414370484824,5000.0,10.0,0,1,1,0.03403990537613916,0.043342074597019734,nan,nan
WT,113,985514123,181.40625,nan,nan,0.01304725754992185,5000.0,10.0,0,1,1,0.03383571173091897,0.041077793237581,nan,nan
WT,114,1085781155,181.40625,nan,nan,0.011084138537538523,5000.0,10.0,0,1,1,0.033343301285285724,0.04167721144038059,nan,nan
WT,115,1221362417,181.40625,nan,nan,-0.005485098093986138,5000.0,10.0,0,1,1,0.03470454414515638,0.04325536829920439,nan,nan
WT,116,80020205,181.40625,nan,nan,0.0061675343347630685,5000.0,10.0,0,1,1,0.03613400555230657,0.047838003891835804,nan,nan
WT,117,300211767,181.40625,nan,nan,-0.0021467925992129807,5000.0,10.0,0,1,1,0.03792031645528763,0.04655529537698455,nan,nan
WT,118,527166790,181.40625,nan,nan,0.01629316956104613,5000.0,10.0,0,1,1,0.03593047785093737,0.04354020700049861,nan,nan
WT,119,245951459,181.40625,nan,nan,0.003860630851352322,5000.0,10.0,0,1,1,0.03536344753922995,0.04504825172140495,nan,nan
WT,120,944062962,181.40625,nan,nan,0.003625331012990977,5000.0,10.0,0,1,1,0.03640553902851918,0.045283729002617,nan,nan
WT,121,1435384429,181.40625,nan,nan,0.009047780995710589,5000.0,10.0,0,1,1,0.03574280665689159,0.04283704506638458,nan,nan
WT,122,1405375274,181.40625,nan,nan,0.002238299455154156,5000.0,10.0,0,1,1,0.037737664386494424,0.04767630638560755,nan,nan
WT,123,1011671398,181.40625,nan,nan,0.0040227287978861215,5000.0,10.0,0,1,1,0.03454937318826339,0.043327122150826784,nan,nan
WT,124,1836270333,181.40625,nan,nan,-0.006179062370481622,5000.0,10.0,0,1,1,0.033437591102518295,0.0414715629521436,nan,nan
WT,125,1213835294,181.40625,nan,nan,-0.0001363282175951286,5000.0,10.0,0,1,1,0.03962451049951266,0.04903658607590595,nan,nan
WT,126,170075129,181.40625,nan,nan,0.004981561997786318,5000.0,10.0,0,1,1,0.03204581174948483,0.04141577712739051,nan,nan
WT,127,1642822536,181.40625,nan,nan,-0.0022213890484489712,5000.0,10.0,0,1,1,0.03341294728116621,0.04328645311389263,nan,nan
WT,128,1233945442,181.40625,nan,nan,0.004439738087879871,5000.0,10.0,0,1,1,0.032556845522226464,0.04120669354549986,nan,nan
WT,129,1363047212,181.40625,nan,nan,-0.005345770401126991,5000.0,10.0,0,1,1,0.03000274577110851,0.038616260565897516,nan,nan
WT,130,1214129970,181.40625,nan,nan,-0.002621420585068078,5000.0,10.0,0,1,1,0.037542793860737604,0.04831429516572593,nan,nan
WT,131,1188802709,181.40625,nan,nan,-0.0005011027153517233,5000.0,10.0,0,1,1,0.035643617105625545,0.04542060208442761,nan,nan
WT,132,194489917,181.40625,nan,nan,0.010741031542807441,5000.0,10.0,0,1,1,0.04123645759667835,0.04960824861151275,nan,nan
WT,133,1200888232,181.40625,nan,nan,0.00666133944756799,5000.0,10.0,0,1,1,0.03963650015832359,0.04842004925402724,nan,nan
WT,134,1707061844,181.40625,nan,nan,-0.0002986526108630771,5000.0,10.0,0,1,1,0.032920623052842005,0.042040286402538256,nan,nan
WT,135,652727864,181.40625,nan,nan,-0.011478723134767638,5000.0,10.0,0,1,1,0.03826744688690421,0.04671317281566893,nan,nan
WT,136,1294585270,181.40625,nan,nan,0.003975948282220924,5000.0,10.0,0,1,1,0.0333216986905106,0.04197417728949844,nan,nan
WT,137,66180795,181.40625,nan,nan,-0.01066344505203813,5000.0,10.0,0,1,1,0.03474405747360151,0.04301306743598395,nan,nan
WT,138,746248853,181.40625,nan,nan,0.0012418253362494484,5000.0,10.0,0,1,1,0.03228879032048153,0.03965932861525287,nan,nan
WT,139,937843451,181.40625,nan,nan,0.002964989750928185,5000.0,10.0,0,1,1,0.03568505112918168,0.04440350946006229,nan,nan
WT,140,2110414630,181.40625,nan,nan,-0.012398630505259032,5000.0,10.0,0,1,1,0.0402974040656999,0.05065829897364972,nan,nan
WT,141,460817075,181.40625,nan,nan,0.006834131380953997,5000.0,10.0,0,1,1,0.03781736488439884,0.047143545874476216,nan,nan
WT,142,593883018,181.40625,nan,nan,-3.1263139703059514e-05,5000.0,10.0,0,1,1,0.03718620722086912,0.048050253662141364,nan,nan
WT,143,877308581,181.40625,nan,nan,0.0009698921201071833,5000.0,10.0,0,1,1,0.03175783213859235,0.04017460548445743,nan,nan
WT,144,2131733183,181.40625,nan,nan,0.004866568601819368,5000.0,10.0,0,1,1,0.0363068054547318,0.04707222963943076,nan,nan
WT,145,1832669143,181.40625,nan,nan,-0.009846113617002328,5000.0,10.0,0,1,1,0.03675414999822987,0.046365414579475094,nan,nan
WT,146,74502574,181.40625,nan,nan,0.0012185941038027526,5000.0,10.0,0,1,1,0.0354573181912187,0.045490637903206003,nan,nan
WT,147,502381220,181.40625,nan,nan,-0.007884577489639239,5000.0,10.0,0,1,1,0.040629953048976576,0.05261464936020309,nan,nan
WT,148,1764532444,181.40625,nan,nan,-0.005156439828823773,5000.0,10.0,0,1,1,0.03535223191668293,0.04473622828736181,nan,nan
WT,149,125204183,181.40625,nan,nan,-0.004541019548501574,5000.0,10.0,0,1,1,0.034442993069553764,0.04342104499381339,nan,nan
WT,150,1837539164,181.40625,nan,nan,-0.0012865302209943584,5000.0,10.0,0,1,1,0.03740877923768033,0.04735959995976516,nan,nan
WT,151,604267306,181.40625,nan,nan,0.007547633125511366,5000.0,10.0,0,1,1,0.034968053838767256,0.043654928782511176,nan,nan
WT,152,1970642945,181.40625,nan,nan,0.008818518336706577,5000.0,10.0,0,1,1,0.0354793686348979,0.04579794013535184,nan,nan
WT,153,630487793,181.40625,nan,nan,-0.0018894518515666689,5000.0,10.0,0,1,1,0.03107249517532004,0.0388704087023338,nan,nan
WT,154,932688237,181.40625,nan,nan,0.004908298967454677,5000.0,10.0,0,1,1,0.03366387260416728,0.0417997579352343,nan,nan
WT,155,1421454890,181.40625,nan,nan,0.0060433174047585594,5000.0,10.0,0,1,1,0.03583251755763367,0.04558175211192986,nan,nan
WT,156,271185813,181.40625,nan,nan,0.00034061761963556013,5000.0,10.0,0,1,1,0.03815742217307618,0.04852965982899613,nan,nan
WT,157,1196217437,181.40625,nan,nan,0.006501868252316134,5000.0,10.0,0,1,1,0.035857744903432534,0.04679322968084991,nan,nan
WT,158,1084512517,181.40625,nan,nan,0.0045740036060437275,5000.0,10.0,0,1,1,0.03947280618487525,0.05078127623500327,nan,nan
WT,159,1683408584,181.40625,nan,nan,0.008928190588261784,5000.0,10.0,0,1,1,0.04064983909071647,0.050454396989488004,nan,nan
WT,160,2139123293,181.40625,nan,nan,0.005675344046690635,5000.0,10.0,0,1,1,0.03331467283100035,0.04128092175469082,nan,nan
WT,161,1426602463,181.40625,nan,nan,-0.0007692266453265801,5000.0,10.0,0,1,1,0.03260472098093295,0.04218568671408779,nan,nan
WT,162,878721193,181.40625,nan,nan,-0.007910174893293542,5000.0,10.0,0,1,1,0.0373913227505427,0.04604694145640893,nan,nan
WT,163,872709139,181.40625,nan,nan,0.01120347264981723,5000.0,10.0,0,1,1,0.03217734501232568,0.03941049857302669,nan,nan
WT,164,897559571,181.40625,nan,nan,-0.009380121827867368,5000.0,10.0,0,1,1,0.03472325074121191,0.0440395806645103,nan,nan
WT,165,1748095464,181.40625,nan,nan,0.0009787520446159074,5000.0,10.0,0,1,1,0.03455048586746089,0.043398723793900244,nan,nan
WT,166,689805532,181.40625,nan,nan,-0.005069227733645986,5000.0,10.0,0,1,1,0.03587922184301134,0.044430211153743134,nan,nan
WT,167,358571614,181.40625,nan,nan,-0.001921465349884454,5000.0,10.0,0,1,1,0.0345325323403618,0.045967635774242524,nan,nan
WT,168,717885406,181.40625,nan,nan,-0.011982661746183986,5000.0,10.0,0,1,1,0.038253443637967184,0.048497837166825875,nan,nan
WT,169,48773805,181.40625,nan,nan,0.003231959288211884,5000.0,10.0,0,1,1,0.03409820530494749,0.041949699677699945,nan,nan
WT,170,227939460,181.40625,nan,nan,0.021616695599164747,5000.0,10.0,0,1,1,0.03996629021393504,0.044362410367600774,nan,nan
WT,171,193376308,181.40625,nan,nan,-0.003571511091084936,5000.0,10.0,0,1,1,0.03908324213554211,0.04785137544603617,nan,nan
WT,172,1656896191,181.40625,nan,nan,-0.009182264574056765,5000.0,10.0,0,1,1,0.03541579519686849,0.04343985505663131,nan,nan
WT,173,1551254892,181.40625,nan,nan,0.001715886380736082,5000.0,10.0,0,1,1,0.03546686265108096,0.04587530394637318,nan,nan
WT,174,1496303881,181.40625,nan,nan,0.0023457267183858398,5000.0,10.0,0,1,1,0.03738060310203399,0.047205806498436705,nan,nan
WT,175,991873798,181.40625,nan,nan,-0.0027450900070923093,5000.0,10.0,0,1,1,0.03661288765693682,0.04583185733875787,nan,nan
WT,176,1539871429,181.40625,nan,nan,0.0025163474708151845,5000.0,10.0,0,1,1,0.037235632420195966,0.046672841964325834,nan,nan
WT,177,346328507,181.40625,nan,nan,0.0023971858956851454,5000.0,10.0,0,1,1,0.036106107699851224,0.046307529574034875,nan,nan
WT,178,1934070332,181.40625,nan,nan,0.0016268679181366819,5000.0,10.0,0,1,1,0.0377703176228747,0.046445466643828356,nan,nan
WT,179,1075985460,181.40625,nan,nan,0.0038001556200733316,5000.0,10.0,0,1,1,0.03582523431993508,0.046848217440363965,nan,nan
WT,180,2014450023,181.40625,nan,nan,0.0001375051029553041,5000.0,10.0,0,1,1,0.03718849015723014,0.04719253050969269,nan,nan
WT,181,327087749,181.40625,nan,nan,0.0006325696689105621,5000.0,10.0,0,1,1,0.03214513298314985,0.04000688144395083,nan,nan
WT,182,1068008205,181.40625,nan,nan,0.002048928295539438,5000.0,10.0,0,1,1,0.03448104434218395,0.04279210348698022,nan,nan
WT,183,1495336618,181.40625,nan,nan,-0.004460269432629689,5000.0,10.0,0,1,1,0.03779755493001936,0.05036917496603563,nan,nan
WT,184,1064348452,181.40625,nan,nan,-0.004927774792312172,5000.0,10.0,0,1,1,0.0387079850785164,0.04829021268509151,nan,nan
WT,185,958113305,181.40625,nan,nan,0.002168599528559517,5000.0,10.0,0,1,1,0.03526396715477743,0.04560928661774722,nan,nan
WT,186,356942048,181.40625,nan,nan,-0.004456220587653237,5000.0,10.0,0,1,1,0.035143909907052996,0.044782230800975764,nan,nan
WT,187,818236852,181.40625,nan,nan,0.00013630150969386374,5000.0,10.0,0,1,1,0.03050193560915297,0.040575731105092785,nan,nan
WT,188,512746651,181.40625,nan,nan,0.009701007137094974,5000.0,10.0,0,1,1,0.039742661980474936,0.04922891073983086,nan,nan
WT,189,647492280,181.40625,nan,nan,0.004356964980795521,5000.0,10.0,0,1,1,0.0349389932500167,0.04334098260969782,nan,nan
WT,190,1468235991,181.40625,nan,nan,-0.0012172246007065106,5000.0,10.0,0,1,1,0.03503305230454692,0.0453570057283261,nan,nan
WT,191,1353521561,181.40625,nan,nan,0.009096508416365378,5000.0,10.0,0,1,1,0.038406829741550304,0.04736996355430999,nan,nan
WT,192,1303944407,181.40625,nan,nan,0.010946146973676671,5000.0,10.0,0,1,1,0.036139365180478396,0.04407745542744954,nan,nan
WT,193,776986664,181.40625,nan,nan,0.004548532047928679,5000.0,10.0,0,1,1,0.033629396956326364,0.04283019054052851,nan,nan
WT,194,2060924129,181.40625,nan,nan,0.003139115294844685,5000.0,10.0,0,1,1,0.03544643023062912,0.045979155132798585,nan,nan
WT,195,188226767,181.40625,nan,nan,0.009551815730315032,5000.0,10.0,0,1,1,0.03318463912142517,0.04170563988604276,nan,nan
WT,196,735708085,181.40625,nan,nan,0.004975575270752921,5000.0,10.0,0,1,1,0.035321982832628905,0.04488498393978309,nan,nan
WT,197,253415744,181.40625,nan,nan,0.010886457857446684,5000.0,10.0,0,1,1,0.03998826154466643,0.0488389660053366,nan,nan
WT,198,727876280,181.40625,nan,nan,-0.002260899515512569,5000.0,10.0,0,1,1,0.037333326430850175,0.04690150529816598,nan,nan
WT,199,2065659504,181.40625,nan,nan,0.0027650321958859725,5000.0,10.0,0,1,1,0.03740487554808094,0.048025314125435786,nan,nan
WT_APP,0,191664963,181.40625,nan,nan,0.0461414384109713,5000.0,10.0,0,1,1,0.12505744503757957,0.16130826656494715,nan,nan
WT_APP,1,1662057957,181.40625,nan,nan,-0.0010142664732135152,5000.0,10.0,0,1,1,0.11141372926602543,0.1526100145355639,nan,nan
WT_APP,2,1405681631,181.40625,nan,nan,0.034704195508176626,5000.0,10.0,0,1,1,0.10502302373969556,0.15242710343315385,nan,nan
WT_APP,3,942484272,181.40625,nan,nan,0.032346443120820224,5000.0,10.0,0,1,1,0.11222755564884543,0.1542573936306744,nan,nan
WT_APP,4,929893137,181.40625,nan,nan,-0.0029152955172625453,5000.0,10.0,0,1,1,0.11362392421922204,0.15398640002139985,nan,nan
WT_APP,5,1843824992,181.40625,nan,nan,0.027462395339977703,5000.0,10.0,0,1,1,0.10172910076307912,0.13896967498474044,nan,nan
WT_APP,6,184566854,181.40625,nan,nan,0.01363375636738564,5000.0,10.0,0,1,1,0.10729027993359187,0.14516930950641263,nan,nan
WT_APP,7,1497586438,181.40625,nan,nan,0.028779007314764644,5000.0,10.0,0,1,1,0.11049127873689696,0.14960971563779,nan,nan
WT_APP,8,432652533,181.40625,nan,nan,0.015630156877979744,5000.0,10.0,0,1,1,0.10680157677545574,0.15363916748757286,nan,nan
WT_APP,9,202244314,181.40625,nan,nan,0.019532944587502363,5000.0,10.0,0,1,1,0.09242329906243107,0.13211523131150063,nan,nan
WT_APP,10,1130604997,181.40625,nan,nan,0.030109286742929422,5000.0,10.0,0,1,1,0.10773865944216733,0.147547810785003,nan,nan
WT_APP,11,2095133045,181.40625,nan,nan,0.014417882728291854,5000.0,10.0,0,1,1,0.10318395754111506,0.14887857011179742,nan,nan
WT_APP,12,1580016183,181.40625,nan,nan,-0.00497470820583395,5000.0,10.0,0,1,1,0.09982801268092752,0.14422183424275262,nan,nan
WT_APP,13,1634535062,181.40625,nan,nan,-0.00441972022765539,5000.0,10.0,0,1,1,0.10006561065142203,0.1415979122891875,nan,nan
WT_APP,14,1540770719,181.40625,nan,nan,0.03354979134491538,5000.0,10.0,0,1,1,0.09352261163209766,0.1288406109542975,nan,nan
WT_APP,15,1688060240,181.40625,nan,nan,0.011709826368488574,5000.0,10.0,0,1,1,0.12933434611264863,0.16503994218966977,nan,nan
WT_APP,16,1102145672,181.40625,nan,nan,0.039360231290252685,5000.0,10.0,0,1,1,0.08961667489320134,0.1193702794727957,nan,nan
WT_APP,17,275121930,181.40625,nan,nan,0.007682508008947418,5000.0,10.0,0,1,1,0.11192353977468132,0.15854845987346025,nan,nan
WT_APP,18,1803345590,181.40625,nan,nan,0.017454057988425406,5000.0,10.0,0,1,1,0.11415853784344052,0.15901520450080112,nan,nan
WT_APP,19,967196436,181.40625,nan,nan,-0.001171298986662905,5000.0,10.0,0,1,1,0.1255097186057677,0.16653765692342784,nan,nan
WT_APP,20,1074497555,181.40625,nan,nan,0.034226717889929266,5000.0,10.0,0,1,1,0.1251563235015417,0.1621753225722256,nan,nan
WT_APP,21,796282693,181.40625,nan,nan,0.002848484957898968,5000.0,10.0,0,1,1,0.12038712098230578,0.16056894842413447,nan,nan
WT_APP,22,392022359,181.40625,nan,nan,0.0059740513627949444,5000.0,10.0,0,1,1,0.12357324636652518,0.16206365311491944,nan,nan
WT_APP,23,1990212658,181.40625,nan,nan,0.019330400079688576,5000.0,10.0,0,1,1,0.11488173899414061,0.15545385730359437,nan,nan
WT_APP,24,1678403330,181.40625,nan,nan,0.0014580580830519246,5000.0,10.0,0,1,1,0.11060659611967562,0.15512204550502853,nan,nan
WT_APP,25,1382689815,181.40625,nan,nan,0.02129093420791158,5000.0,10.0,0,1,1,0.11238969486920507,0.15470027222225843,nan,nan
WT_APP,26,864178266,181.40625,nan,nan,0.028399849280111585,5000.0,10.0,0,1,1,0.10596545249286109,0.14919934605471835,nan,nan
WT_APP,27,1766867109,181.40625,nan,nan,-0.0010460214563751595,5000.0,10.0,0,1,1,0.10209306715664147,0.15136249102650368,nan,nan
WT_APP,28,1171300112,181.40625,nan,nan,-0.005629277585927503,5000.0,10.0,0,1,1,0.12540026857263797,0.16724855374836284,nan,nan
WT_APP,29,952224740,181.40625,nan,nan,0.039547455606893045,5000.0,10.0,0,1,1,0.07819201802217815,0.11574227981229344,nan,nan
WT_APP,30,967354524,181.40625,nan,nan,0.03427855756493262,5000.0,10.0,0,1,1,0.11403791245629495,0.15305224196174602,nan,nan
WT_APP,31,487991438,181.40625,nan,nan,0.017494391681562974,5000.0,10.0,0,1,1,0.10864996525884771,0.15329784430892632,nan,nan
WT_APP,32,197860368,181.40625,nan,nan,0.002648150224832004,5000.0,10.0,0,1,1,0.10963371768987529,0.15629281394352112,nan,nan
WT_APP,33,1190961760,181.40625,nan,nan,0.012083901489360296,5000.0,10.0,0,1,1,0.10852177246039486,0.15499918911437552,nan,nan
WT_APP,34,1906728918,181.40625,nan,nan,0.01528099792470935,5000.0,10.0,0,1,1,0.09427441844944343,0.13777187699333834,nan,nan
WT_APP,35,137046513,181.40625,nan,nan,0.018313820805685044,5000.0,10.0,0,1,1,0.10654600744455349,0.15152482481134705,nan,nan
WT_APP,36,1843166518,181.40625,nan,nan,0.014235274136147892,5000.0,10.0,0,1,1,0.08914096261788433,0.13972593010849463,nan,nan
WT_APP,37,1777324407,181.40625,nan,nan,0.0232850452504422,5000.0,10.0,0,1,1,0.09889900002310352,0.1401687037491544,nan,nan
WT_APP,38,594336917,181.40625,nan,nan,0.026744633190675954,5000.0,10.0,0,1,1,0.12446795330147521,0.17003810715516338,nan,nan
WT_APP,39,1356488967,181.40625,nan,nan,0.03154688958339727,5000.0,10.0,0,1,1,0.1266754282051829,0.16276694952447315,nan,nan
WT_APP,40,354826746,181.40625,nan,nan,0.0005104911715036717,5000.0,10.0,0,1,1,0.11913702488574099,0.16553322827038425,nan,nan
WT_APP,41,1627981024,181.40625,nan,nan,0.002151764647378613,5000.0,10.0,0,1,1,0.125667591186632,0.16686239618902474,nan,nan
WT_APP,42,1504361614,181.40625,nan,nan,-0.0087036945611901,5000.0,10.0,0,1,1,0.12586343551863205,0.16022406209865664,nan,nan
WT_APP,43,761338718,181.40625,nan,nan,0.016756660938049967,5000.0,10.0,0,1,1,0.1270129943632335,0.17294187480410597,nan,nan
WT_APP,44,145857092,181.40625,nan,nan,0.006722180248672401,5000.0,10.0,0,1,1,0.10921322814665904,0.15532170033464307,nan,nan
WT_APP,45,2084558133,181.40625,nan,nan,0.029782851889118514,5000.0,10.0,0,1,1,0.11451372219578877,0.15951057989907505,nan,nan
WT_APP,46,957106589,181.40625,nan,nan,0.018681160797122502,5000.0,10.0,0,1,1,0.09574979482242674,0.13598156743663545,nan,nan
WT_APP,47,1917963002,181.40625,nan,nan,0.018775063400036873,5000.0,10.0,0,1,1,0.11587936490793066,0.15668738727386722,nan,nan
WT_APP,48,1455819991,181.40625,nan,nan,0.0170625297773387,5000.0,10.0,0,1,1,0.11240056321032207,0.1557176248544671,nan,nan
WT_APP,49,1671565830,181.40625,nan,nan,0.0038661198030812477,5000.0,10.0,0,1,1,0.1214388481654087,0.17135087122844894,nan,nan
WT_APP,50,1631871623,181.40625,nan,nan,0.019738381695903445,5000.0,10.0,0,1,1,0.10210059757161113,0.1475625457232922,nan,nan
WT_APP,51,417983441,181.40625,nan,nan,-0.010842021741580757,5000.0,10.0,0,1,1,0.14023246536322168,0.18665705419789222,nan,nan
WT_APP,52,781482251,181.40625,nan,nan,0.017478375845319027,5000.0,10.0,0,1,1,0.10650684001939165,0.14975416187246532,nan,nan
WT_APP,53,1002275723,181.40625,nan,nan,-0.004725669643804546,5000.0,10.0,0,1,1,0.11011788682116928,0.15313302902482046,nan,nan
WT_APP,54,1068999196,181.40625,nan,nan,0.025392964366548573,5000.0,10.0,0,1,1,0.09259212676126634,0.13170059053985927,nan,nan
WT_APP,55,94067870,181.40625,nan,nan,0.019285058244037055,5000.0,10.0,0,1,1,0.12118623536073657,0.16266951433634802,nan,nan
WT_APP,56,1173749071,181.40625,nan,nan,0.03116775410894318,5000.0,10.0,0,1,1,0.1276125918654068,0.16761276614315337,nan,nan
WT_APP,57,331334160,181.40625,nan,nan,0.016321573987624356,5000.0,10.0,0,1,1,0.09777248287504155,0.14551190471569547,nan,nan
WT_APP,58,1596387604,181.40625,nan,nan,0.02383497663286204,5000.0,10.0,0,1,1,0.12152484332283087,0.16180007604609087,nan,nan
WT_APP,59,1466836456,181.40625,nan,nan,0.01909967479634696,5000.0,10.0,0,1,1,0.11174000530242052,0.15040308778401568,nan,nan
WT_APP,60,1981113449,181.40625,nan,nan,0.0017452731468757835,5000.0,10.0,0,1,1,0.12432267959986451,0.1690634785031889,nan,nan
WT_APP,61,1599364550,181.40625,nan,nan,-0.0037567133834909977,5000.0,10.0,0,1,1,0.11347498177186073,0.1558770968533764,nan,nan
WT_APP,62,787359109,181.40625,nan,nan,0.018179113486626295,5000.0,10.0,0,1,1,0.13375902849642976,0.17911033245099162,nan,nan
WT_APP,63,2077711328,181.40625,nan,nan,0.04440392090355529,5000.0,10.0,0,1,1,0.11571586116117225,0.16234330932440608,nan,nan
WT_APP,64,882294416,181.40625,nan,nan,0.027565518548526506,5000.0,10.0,0,1,1,0.13038636615748736,0.16874013713011915,nan,nan
WT_APP,65,699704628,181.40625,nan,nan,0.0016007444644140984,5000.0,10.0,0,1,1,0.0906047804618867,0.1360481382719135,nan,nan
WT_APP,66,1944623248,181.40625,nan,nan,0.015255508597575834,5000.0,10.0,0,1,1,0.10473192627956573,0.14713069201081666,nan,nan
WT_APP,67,795556160,181.40625,nan,nan,-0.014414060360887005,5000.0,10.0,0,1,1,0.11031124041664839,0.14746367476338884,nan,nan
WT_APP,68,163945743,181.40625,nan,nan,0.022649463681084978,5000.0,10.0,0,1,1,0.12018673847642432,0.16014097117850307,nan,nan
WT_APP,69,1008363426,181.40625,nan,nan,-0.013979009382840265,5000.0,10.0,0,1,1,0.09568431805607712,0.12772450970134705,nan,nan
WT_APP,70,1708709735,181.40625,nan,nan,0.007749935299250286,5000.0,10.0,0,1,1,0.11897542724137934,0.16265068902758814,nan,nan
WT_APP,71,406886644,181.40625,nan,nan,0.010348034296406183,5000.0,10.0,0,1,1,0.1228269926164873,0.16605315384746297,nan,nan
WT_APP,72,994157306,181.40625,nan,nan,0.023602701452176363,5000.0,10.0,0,1,1,0.11635779803932796,0.15156463408360038,nan,nan
WT_APP,73,279004307,181.40625,nan,nan,0.0026710605544626948,5000.0,10.0,0,1,1,0.11459968791296182,0.16055942219522454,nan,nan
WT_APP,74,1474200731,181.40625,nan,nan,0.03383385642113552,5000.0,10.0,0,1,1,0.09825664768440825,0.13369484644501506,nan,nan
WT_APP,75,1021568549,181.40625,nan,nan,0.01888434812533487,5000.0,10.0,0,1,1,0.11504267033834104,0.15832151762015173,nan,nan
WT_APP,76,709091226,181.40625,nan,nan,0.01906464523004664,5000.0,10.0,0,1,1,0.09834932520541266,0.1428861023972308,nan,nan
WT_APP,77,487284116,181.40625,nan,nan,0.01647248659268055,5000.0,10.0,0,1,1,0.11296028701239642,0.1560368649871343,nan,nan
WT_APP,78,1212254290,181.40625,nan,nan,0.0498875168024899,5000.0,10.0,0,1,1,0.12811661593346269,0.1629326488120075,nan,nan
WT_APP,79,1438414599,181.40625,nan,nan,-0.0021430905325598697,5000.0,10.0,0,1,1,0.12064812350889183,0.17067244601347925,nan,nan
WT_APP,80,2019291964,181.40625,nan,nan,0.029500103145389176,5000.0,10.0,0,1,1,0.12125686200760143,0.15797853304426768,nan,nan
WT_APP,81,938776596,181.40625,nan,nan,0.01556312480619748,5000.0,10.0,0,1,1,0.11205759670170531,0.1546328230599986,nan,nan
WT_APP,82,345075200,181.40625,nan,nan,0.016457008812932633,5000.0,10.0,0,1,1,0.12686144241147773,0.16772692705119516,nan,nan
WT_APP,83,1788162809,181.40625,nan,nan,0.012479309688667497,5000.0,10.0,0,1,1,0.12413010817120902,0.17069053976630544,nan,nan
WT_APP,84,1352408538,181.40625,nan,nan,0.026429290474546698,5000.0,10.0,0,1,1,0.09576230349110315,0.1403081124954764,nan,nan
WT_APP,85,1503807854,181.40625,nan,nan,0.012556107011752625,5000.0,10.0,0,1,1,0.1186111104239216,0.1613266508715819,nan,nan
WT_APP,86,208792607,181.40625,nan,nan,0.017555157410353257,5000.0,10.0,0,1,1,0.1266171927547833,0.17290529136536997,nan,nan
WT_APP,87,670802254,181.40625,nan,nan,0.0380291556801487,5000.0,10.0,0,1,1,0.13024192061974213,0.16271719643441301,nan,nan
WT_APP,88,1648932249,181.40625,nan,nan,0.02463885496945928,5000.0,10.0,0,1,1,0.127441191561618,0.16960550829339555,nan,nan
WT_APP,89,1787264313,181.40625,nan,nan,0.02315218447952041,5000.0,10.0,0,1,1,0.10311313602688649,0.13711426554541947,nan,nan
WT_APP,90,934620676,181.40625,nan,nan,0.02094301892128123,5000.0,10.0,0,1,1,0.09908152054712163,0.13558521362112233,nan,nan
WT_APP,91,1728218297,181.40625,nan,nan,0.010539890139947952,5000.0,10.0,0,1,1,0.1046407821676842,0.1461204857422163,nan,nan
WT_APP,92,1807519524,181.40625,nan,nan,0.0023553329969284867,5000.0,10.0,0,1,1,0.10429422934523869,0.1503040338324924,nan,nan
WT_APP,93,832103482,181.40625,nan,nan,0.02692092918118822,5000.0,10.0,0,1,1,0.13075247850512542,0.17145975191635063,nan,nan
WT_APP,94,1928628490,181.40625,nan,nan,0.004030634107023612,5000.0,10.0,0,1,1,0.09987708364500328,0.14443748770214693,nan,nan
WT_APP,95,619179887,181.40625,nan,nan,0.03535922153820891,5000.0,10.0,0,1,1,0.13616415915793428,0.1755138798612542,nan,nan
WT_APP,96,514446424,181.40625,nan,nan,-0.002223525693248029,5000.0,10.0,0,1,1,0.11998863660758104,0.1558337607654965,nan,nan
WT_APP,97,1465647933,181.40625,nan,nan,0.026166758790577727,5000.0,10.0,0,1,1,0.12530104771137232,0.16865209719995808,nan,nan
WT_APP,98,1367435607,181.40625,nan,nan,0.008102255770554304,5000.0,10.0,0,1,1,0.11523240341965556,0.15975626165763976,nan,nan
WT_APP,99,300116172,181.40625,nan,nan,-0.0039545212973993065,5000.0,10.0,0,1,1,0.13592436962142532,0.1759887473482469,nan,nan
WT_APP,100,1788288545,181.40625,nan,nan,0.017855321937134856,5000.0,10.0,0,1,1,0.13456450139783702,0.17815982156122553,nan,nan
WT_APP,101,429299595,181.40625,nan,nan,0.00871676137618329,5000.0,10.0,0,1,1,0.08797601003658062,0.1316551496932903,nan,nan
WT_APP,102,1728507682,181.40625,nan,nan,0.03983102384714158,5000.0,10.0,0,1,1,0.11978287181120593,0.16253586057169553,nan,nan
WT_APP,103,15810353,181.40625,nan,nan,0.021732177994807984,5000.0,10.0,0,1,1,0.1102035070779157,0.16002967043496225,nan,nan
WT_APP,104,1711206423,181.40625,nan,nan,0.015933670263308625,5000.0,10.0,0,1,1,0.11921695325822326,0.1604171460343764,nan,nan
WT_APP,105,1689907231,181.40625,nan,nan,0.017917802438689862,5000.0,10.0,0,1,1,0.09020489236093523,0.13329488594026356,nan,nan
WT_APP,106,1675819612,181.40625,nan,nan,0.015339555655249481,5000.0,10.0,0,1,1,0.12105630416251029,0.1636394538505702,nan,nan
WT_APP,107,1427756341,181.40625,nan,nan,0.012973783705256299,5000.0,10.0,0,1,1,0.11682918252184551,0.17038231292816577,nan,nan
WT_APP,108,1012682731,181.40625,nan,nan,0.014657265999989651,5000.0,10.0,0,1,1,0.1010593132071827,0.1425244987503981,nan,nan
WT_APP,109,1514331118,181.40625,nan,nan,0.014635180300049845,5000.0,10.0,0,1,1,0.11998797391613289,0.16289106304513123,nan,nan
WT_APP,110,595114158,181.40625,nan,nan,0.04957455440666242,5000.0,10.0,0,1,1,0.1236525135057833,0.16109510261724624,nan,nan
WT_APP,111,1676602826,181.40625,nan,nan,0.030276888238031107,5000.0,10.0,0,1,1,0.12002679801333212,0.1614885099782597,nan,nan
WT_APP,112,1193242761,181.40625,nan,nan,0.027387744906513627,5000.0,10.0,0,1,1,0.13655687403587588,0.17367008516518795,nan,nan
WT_APP,113,985514123,181.40625,nan,nan,-0.009520673066993626,5000.0,10.0,0,1,1,0.11639172613151193,0.16095587001578457,nan,nan
WT_APP,114,1085781155,181.40625,nan,nan,0.0214643318238985,5000.0,10.0,0,1,1,0.11309659572306544,0.1539340680958463,nan,nan
WT_APP,115,1221362417,181.40625,nan,nan,0.008779731495993693,5000.0,10.0,0,1,1,0.08060766293523312,0.12175177565134347,nan,nan
WT_APP,116,80020205,181.40625,nan,nan,0.018069991567177337,5000.0,10.0,0,1,1,0.100942104812166,0.14521886331567185,nan,nan
WT_APP,117,300211767,181.40625,nan,nan,0.01722479476866247,5000.0,10.0,0,1,1,0.11273128540795146,0.15363501410750918,nan,nan
WT_APP,118,527166790,181.40625,nan,nan,0.017247190435111054,5000.0,10.0,0,1,1,0.1162773592885687,0.16285738652123594,nan,nan
WT_APP,119,245951459,181.40625,nan,nan,0.002018683455114278,5000.0,10.0,0,1,1,0.11038225718694894,0.1538139455371984,nan,nan
WT_APP,120,944062962,181.40625,nan,nan,0.024860024271509167,5000.0,10.0,0,1,1,0.12320905545261795,0.167195393161012,nan,nan
WT_APP,121,1435384429,181.40625,nan,nan,0.02817068384879176,5000.0,10.0,0,1,1,0.11172359126847885,0.15865032725127995,nan,nan
WT_APP,122,1405375274,181.40625,nan,nan,0.01851035555358653,5000.0,10.0,0,1,1,0.11564304237580837,0.1588551110381192,nan,nan
WT_APP,123,1011671398,181.40625,nan,nan,0.008539633029580627,5000.0,10.0,0,1,1,0.12195422890815451,0.1642332543124421,nan,nan
WT_APP,124,1836270333,181.40625,nan,nan,0.000671512534821046,5000.0,10.0,0,1,1,0.08545231853824833,0.12901689134637184,nan,nan
WT_APP,125,1213835294,181.40625,nan,nan,0.03566066976189917,5000.0,10.0,0,1,1,0.09605776989991258,0.1311583910104694,nan,nan
WT_APP,126,170075129,181.40625,nan,nan,0.01821601828882826,5000.0,10.0,0,1,1,0.110376988181051,0.1500883368173984,nan,nan
WT_APP,127,1642822536,181.40625,nan,nan,-0.0023775618520878177,5000.0,10.0,0,1,1,0.08606032154050584,0.14352897904715756,nan,nan
WT_APP,128,1233945442,181.40625,nan,nan,0.03736050124776133,5000.0,10.0,0,1,1,0.11857851245481235,0.15659100278779295,nan,nan
WT_APP,129,1363047212,181.40625,nan,nan,0.012355526226456748,5000.0,10.0,0,1,1,0.09422782711890729,0.144177556620129,nan,nan
WT_APP,130,1214129970,181.40625,nan,nan,-0.009896055623250034,5000.0,10.0,0,1,1,0.08554679445197641,0.12927653402701053,nan,nan
WT_APP,131,1188802709,181.40625,nan,nan,0.03834410515234224,5000.0,10.0,0,1,1,0.13521798261458887,0.17118185997459784,nan,nan
WT_APP,132,194489917,181.40625,nan,nan,0.030793887579662206,5000.0,10.0,0,1,1,0.10842335787480227,0.15173923155870586,nan,nan
WT_APP,133,1200888232,181.40625,nan,nan,0.034314813002489244,5000.0,10.0,0,1,1,0.13794874563567763,0.17719947498787442,nan,nan
WT_APP,134,1707061844,181.40625,nan,nan,0.03161644745124192,5000.0,10.0,0,1,1,0.11372315422456852,0.1520542769400412,nan,nan
WT_APP,135,652727864,181.40625,nan,nan,0.04490151150645908,5000.0,10.0,0,1,1,0.12037204236932318,0.1458007490723501,nan,nan
WT_APP,136,1294585270,181.40625,nan,nan,0.013555796587017735,5000.0,10.0,0,1,1,0.12280007653087048,0.16798312209802377,nan,nan
WT_APP,137,66180795,181.40625,nan,nan,0.011390124470215519,5000.0,10.0,0,1,1,0.11423686206041478,0.15587063269417542,nan,nan
WT_APP,138,746248853,181.40625,nan,nan,0.02211737004323638,5000.0,10.0,0,1,1,0.13161424850239015,0.17257952607469482,nan,nan
WT_APP,139,937843451,181.40625,nan,nan,-0.008214418813247986,5000.0,10.0,0,1,1,0.09571427908294723,0.13970023804632156,nan,nan
WT_APP,140,2110414630,181.40625,nan,nan,0.034394504672614144,5000.0,10.0,0,1,1,0.1298301487875639,0.16412275692444783,nan,nan
WT_APP,141,460817075,181.40625,nan,nan,0.013454867574362605,5000.0,10.0,0,1,1,0.09857904164293306,0.13723217056554066,nan,nan
WT_APP,142,593883018,181.40625,nan,nan,0.007761665007294095,5000.0,10.0,0,1,1,0.09321529857234798,0.14075758739764654,nan,nan
WT_APP,143,877308581,181.40625,nan,nan,0.03568389383964362,5000.0,10.0,0,1,1,0.1163977403590911,0.1543529854859908,nan,nan
WT_APP,144,2131733183,181.40625,nan,nan,0.0076170190681618104,5000.0,10.0,0,1,1,0.1167024046691316,0.16133217174063394,nan,nan
WT_APP,145,1832669143,181.40625,nan,nan,0.02574173658244019,5000.0,10.0,0,1,1,0.10384590692272075,0.14122475030694231,nan,nan
WT_APP,146,74502574,181.40625,nan,nan,0.025472680076962285,5000.0,10.0,0,1,1,0.09956742391130531,0.14156126924117704,nan,nan
WT_APP,147,502381220,181.40625,nan,nan,-0.0020466470432971757,5000.0,10.0,0,1,1,0.121948638617266,0.16788198559111608,nan,nan
WT_APP,148,1764532444,181.40625,nan,nan,0.012900450985940247,5000.0,10.0,0,1,1,0.10546883514676257,0.14850084572646077,nan,nan
WT_APP,149,125204183,181.40625,nan,nan,-0.00886954406456745,5000.0,10.0,0,1,1,0.1281777560615999,0.17355317682436833,nan,nan
WT_APP,150,1837539164,181.40625,nan,nan,0.01875086192675985,5000.0,10.0,0,1,1,0.10189863211559892,0.14765022383310789,nan,nan
WT_APP,151,604267306,181.40625,nan,nan,0.00842409147365611,5000.0,10.0,0,1,1,0.11620309429623056,0.1634512151089371,nan,nan
WT_APP,152,1970642945,181.40625,nan,nan,0.015450896293086675,5000.0,10.0,0,1,1,0.11028551036785048,0.1533217034386459,nan,nan
WT_APP,153,630487793,181.40625,nan,nan,0.0018353419957211348,5000.0,10.0,0,1,1,0.10420640735164818,0.14435435293570553,nan,nan
WT_APP,154,932688237,181.40625,nan,nan,0.023289685835444558,5000.0,10.0,0,1,1,0.11771678025674918,0.16383797699633934,nan,nan
WT_APP,155,1421454890,181.40625,nan,nan,0.0359963682764319,5000.0,10.0,0,1,1,0.11770169147848737,0.1631604198692682,nan,nan
WT_APP,156,271185813,181.40625,nan,nan,0.008301549290325625,5000.0,10.0,0,1,1,0.11193631504888998,0.15258684986281928,nan,nan
WT_APP,157,1196217437,181.40625,nan,nan,0.025835568662170162,5000.0,10.0,0,1,1,0.12327528575779137,0.17144857271427852,nan,nan
WT_APP,158,1084512517,181.40625,nan,nan,-0.0029865625522747367,5000.0,10.0,0,1,1,0.12028511608318174,0.1625367518527653,nan,nan
WT_APP,159,1683408584,181.40625,nan,nan,0.006960021815660337,5000.0,10.0,0,1,1,0.12090950382413378,0.16556873624182747,nan,nan
WT_APP,160,2139123293,181.40625,nan,nan,0.013769748018384802,5000.0,10.0,0,1,1,0.12644026876208625,0.17051963531191702,nan,nan
WT_APP,161,1426602463,181.40625,nan,nan,0.016904232273347048,5000.0,10.0,0,1,1,0.11215307885085349,0.15529979161308005,nan,nan
WT_APP,162,878721193,181.40625,nan,nan,0.033396990190677094,5000.0,10.0,0,1,1,0.12108624791602235,0.1621248453292737,nan,nan
WT_APP,163,872709139,181.40625,nan,nan,0.017884980432362505,5000.0,10.0,0,1,1,0.12260566879846789,0.171054378684732,nan,nan
WT_APP,164,897559571,181.40625,nan,nan,-0.008174224893234265,5000.0,10.0,0,1,1,0.09357271674682768,0.136940946964814,nan,nan
WT_APP,165,1748095464,181.40625,nan,nan,0.020944655659700724,5000.0,10.0,0,1,1,0.100584435465993,0.144759025477927,nan,nan
WT_APP,166,689805532,181.40625,nan,nan,0.03367896161502822,5000.0,10.0,0,1,1,0.12014977108986163,0.1602896498119634,nan,nan
WT_APP,167,358571614,181.40625,nan,nan,-0.0001957702648491638,5000.0,10.0,0,1,1,0.10812833765850759,0.1532374334406509,nan,nan
WT_APP,168,717885406,181.40625,nan,nan,-0.0058373829823454085,5000.0,10.0,0,1,1,0.10799287855462139,0.15033360337653978,nan,nan
WT_APP,169,48773805,181.40625,nan,nan,0.03637364314608852,5000.0,10.0,0,1,1,0.11996714121578426,0.15647936664259438,nan,nan
WT_APP,170,227939460,181.40625,nan,nan,0.05580808372170809,5000.0,10.0,0,1,1,0.1289805258136848,0.16956267963524746,nan,nan
WT_APP,171,193376308,181.40625,nan,nan,0.040399973647420984,5000.0,10.0,0,1,1,0.14417309013659688,0.18040303378125438,nan,nan
WT_APP,172,1656896191,181.40625,nan,nan,0.03543637256758183,5000.0,10.0,0,1,1,0.13755401027631442,0.1786100635577482,nan,nan
WT_APP,173,1551254892,181.40625,nan,nan,0.03597705223620613,5000.0,10.0,0,1,1,0.11849568557229478,0.15952036700646796,nan,nan
WT_APP,174,1496303881,181.40625,nan,nan,0.012008868881873016,5000.0,10.0,0,1,1,0.09517915262991852,0.14109451175177073,nan,nan
WT_APP,175,991873798,181.40625,nan,nan,-0.0054662007104437655,5000.0,10.0,0,1,1,0.10539235354778857,0.14509716315562643,nan,nan
WT_APP,176,1539871429,181.40625,nan,nan,0.058844955760210246,5000.0,10.0,0,1,1,0.13123311071769525,0.15931075240178771,nan,nan
WT_APP,177,346328507,181.40625,nan,nan,0.026208056662457315,5000.0,10.0,0,1,1,0.13196419821540478,0.17521009875340268,nan,nan
WT_APP,178,1934070332,181.40625,nan,nan,0.009835097224365213,5000.0,10.0,0,1,1,0.0880670214739793,0.1326708793611062,nan,nan
WT_APP,179,1075985460,181.40625,nan,nan,0.010476272556307457,5000.0,10.0,0,1,1,0.10038883080584517,0.14527865184332545,nan,nan
WT_APP,180,2014450023,181.40625,nan,nan,0.019925582646605842,5000.0,10.0,0,1,1,0.10676342822470271,0.15264149999410612,nan,nan
WT_APP,181,327087749,181.40625,nan,nan,0.0296606725295526,5000.0,10.0,0,1,1,0.1188110824818835,0.16066127699390212,nan,nan
WT_APP,182,1068008205,181.40625,nan,nan,0.016143756992014344,5000.0,10.0,0,1,1,0.11153658863900393,0.16229033409060373,nan,nan
WT_APP,183,1495336618,181.40625,nan,nan,0.026201152123326042,5000.0,10.0,0,1,1,0.09429460404590682,0.13387519848221885,nan,nan
WT_APP,184,1064348452,181.40625,nan,nan,0.026719067434128142,5000.0,10.0,0,1,1,0.12458207032234032,0.16090627114345737,nan,nan
WT_APP,185,958113305,181.40625,nan,nan,0.006938345783753531,5000.0,10.0,0,1,1,0.12218517325839795,0.1629510541386006,nan,nan
WT_APP,186,356942048,181.40625,nan,nan,0.023979619354485057,5000.0,10.0,0,1,1,0.12089099793378663,0.1614434902150911,nan,nan
WT_APP,187,818236852,181.40625,nan,nan,-0.0002778902829683106,5000.0,10.0,0,1,1,0.10906769158364223,0.15683361643318075,nan,nan
WT_APP,188,512746651,181.40625,nan,nan,0.021499387390965123,5000.0,10.0,0,1,1,0.10553691248576619,0.1496173889507657,nan,nan
WT_APP,189,647492280,181.40625,nan,nan,0.015161016478623519,5000.0,10.0,0,1,1,0.12201610412507569,0.1602238250547841,nan,nan
WT_APP,190,1468235991,181.40625,nan,nan,0.023240109418778226,5000.0,10.0,0,1,1,0.10920870169481074,0.1517128972197586,nan,nan
WT_APP,191,1353521561,181.40625,nan,nan,0.011996817274377633,5000.0,10.0,0,1,1,0.1251712645579103,0.16994552119209227,nan,nan
WT_APP,192,1303944407,181.40625,nan,nan,0.006784571643372407,5000.0,10.0,0,1,1,0.10265398098623875,0.15059556806874078,nan,nan
WT_APP,193,776986664,181.40625,nan,nan,0.010560878955333012,5000.0,10.0,0,1,1,0.12897497695962154,0.1803222539693927,nan,nan
WT_APP,194,2060924129,181.40625,nan,nan,0.0443571915778807,5000.0,10.0,0,1,1,0.11304784869849634,0.15123081838670116,nan,nan
WT_APP,195,188226767,181.40625,nan,nan,0.01820021898840568,5000.0,10.0,0,1,1,0.10960822917508609,0.15836308630761423,nan,nan
WT_APP,196,735708085,181.40625,nan,nan,0.019192957978797057,5000.0,10.0,0,1,1,0.10739402645686937,0.15724173355330648,nan,nan
WT_APP,197,253415744,181.40625,nan,nan,0.025956487892146395,5000.0,10.0,0,1,1,0.11589329434048827,0.16772647509018132,nan,nan
WT_APP,198,727876280,181.40625,nan,nan,0.02064687368885127,5000.0,10.0,0,1,1,0.0973389756079045,0.13983502700702333,nan,nan
WT_APP,199,2065659504,181.40625,nan,nan,0.05774150978082779,5000.0,10.0,0,1,1,0.10030266604294422,0.13241980295564854,nan,nan
