condition,amplitude,w_inter,trial_idx,seed,ref_amplitude,end_val_normalized,pre_frac_sat,cue_frac_sat,post_frac_sat,post_frac_bump,post_frac_rest,late_frac_sat,late_frac_bump,late_frac_rest,win00_frac_sat,win01_frac_sat,win02_frac_sat,win03_frac_sat,win04_frac_sat,win05_frac_sat,win06_frac_sat,win07_frac_sat,win08_frac_sat,win09_frac_sat,win00_frac_bump,win01_frac_bump,win02_frac_bump,win03_frac_bump,win04_frac_bump,win05_frac_bump,win06_frac_bump,win07_frac_bump,win08_frac_bump,win09_frac_bump,win00_frac_rest,win01_frac_rest,win02_frac_rest,win03_frac_rest,win04_frac_rest,win05_frac_rest,win06_frac_rest,win07_frac_rest,win08_frac_rest,win09_frac_rest
WT,8.0,0.004,0,1168784116,0.999129477467859,2.7985939040256826e-56,0.0,0.0078125,0.0,0.0,1.0,0.0,0.0,1.0,0.0,0.0,0.0,0.0,0.0,0.0,0.0,0.0,0.0,0.0,0.03125,0.0,0.0,0.0,0.0,0.0,0.0,0.0,0.0,0.0,0.96875,1.0,1.0,1.0,1.0,1.0,1.0,1.0,1.0,1.0
WT,8.0,0.004,1,921289450,0.9972921591181938,2.7985939040256826e-56,0.0,0.0078125,0.0,0.0,1.0,0.0,0.0,1.0,0.0,0.0,0.0,0.0,0.0,0.0,0.0,0.0,0.0,0.0,0.015625,0.0,0.0,0.0,0.0,0.0,0.0,0.0,0.0,0.0,0.984375,1.0,1.0,1.0,1.0,1.0,1.0,1.0,1.0,1.0
WT,8.0,0.004,2,1293255992,0.9999999995168971,2.7985939040256826e-56,0.0,0.0078125,0.0,0.0,1.0,0.0,0.0,1.0,0.0,0.0,0.0,0.0,0.0,0.0,0.0,0.0,0.0,0.0,0.0078125,0.0,0.0,0.0,0.0,0.0,0.0,0.0,0.0,0.0,0.9921875,1.0,1.0,1.0,1.0,1.0,1.0,1.0,1.0,1.0
WT,8.0,0.004,3,1702858716,0.9993102929580174,2.7985939040256826e-56,0.0,0.0078125,0.0,0.0,1.0,0.0,0.0,1.0,0.0,0.0,0.0,0.0,0.0,0.0,0.0,0.0,0.0,0.0,0.03125,0.0,0.0,0.0,0.0,0.0,0.0,0.0,0.0,0.0,0.96875,1.0,1.0,1.0,1.0,1.0,1.0,1.0,1.0,1.0
WT,8.0,0.004,4,1895310323,0.9995704477702954,2.7985939040256826e-56,0.0,0.0,0.0,0.0,1.0,0.0,0.0,1.0,0.0,0.0,0.0,0.0,0.0,0.0,0.0,0.0,0.0,0.0,0.0234375,0.0,0.0,0.0,0.0,0.0,0.0,0.0,0.0,0.0,0.9765625,1.0,1.0,1.0,1.0,1.0,1.0,1.0,1.0,1.0
WT,8.0,0.004,5,211694680,0.9999999914080507,2.7985939040256826e-56,0.0,0.0078125,0.0,0.0,1.0,0.0,0.0,1.0,0.0,0.0,0.0,0.0,0.0,0.0,0.0,0.0,0.0,0.0,0.0078125,0.0,0.0,0.0,0.0,0.0,0.0,0.0,0.0,0.0,0.9921875,1.0,1.0,1.0,1.0,1.0,1.0,1.0,1.0,1.0
WT,8.0,0.004,6,280584697,0.9981726046679138,2.7985939040256826e-56,0.0,0.0078125,0.0,0.0,1.0,0.0,0.0,1.0,0.0,0.0,0.0,0.0,0.0,0.0,0.0,0.0,0.0,0.0,0.03125,0.0,0.0,0.0,0.0,0.0,0.0,0.0,0.0,0.0,0.96875,1.0,1.0,1.0,1.0,1.0,1.0,1.0,1.0,1.0
WT,8.0,0.004,7,617447500,0.9993367114297032,2.7985939040256826e-56,0.0,0.015625,0.0,0.0,1.0,0.0,0.0,1.0,0.0,0.0,0.0,0.0,0.0,0.0,0.0,0.0,0.0,0.0,0.0,0.0,0.0,0.0,0.0,0.0,0.0,0.0,0.0,0.0,1.0,1.0,1.0,1.0,1.0,1.0,1.0,1.0,1.0,1.0
WT,8.0,0.004,8,1249765968,0.9999999836843502,2.7985939040256826e-56,0.0,0.0,0.0,0.0,1.0,0.0,0.0,1.0,0.0,0.0,0.0,0.0,0.0,0.0,0.0,0.0,0.0,0.0,0.0078125,0.0,0.0,0.0,0.0,0.0,0.0,0.0,0.0,0.0,0.9921875,1.0,1.0,1.0,1.0,1.0,1.0,1.0,1.0,1.0
WT,8.0,0.004,9,1504658074,0.9999999999982545,2.7985939040256826e-56,0.0,0.0,0.0,0.0,1.0,0.0,0.0,1.0,0.0,0.0,0.0,0.0,0.0,0.0,0.0,0.0,0.0,0.0,0.0078125,0.0,0.0,0.0,0.0,0.0,0.0,0.0,0.0,0.0,0.9921875,1.0,1.0,1.0,1.0,1.0,1.0,1.0,1.0,1.0
WT,8.0,0.004,10,1008898872,0.9999975757867418,2.7985939040256826e-56,0.0,0.0,0.0,0.0,1.0,0.0,0.0,1.0,0.0,0.0,0.0,0.0,0.0,0.0,0.0,0.0,0.0,0.0,0.015625,0.0,0.0,0.0,0.0,0.0,0.0,0.0,0.0,0.0,0.984375,1.0,1.0,1.0,1.0,1.0,1.0,1.0,1.0,1.0
WT,8.0,0.004,11,794319243,0.999994023556117,2.7985939040256826e-56,0.0,0.0078125,0.0,0.0,1.0,0.0,0.0,1.0,0.0,0.0,0.0,0.0,0.0,0.0,0.0,0.0,0.0,0.0,0.0234375,0.0,0.0,0.0,0.0,0.0,0.0,0.0,0.0,0.0,0.9765625,1.0,1.0,1.0,1.0,1.0,1.0,1.0,1.0,1.0
WT,8.0,0.004,12,204008863,0.9999999999674124,2.7985939040256826e-56,0.0,0.0,0.0,0.0,1.0,0.0,0.0,1.0,0.0,0.0,0.0,0.0,0.0,0.0,0.0,0.0,0.0,0.0,0.0078125,0.0,0.0,0.0,0.0,0.0,0.0,0.0,0.0,0.0,0.9921875,1.0,1.0,1.0,1.0,1.0,1.0,1.0,1.0,1.0
WT,8.0,0.004,13,1880439445,0.9996717298366726,2.7985939040256826e-56,0.0,0.0,0.0,0.0,1.0,0.0,0.0,1.0,0.0,0.0,0.0,0.0,0.0,0.0,0.0,0.0,0.0,0.0,0.0,0.0,0.0,0.0,0.0,0.0,0.0,0.0,0.0,0.0,1.0,1.0,1.0,1.0,1.0,1.0,1.0,1.0,1.0,1.0
WT,8.0,0.004,14,1306372712,0.9999186513595771,2.7985939040256826e-56,0.0,0.0078125,0.0,0.0,1.0,0.0,0.0,1.0,0.0,0.0,0.0,0.0,0.0,0.0,0.0,0.0,0.0,0.0,0.0234375,0.0,0.0,0.0,0.0,0.0,0.0,0.0,0.0,0.0,0.9765625,1.0,1.0,1.0,1.0,1.0,1.0,1.0,1.0,1.0
WT,8.0,0.004,15,2122084012,0.9999410135119515,2.7985939040256826e-56,0.0,0.015625,0.0,0.0,1.0,0.0,0.0,1.0,0.0,0.0,0.0,0.0,0.0,0.0,0.0,0.0,0.0,0.0,0.0,0.0,0.0,0.0,0.0,0.0,0.0,0.0,0.0,0.0,1.0,1.0,1.0,1.0,1.0,1.0,1.0,1.0,1.0,1.0
WT,8.0,0.004,16,1976297044,0.9998844820889833,2.7985939040256826e-56,0.0,0.0078125,0.0,0.0,1.0,0.0,0.0,1.0,0.0,0.0,0.0,0.0,0.0,0.0,0.0,0.0,0.0,0.0,0.0234375,0.0,0.0,0.0,0.0,0.0,0.0,0.0,0.0,0.0,0.9765625,1.0,1.0,1.0,1.0,1.0,1.0,1.0,1.0,1.0
WT,8.0,0.004,17,784548992,0.9989008878127007,2.7985939040256826e-56,0.0,0.0,0.0,0.0,1.0,0.0,0.0,1.0,0.0,0.0,0.0,0.0,0.0,0.0,0.0,0.0,0.0,0.0,0.03125,0.0,0.0,0.0,0.0,0.0,0.0,0.0,0.0,0.0,0.96875,1.0,1.0,1.0,1.0,1.0,1.0,1.0,1.0,1.0
WT,8.0,0.004,18,2121403537,0.9998618085194133,2.7985939040256826e-56,0.0,0.0078125,0.0,0.0,1.0,0.0,0.0,1.0,0.0,0.0,0.0,0.0,0.0,0.0,0.0,0.0,0.0,0.0,0.015625,0.0,0.0,0.0,0.0,0.0,0.0,0.0,0.0,0.0,0.984375,1.0,1.0,1.0,1.0,1.0,1.0,1.0,1.0,1.0
WT,8.0,0.004,19,347016859,0.9997001981659323,2.7985939040256826e-56,0.0,0.0,0.0,0.0,1.0,0.0,0.0,1.0,0.0,0.0,0.0,0.0,0.0,0.0,0.0,0.0,0.0,0.0,0.015625,0.0,0.0,0.0,0.0,0.0,0.0,0.0,0.0,0.0,0.984375,1.0,1.0,1.0,1.0,1.0,1.0,1.0,1.0,1.0
WT,8.0,0.008,0,1168784116,0.9971035502515767,2.7975884005288205e-56,0.0,0.0078125,0.0,0.0,1.0,0.0,0.0,1.0,0.0,0.0,0.0,0.0,0.0,0.0,0.0,0.0,0.0,0.0,0.0390625,0.0,0.0,0.0,0.0,0.0,0.0,0.0,0.0,0.0,0.9609375,1.0,1.0,1.0,1.0,1.0,1.0,1.0,1.0,1.0
WT,8.0,0.008,1,921289450,0.9964545295265956,2.7975884005288205e-56,0.0,0.0078125,0.0,0.0,1.0,0.0,0.0,1.0,0.0,0.0,0.0,0.0,0.0,0.0,0.0,0.0,0.0,0.0,0.046875,0.0,0.0,0.0,0.0,0.0,0.0,0.0,0.0,0.0,0.953125,1.0,1.0,1.0,1.0,1.0,1.0,1.0,1.0,1.0
WT,8.0,0.008,2,1293255992,0.999168942876083,2.7975884005288205e-56,0.0,0.0078125,0.0,0.0,1.0,0.0,0.0,1.0,0.0,0.0,0.0,0.0,0.0,0.0,0.0,0.0,0.0,0.0,0.0234375,0.0,0.0,0.0,0.0,0.0,0.0,0.0,0.0,0.0,0.9765625,1.0,1.0,1.0,1.0,1.0,1.0,1.0,1.0,1.0
WT,8.0,0.008,3,1702858716,0.9980606958634012,2.7975884005288205e-56,0.0,0.0078125,0.0,0.0,1.0,0.0,0.0,1.0,0.0,0.0,0.0,0.0,0.0,0.0,0.0,0.0,0.0,0.0,0.0390625,0.0,0.0,0.0,0.0,0.0,0.0,0.0,0.0,0.0,0.9609375,1.0,1.0,1.0,1.0,1.0,1.0,1.0,1.0,1.0
WT,8.0,0.008,4,1895310323,0.999112261449235,2.7975884005288205e-56,0.0,0.0,0.0,0.0,1.0,0.0,0.0,1.0,0.0,0.0,0.0,0.0,0.0,0.0,0.0,0.0,0.0,0.0,0.03125,0.0,0.0,0.0,0.0,0.0,0.0,0.0,0.0,0.0,0.96875,1.0,1.0,1.0,1.0,1.0,1.0,1.0,1.0,1.0
WT,8.0,0.008,5,211694680,0.9960623411884884,2.7975884005288205e-56,0.0,0.0078125,0.0,0.0,1.0,0.0,0.0,1.0,0.0078125,0.0,0.0,0.0,0.0,0.0,0.0,0.0,0.0,0.0,0.0390625,0.0,0.0,0.0,0.0,0.0,0.0,0.0,0.0,0.0,0.953125,1.0,1.0,1.0,1.0,1.0,1.0,1.0,1.0,1.0
WT,8.0,0.008,6,280584697,0.9968149435318444,2.7975884005288205e-56,0.0,0.0078125,0.0,0.0,1.0,0.0,0.0,1.0,0.0,0.0,0.0,0.0,0.0,0.0,0.0,0.0,0.0,0.0,0.0390625,0.0,0.0,0.0,0.0,0.0,0.0,0.0,0.0,0.0,0.9609375,1.0,1.0,1.0,1.0,1.0,1.0,1.0,1.0,1.0
WT,8.0,0.008,7,617447500,0.9976415448517852,2.7975884005288205e-56,0.0,0.015625,0.0,0.0,1.0,0.0,0.0,1.0,0.0,0.0,0.0,0.0,0.0,0.0,0.0,0.0,0.0,0.0,0.0390625,0.0,0.0,0.0,0.0,0.0,0.0,0.0,0.0,0.0,0.9609375,1.0,1.0,1.0,1.0,1.0,1.0,1.0,1.0,1.0
WT,8.0,0.008,8,1249765968,0.9997683875824325,2.7975884005288205e-56,0.0,0.0,0.0,0.0,1.0,0.0,0.0,1.0,0.0,0.0,0.0,0.0,0.0,0.0,0.0,0.0,0.0,0.0,0.015625,0.0,0.0,0.0,0.0,0.0,0.0,0.0,0.0,0.0,0.984375,1.0,1.0,1.0,1.0,1.0,1.0,1.0,1.0,1.0
WT,8.0,0.008,9,1504658074,0.9999999999976076,2.7975884005288205e-56,0.0,0.0,0.0,0.0,1.0,0.0,0.0,1.0,0.0,0.0,0.0,0.0,0.0,0.0,0.0,0.0,0.0,0.0,0.0078125,0.0,0.0,0.0,0.0,0.0,0.0,0.0,0.0,0.0,0.9921875,1.0,1.0,1.0,1.0,1.0,1.0,1.0,1.0,1.0
WT,8.0,0.008,10,1008898872,0.999976814755644,2.7975884005288205e-56,0.0,0.0,0.0,0.0,1.0,0.0,0.0,1.0,0.0,0.0,0.0,0.0,0.0,0.0,0.0,0.0,0.0,0.0,0.015625,0.0,0.0,0.0,0.0,0.0,0.0,0.0,0.0,0.0,0.984375,1.0,1.0,1.0,1.0,1.0,1.0,1.0,1.0,1.0
WT,8.0,0.008,11,794319243,0.9972891456016257,2.7975884005288205e-56,0.0,0.0078125,0.0,0.0,1.0,0.0,0.0,1.0,0.0,0.0,0.0,0.0,0.0,0.0,0.0,0.0,0.0,0.0,0.0390625,0.0,0.0,0.0,0.0,0.0,0.0,0.0,0.0,0.0,0.9609375,1.0,1.0,1.0,1.0,1.0,1.0,1.0,1.0,1.0
WT,8.0,0.008,12,204008863,0.9997012150200648,2.7975884005288205e-56,0.0,0.0,0.0,0.0,1.0,0.0,0.0,1.0,0.0,0.0,0.0,0.0,0.0,0.0,0.0,0.0,0.0,0.0,0.015625,0.0,0.0,0.0,0.0,0.0,0.0,0.0,0.0,0.0,0.984375,1.0,1.0,1.0,1.0,1.0,1.0,1.0,1.0,1.0
WT,8.0,0.008,13,1880439445,0.9996695484919356,2.7975884005288205e-56,0.0,0.0,0.0,0.0,1.0,0.0,0.0,1.0,0.0,0.0,0.0,0.0,0.0,0.0,0.0,0.0,0.0,0.0,0.0,0.0,0.0,0.0,0.0,0.0,0.0,0.0,0.0,0.0,1.0,1.0,1.0,1.0,1.0,1.0,1.0,1.0,1.0,1.0
WT,8.0,0.008,14,1306372712,0.9977648078303885,2.7975884005288205e-56,0.0,0.0078125,0.0,0.0,1.0,0.0,0.0,1.0,0.0,0.0,0.0,0.0,0.0,0.0,0.0,0.0,0.0,0.0,0.03125,0.0,0.0,0.0,0.0,0.0,0.0,0.0,0.0,0.0,0.96875,1.0,1.0,1.0,1.0,1.0,1.0,1.0,1.0,1.0
WT,8.0,0.008,15,2122084012,0.9989570148855966,2.7975884005288205e-56,0.0,0.015625,0.0,0.0,1.0,0.0,0.0,1.0,0.0,0.0,0.0,0.0,0.0,0.0,0.0,0.0,0.0,0.0,0.03125,0.0,0.0,0.0,0.0,0.0,0.0,0.0,0.0,0.0,0.96875,1.0,1.0,1.0,1.0,1.0,1.0,1.0,1.0,1.0
WT,8.0,0.008,16,1976297044,0.9990388615399194,2.7975884005288205e-56,0.0,0.015625,0.0,0.0,1.0,0.0,0.0,1.0,0.0,0.0,0.0,0.0,0.0,0.0,0.0,0.0,0.0,0.0,0.03125,0.0,0.0,0.0,0.0,0.0,0.0,0.0,0.0,0.0,0.96875,1.0,1.0,1.0,1.0,1.0,1.0,1.0,1.0,1.0
WT,8.0,0.008,17,784548992,0.9970154847609745,2.7975884005288205e-56,0.0,0.0,0.0,0.0,1.0,0.0,0.0,1.0,0.0,0.0,0.0,0.0,0.0,0.0,0.0,0.0,0.0,0.0,0.0390625,0.0,0.0,0.0,0.0,0.0,0.0,0.0,0.0,0.0,0.9609375,1.0,1.0,1.0,1.0,1.0,1.0,1.0,1.0,1.0
WT,8.0,0.008,18,2121403537,0.9989741577168338,2.7975884005288205e-56,0.0,0.0078125,0.0,0.0,1.0,0.0,0.0,1.0,0.0,0.0,0.0,0.0,0.0,0.0,0.0,0.0,0.0,0.0,0.03125,0.0,0.0,0.0,0.0,0.0,0.0,0.0,0.0,0.0,0.96875,1.0,1.0,1.0,1.0,1.0,1.0,1.0,1.0,1.0
WT,8.0,0.008,19,347016859,0.9996998315318335,2.7975884005288205e-56,0.0,0.0,0.0,0.0,1.0,0.0,0.0,1.0,0.0,0.0,0.0,0.0,0.0,0.0,0.0,0.0,0.0,0.0,0.015625,0.0,0.0,0.0,0.0,0.0,0.0,0.0,0.0,0.0,0.984375,1.0,1.0,1.0,1.0,1.0,1.0,1.0,1.0,1.0
WT,8.0,0.012,0,1168784116,0.9951877271802918,0.0500065369137531,0.0,0.0078125,0.0,0.0,1.0,0.0,0.0,1.0,0.0546875,0.0,0.0,0.0,0.0,0.0,0.0,0.0,0.0,0.0,0.0,0.0546875,0.0,0.0,0.0,0.0,0.0,0.0,0.0,0.0,0.9453125,0.9453125,1.0,1.0,1.0,1.0,1.0,1.0,1.0,1.0
WT,8.0,0.012,1,921289450,0.9951876265263159,0.0500065369137531,0.0,0.0078125,0.0,0.0,1.0,0.0,0.0,1.0,0.0546875,0.0,0.0,0.0,0.0,0.0,0.0,0.0,0.0,0.0,0.0,0.0546875,0.0,0.0,0.0,0.0,0.0,0.0,0.0,0.0,0.9453125,0.9453125,1.0,1.0,1.0,1.0,1.0,1.0,1.0,1.0
WT,8.0,0.012,2,1293255992,0.9973383500165777,0.0500065369137531,0.0,0.0078125,0.0,0.0,1.0,0.0,0.0,1.0,0.0390625,0.0,0.0,0.0,0.0,0.0,0.0,0.0,0.0,0.0,0.0,0.0,0.0,0.0,0.0,0.0,0.0,0.0,0.0,0.0,0.9609375,1.0,1.0,1.0,1.0,1.0,1.0,1.0,1.0,1.0
WT,8.0,0.012,3,1702858716,0.9936866130905525,0.0500065369137531,0.0,0.0078125,0.0,0.0625,0.9375,0.0,0.0625,0.9375,0.0625,0.0625,0.0625,0.0625,0.0625,0.0625,0.0,0.0,0.0,0.0,0.0,0.0,0.0,0.0,0.0,0.0,0.0,0.0,0.0,0.0,0.9375,0.9375,0.9375,0.9375,0.9375,0.9375,1.0,1.0,1.0,1.0
WT,8.0,0.012,4,1895310323,0.9976411446512163,0.0500065369137531,0.0,0.0,0.0,0.0,1.0,0.0,0.0,1.0,0.0390625,0.0,0.0,0.0,0.0,0.0,0.0,0.0,0.0,0.0,0.0,0.0,0.0,0.0,0.0,0.0,0.0,0.0,0.0,0.0,0.9609375,1.0,1.0,1.0,1.0,1.0,1.0,1.0,1.0,1.0
WT,8.0,0.012,5,211694680,0.9951876265263231,0.0500065369137531,0.0,0.0078125,0.0,0.0,1.0,0.0,0.0,1.0,0.0546875,0.0,0.0,0.0,0.0,0.0,0.0,0.0,0.0,0.0,0.0,0.0546875,0.0,0.0,0.0,0.0,0.0,0.0,0.0,0.0,0.9453125,0.9453125,1.0,1.0,1.0,1.0,1.0,1.0,1.0,1.0
WT,8.0,0.012,6,280584697,0.9951876265262614,0.0500065369137531,0.0,0.015625,0.0,0.0,1.0,0.0,0.0,1.0,0.0546875,0.0,0.0,0.0,0.0,0.0,0.0,0.0,0.0,0.0,0.0,0.0546875,0.0,0.0,0.0,0.0,0.0,0.0,0.0,0.0,0.9453125,0.9453125,1.0,1.0,1.0,1.0,1.0,1.0,1.0,1.0
WT,8.0,0.012,7,617447500,0.99198710516564,0.0500065369137531,0.0,0.015625,0.0703125,0.0,0.9296875,0.0703125,0.0,0.9296875,0.0703125,0.0703125,0.0703125,0.0703125,0.0703125,0.0703125,0.0703125,0.0703125,0.0703125,0.0703125,0.0,0.0,0.0,0.0,0.0,0.0,0.0,0.0,0.0,0.0,0.9296875,0.9296875,0.9296875,0.9296875,0.9296875,0.9296875,0.9296875,0.9296875,0.9296875,0.9296875
WT,8.0,0.012,8,1249765968,0.9995245112368624,0.0500065369137531,0.0,0.0,0.0,0.0,1.0,0.0,0.0,1.0,0.0,0.0,0.0,0.0,0.0,0.0,0.0,0.0,0.0,0.0,0.0234375,0.0,0.0,0.0,0.0,0.0,0.0,0.0,0.0,0.0,0.9765625,1.0,1.0,1.0,1.0,1.0,1.0,1.0,1.0,1.0
WT,8.0,0.012,9,1504658074,0.999999999996556,0.0500065369137531,0.0,0.0,0.0,0.0,1.0,0.0,0.0,1.0,0.0,0.0,0.0,0.0,0.0,0.0,0.0,0.0,0.0,0.0,0.0078125,0.0,0.0,0.0,0.0,0.0,0.0,0.0,0.0,0.0,0.9921875,1.0,1.0,1.0,1.0,1.0,1.0,1.0,1.0,1.0
WT,8.0,0.012,10,1008898872,0.996358068703765,0.0500065369137531,0.0,0.0,0.0,0.0,1.0,0.0,0.0,1.0,0.0390625,0.0,0.0,0.0,0.0,0.0,0.0,0.0,0.0,0.0,0.0,0.0,0.0,0.0,0.0,0.0,0.0,0.0,0.0,0.0,0.9609375,1.0,1.0,1.0,1.0,1.0,1.0,1.0,1.0,1.0
WT,8.0,0.012,11,794319243,0.9965154066337605,0.0500065369137531,0.0,0.0078125,0.0,0.0,1.0,0.0,0.0,1.0,0.046875,0.0,0.0,0.0,0.0,0.0,0.0,0.0,0.0,0.0,0.0,0.0,0.0,0.0,0.0,0.0,0.0,0.0,0.0,0.0,0.953125,1.0,1.0,1.0,1.0,1.0,1.0,1.0,1.0,1.0
WT,8.0,0.012,12,204008863,0.9994417981349669,0.0500065369137531,0.0,0.0,0.0,0.0,1.0,0.0,0.0,1.0,0.0,0.0,0.0,0.0,0.0,0.0,0.0,0.0,0.0,0.0,0.0234375,0.0,0.0,0.0,0.0,0.0,0.0,0.0,0.0,0.0,0.9765625,1.0,1.0,1.0,1.0,1.0,1.0,1.0,1.0,1.0
WT,8.0,0.012,13,1880439445,0.9996673340954411,0.0500065369137531,0.0,0.0,0.0,0.0,1.0,0.0,0.0,1.0,0.0,0.0,0.0,0.0,0.0,0.0,0.0,0.0,0.0,0.0,0.0,0.0,0.0,0.0,0.0,0.0,0.0,0.0,0.0,0.0,1.0,1.0,1.0,1.0,1.0,1.0,1.0,1.0,1.0,1.0
WT,8.0,0.012,14,1306372712,0.9974606240790379,0.0500065369137531,0.0,0.0078125,0.0,0.0,1.0,0.0,0.0,1.0,0.0390625,0.0,0.0,0.0,0.0,0.0,0.0,0.0,0.0,0.0,0.0,0.0,0.0,0.0,0.0,0.0,0.0,0.0,0.0,0.0,0.9609375,1.0,1.0,1.0,1.0,1.0,1.0,1.0,1.0,1.0
WT,8.0,0.012,15,2122084012,0.9951876265216467,0.0500065369137531,0.0,0.015625,0.0,0.0,1.0,0.0,0.0,1.0,0.0546875,0.0,0.0,0.0,0.0,0.0,0.0,0.0,0.0,0.0,0.0,0.0546875,0.0,0.0,0.0,0.0,0.0,0.0,0.0,0.0,0.9453125,0.9453125,1.0,1.0,1.0,1.0,1.0,1.0,1.0,1.0
WT,8.0,0.012,16,1976297044,0.9951876265261116,0.0500065369137531,0.0,0.015625,0.0,0.0,1.0,0.0,0.0,1.0,0.0546875,0.0,0.0,0.0,0.0,0.0,0.0,0.0,0.0,0.0,0.0,0.0546875,0.0,0.0,0.0,0.0,0.0,0.0,0.0,0.0,0.9453125,0.9453125,1.0,1.0,1.0,1.0,1.0,1.0,1.0,1.0
WT,8.0,0.012,17,784548992,0.9951876265262821,0.0500065369137531,0.0,0.0,0.0,0.0,1.0,0.0,0.0,1.0,0.0546875,0.0,0.0,0.0,0.0,0.0,0.0,0.0,0.0,0.0,0.0,0.0546875,0.0,0.0,0.0,0.0,0.0,0.0,0.0,0.0,0.9453125,0.9453125,1.0,1.0,1.0,1.0,1.0,1.0,1.0,1.0
WT,8.0,0.012,18,2121403537,0.9951876265260835,0.0500065369137531,0.0,0.0078125,0.0,0.0,1.0,0.0,0.0,1.0,0.0546875,0.0,0.0,0.0,0.0,0.0,0.0,0.0,0.0,0.0,0.0,0.0546875,0.0,0.0,0.0,0.0,0.0,0.0,0.0,0.0,0.9453125,0.9453125,1.0,1.0,1.0,1.0,1.0,1.0,1.0,1.0
WT,8.0,0.012,19,347016859,0.9996997426874866,0.0500065369137531,0.0,0.0,0.0,0.0,1.0,0.0,0.0,1.0,0.0,0.0,0.0,0.0,0.0,0.0,0.0,0.0,0.0,0.0,0.015625,0.0,0.0,0.0,0.0,0.0,0.0,0.0,0.0,0.0,0.984375,1.0,1.0,1.0,1.0,1.0,1.0,1.0,1.0,1.0
WT,8.0,0.016,0,1168784116,0.9900897164801822,0.750003008349673,0.0,0.0078125,0.078125,0.0,0.921875,0.078125,0.0,0.921875,0.078125,0.078125,0.078125,0.078125,0.078125,0.078125,0.078125,0.078125,0.078125,0.078125,0.0,0.0,0.0,0.0,0.0,0.0,0.0,0.0,0.0,0.0,0.921875,0.921875,0.921875,0.921875,0.921875,0.921875,0.921875,0.921875,0.921875,0.921875
WT,8.0,0.016,1,921289450,0.9919871051650269,0.750003008349673,0.0,0.0078125,0.0703125,0.0,0.9296875,0.0703125,0.0,0.9296875,0.0703125,0.0703125,0.0703125,0.0703125,0.0703125,0.0703125,0.0703125,0.0703125,0.0703125,0.0703125,0.0,0.0,0.0,0.0,0.0,0.0,0.0,0.0,0.0,0.0,0.9296875,0.9296875,0.9296875,0.9296875,0.9296875,0.9296875,0.9296875,0.9296875,0.9296875,0.9296875
WT,8.0,0.016,2,1293255992,0.9936866130900814,0.750003008349673,0.0,0.0078125,0.0625,0.0,0.9375,0.0625,0.0,0.9375,0.0625,0.0625,0.0625,0.0625,0.0625,0.0625,0.0625,0.0625,0.0625,0.0625,0.0,0.0,0.0,0.0,0.0,0.0,0.0,0.0,0.0,0.0,0.9375,0.9375,0.9375,0.9375,0.9375,0.9375,0.9375,0.9375,0.9375,0.9375
WT,8.0,0.016,3,1702858716,0.9900897164801766,0.750003008349673,0.0,0.0078125,0.078125,0.0,0.921875,0.078125,0.0,0.921875,0.078125,0.078125,0.078125,0.078125,0.078125,0.078125,0.078125,0.078125,0.078125,0.078125,0.0,0.0,0.0,0.0,0.0,0.0,0.0,0.0,0.0,0.0,0.921875,0.921875,0.921875,0.921875,0.921875,0.921875,0.921875,0.921875,0.921875,0.921875
WT,8.0,0.016,4,1895310323,0.9951876265255282,0.750003008349673,0.0,0.0,0.0546875,0.0,0.9453125,0.0546875,0.0,0.9453125,0.0546875,0.0546875,0.0546875,0.0546875,0.0546875,0.0546875,0.0546875,0.0546875,0.0546875,0.0546875,0.0,0.0,0.0,0.0,0.0,0.0,0.0,0.0,0.0,0.0,0.9453125,0.9453125,0.9453125,0.9453125,0.9453125,0.9453125,0.9453125,0.9453125,0.9453125,0.9453125
WT,8.0,0.016,5,211694680,0.9936866130898881,0.750003008349673,0.0,0.0078125,0.0625,0.0,0.9375,0.0625,0.0,0.9375,0.0625,0.0625,0.0625,0.0625,0.0625,0.0625,0.0625,0.0625,0.0625,0.0625,0.0,0.0,0.0,0.0,0.0,0.0,0.0,0.0,0.0,0.0,0.9375,0.9375,0.9375,0.9375,0.9375,0.9375,0.9375,0.9375,0.9375,0.9375
WT,8.0,0.016,6,280584697,0.9900897164792967,0.750003008349673,0.0,0.015625,0.078125,0.0,0.921875,0.078125,0.0,0.921875,0.078125,0.078125,0.078125,0.078125,0.078125,0.078125,0.078125,0.078125,0.078125,0.078125,0.0,0.0,0.0,0.0,0.0,0.0,0.0,0.0,0.0,0.0,0.921875,0.921875,0.921875,0.921875,0.921875,0.921875,0.921875,0.921875,0.921875,0.921875
WT,8.0,0.016,7,617447500,0.9879951320799827,0.750003008349673,0.0,0.015625,0.0859375,0.0,0.9140625,0.0859375,0.0,0.9140625,0.0859375,0.0859375,0.0859375,0.0859375,0.0859375,0.0859375,0.0859375,0.0859375,0.0859375,0.0859375,0.0,0.0,0.0,0.0,0.0,0.0,0.0,0.0,0.0,0.0,0.9140625,0.9140625,0.9140625,0.9140625,0.9140625,0.9140625,0.9140625,0.9140625,0.9140625,0.9140625
WT,8.0,0.016,8,1249765968,0.9984416710469929,0.750003008349673,0.0,0.0,0.0,0.0,1.0,0.0,0.0,1.0,0.03125,0.0,0.0,0.0,0.0,0.0,0.0,0.0,0.0,0.0,0.0,0.0,0.0,0.0,0.0,0.0,0.0,0.0,0.0,0.0,0.96875,1.0,1.0,1.0,1.0,1.0,1.0,1.0,1.0,1.0
WT,8.0,0.016,9,1504658074,0.9999999999946506,0.750003008349673,0.0,0.0,0.0,0.0,1.0,0.0,0.0,1.0,0.0,0.0,0.0,0.0,0.0,0.0,0.0,0.0,0.0,0.0,0.0078125,0.0,0.0,0.0,0.0,0.0,0.0,0.0,0.0,0.0,0.9921875,1.0,1.0,1.0,1.0,1.0,1.0,1.0,1.0,1.0
WT,8.0,0.016,10,1008898872,0.9964896033238787,0.750003008349673,0.0,0.0,0.046875,0.0,0.953125,0.046875,0.0,0.953125,0.046875,0.046875,0.046875,0.046875,0.046875,0.046875,0.046875,0.046875,0.046875,0.046875,0.0,0.0,0.0,0.0,0.0,0.0,0.0,0.0,0.0,0.0,0.953125,0.953125,0.953125,0.953125,0.953125,0.953125,0.953125,0.953125,0.953125,0.953125
WT,8.0,0.016,11,794319243,0.990089716480107,0.750003008349673,0.0,0.0078125,0.078125,0.0,0.921875,0.078125,0.0,0.921875,0.078125,0.078125,0.078125,0.078125,0.078125,0.078125,0.078125,0.078125,0.078125,0.078125,0.0,0.0,0.0,0.0,0.0,0.0,0.0,0.0,0.0,0.0,0.921875,0.921875,0.921875,0.921875,0.921875,0.921875,0.921875,0.921875,0.921875,0.921875
WT,8.0,0.016,12,204008863,0.9975920731506237,0.750003008349673,0.0,0.0,0.0,0.0,1.0,0.0,0.0,1.0,0.0390625,0.0,0.0,0.0,0.0,0.0,0.0,0.0,0.0,0.0,0.0,0.0390625,0.0,0.0,0.0,0.0,0.0,0.0,0.0,0.0,0.9609375,0.9609375,1.0,1.0,1.0,1.0,1.0,1.0,1.0,1.0
WT,8.0,0.016,13,1880439445,0.9996650859088565,0.750003008349673,0.0,0.0,0.0,0.0,1.0,0.0,0.0,1.0,0.0,0.0,0.0,0.0,0.0,0.0,0.0,0.0,0.0,0.0,0.0,0.0,0.0,0.0,0.0,0.0,0.0,0.0,0.0,0.0,1.0,1.0,1.0,1.0,1.0,1.0,1.0,1.0,1.0,1.0
WT,8.0,0.016,14,1306372712,0.9919871051655518,0.750003008349673,0.0,0.0078125,0.0703125,0.0,0.9296875,0.0703125,0.0,0.9296875,0.0703125,0.0703125,0.0703125,0.0703125,0.0703125,0.0703125,0.0703125,0.0703125,0.0703125,0.0703125,0.0,0.0,0.0,0.0,0.0,0.0,0.0,0.0,0.0,0.0,0.9296875,0.9296875,0.9296875,0.9296875,0.9296875,0.9296875,0.9296875,0.9296875,0.9296875,0.9296875
WT,8.0,0.016,15,2122084012,0.9900897164802034,0.750003008349673,0.0,0.015625,0.078125,0.0,0.921875,0.078125,0.0,0.921875,0.078125,0.078125,0.078125,0.078125,0.078125,0.078125,0.078125,0.078125,0.078125,0.078125,0.0,0.0,0.0,0.0,0.0,0.0,0.0,0.0,0.0,0.0,0.921875,0.921875,0.921875,0.921875,0.921875,0.921875,0.921875,0.921875,0.921875,0.921875
WT,8.0,0.016,16,1976297044,0.9900897164800732,0.750003008349673,0.0,0.015625,0.078125,0.0,0.921875,0.078125,0.0,0.921875,0.078125,0.078125,0.078125,0.078125,0.078125,0.078125,0.078125,0.078125,0.078125,0.078125,0.0,0.0,0.0,0.0,0.0,0.0,0.0,0.0,0.0,0.0,0.921875,0.921875,0.921875,0.921875,0.921875,0.921875,0.921875,0.921875,0.921875,0.921875
WT,8.0,0.016,17,784548992,0.9936866130905305,0.750003008349673,0.0,0.0,0.0625,0.0,0.9375,0.0625,0.0,0.9375,0.0625,0.0625,0.0625,0.0625,0.0625,0.0625,0.0625,0.0625,0.0625,0.0625,0.0,0.0,0.0,0.0,0.0,0.0,0.0,0.0,0.0,0.0,0.9375,0.9375,0.9375,0.9375,0.9375,0.9375,0.9375,0.9375,0.9375,0.9375
WT,8.0,0.016,18,2121403537,0.9879951320799395,0.750003008349673,0.0,0.015625,0.0859375,0.0,0.9140625,0.0859375,0.0,0.9140625,0.0859375,0.0859375,0.0859375,0.0859375,0.0859375,0.0859375,0.0859375,0.0859375,0.0859375,0.0859375,0.0,0.0,0.0,0.0,0.0,0.0,0.0,0.0,0.0,0.0,0.9140625,0.9140625,0.9140625,0.9140625,0.9140625,0.9140625,0.9140625,0.9140625,0.9140625,0.9140625
WT,8.0,0.016,19,347016859,0.9975920731505254,0.750003008349673,0.0,0.0,0.0,0.0,1.0,0.0,0.0,1.0,0.0390625,0.0,0.0,0.0,0.0,0.0,0.0,0.0,0.0,0.0,0.0,0.0390625,0.0,0.0,0.0,0.0,0.0,0.0,0.0,0.0,0.9609375,0.9609375,1.0,1.0,1.0,1.0,1.0,1.0,1.0,1.0
WT,8.0,0.02,0,1168784116,0.9832174711034044,0.9000000000324672,0.0,0.0078125,0.1015625,0.0,0.8984375,0.1015625,0.0,0.8984375,0.1015625,0.1015625,0.1015625,0.1015625,0.1015625,0.1015625,0.1015625,0.1015625,0.1015625,0.1015625,0.0,0.0,0.0,0.0,0.0,0.0,0.0,0.0,0.0,0.0,0.8984375,0.8984375,0.8984375,0.8984375,0.8984375,0.8984375,0.8984375,0.8984375,0.8984375,0.8984375
WT,8.0,0.02,1,921289450,0.9805361183985045,0.9000000000324672,0.0,0.0078125,0.109375,0.0,0.890625,0.109375,0.0,0.890625,0.109375,0.109375,0.109375,0.109375,0.109375,0.109375,0.109375,0.109375,0.109375,0.109375,0.0,0.0,0.0,0.0,0.0,0.0,0.0,0.0,0.0,0.0,0.890625,0.890625,0.890625,0.890625,0.890625,0.890625,0.890625,0.890625,0.890625,0.890625
WT,8.0,0.02,2,1293255992,0.9879951320790444,0.9000000000324672,0.0,0.0078125,0.0859375,0.0,0.9140625,0.0859375,0.0,0.9140625,0.0859375,0.0859375,0.0859375,0.0859375,0.0859375,0.0859375,0.0859375,0.0859375,0.0859375,0.0859375,0.0,0.0,0.0,0.0,0.0,0.0,0.0,0.0,0.0,0.0,0.9140625,0.9140625,0.9140625,0.9140625,0.9140625,0.9140625,0.9140625,0.9140625,0.9140625,0.9140625
WT,8.0,0.02,3,1702858716,0.983217471103399,0.9000000000324672,0.0,0.0078125,0.1015625,0.0,0.8984375,0.1015625,0.0,0.8984375,0.1015625,0.1015625,0.1015625,0.1015625,0.1015625,0.1015625,0.1015625,0.1015625,0.1015625,0.1015625,0.0,0.0,0.0,0.0,0.0,0.0,0.0,0.0,0.0,0.0,0.8984375,0.8984375,0.8984375,0.8984375,0.8984375,0.8984375,0.8984375,0.8984375,0.8984375,0.8984375
WT,8.0,0.02,4,1895310323,0.9900897164794694,0.9000000000324672,0.0,0.0,0.078125,0.0,0.921875,0.078125,0.0,0.921875,0.078125,0.078125,0.078125,0.078125,0.078125,0.078125,0.078125,0.078125,0.078125,0.078125,0.0,0.0,0.0,0.0,0.0,0.0,0.0,0.0,0.0,0.0,0.921875,0.921875,0.921875,0.921875,0.921875,0.921875,0.921875,0.921875,0.921875,0.921875
WT,8.0,0.02,5,211694680,0.9879951320792201,0.9000000000324672,0.0,0.0078125,0.0859375,0.0,0.9140625,0.0859375,0.0,0.9140625,0.0859375,0.0859375,0.0859375,0.0859375,0.0859375,0.0859375,0.0859375,0.0859375,0.0859375,0.0859375,0.0,0.0,0.0,0.0,0.0,0.0,0.0,0.0,0.0,0.0,0.9140625,0.9140625,0.9140625,0.9140625,0.9140625,0.9140625,0.9140625,0.9140625,0.9140625,0.9140625
WT,8.0,0.02,6,280584697,0.9832174711029771,0.9000000000324672,0.0,0.015625,0.1015625,0.0,0.8984375,0.1015625,0.0,0.8984375,0.1015625,0.1015625,0.1015625,0.1015625,0.1015625,0.1015625,0.1015625,0.1015625,0.1015625,0.1015625,0.0,0.0,0.0,0.0,0.0,0.0,0.0,0.0,0.0,0.0,0.8984375,0.8984375,0.8984375,0.8984375,0.8984375,0.8984375,0.8984375,0.8984375,0.8984375,0.8984375
WT,8.0,0.02,7,617447500,0.9832174711032943,0.9000000000324672,0.0,0.015625,0.1015625,0.0,0.8984375,0.1015625,0.0,0.8984375,0.1015625,0.1015625,0.1015625,0.1015625,0.1015625,0.1015625,0.1015625,0.1015625,0.1015625,0.1015625,0.0,0.0,0.0,0.0,0.0,0.0,0.0,0.0,0.0,0.0,0.8984375,0.8984375,0.8984375,0.8984375,0.8984375,0.8984375,0.8984375,0.8984375,0.8984375,0.8984375
WT,8.0,0.02,8,1249765968,0.9919871051654742,0.9000000000324672,0.0,0.0,0.0703125,0.0,0.9296875,0.0703125,0.0,0.9296875,0.0703125,0.0703125,0.0703125,0.0703125,0.0703125,0.0703125,0.0703125,0.0703125,0.0703125,0.0703125,0.0,0.0,0.0,0.0,0.0,0.0,0.0,0.0,0.0,0.0,0.9296875,0.9296875,0.9296875,0.9296875,0.9296875,0.9296875,0.9296875,0.9296875,0.9296875,0.9296875
WT,8.0,0.02,9,1504658074,0.9996994679132208,0.9000000000324672,0.0,0.0,0.0,0.0,1.0,0.0,0.0,1.0,0.0,0.0,0.0,0.0,0.0,0.0,0.0,0.0,0.0,0.0,0.015625,0.0,0.0,0.0,0.0,0.0,0.0,0.0,0.0,0.0,0.984375,1.0,1.0,1.0,1.0,1.0,1.0,1.0,1.0,1.0
WT,8.0,0.02,10,1008898872,0.9936866130895743,0.9000000000324672,0.0,0.0,0.0625,0.0,0.9375,0.0625,0.0,0.9375,0.0625,0.0625,0.0625,0.0625,0.0625,0.0625,0.0625,0.0625,0.0625,0.0625,0.0,0.0,0.0,0.0,0.0,0.0,0.0,0.0,0.0,0.0,0.9375,0.9375,0.9375,0.9375,0.9375,0.9375,0.9375,0.9375,0.9375,0.9375
WT,8.0,0.02,11,794319243,0.985704108032479,0.9000000000324672,0.0,0.0078125,0.09375,0.0,0.90625,0.09375,0.0,0.90625,0.09375,0.09375,0.09375,0.09375,0.09375,0.09375,0.09375,0.09375,0.09375,0.09375,0.0,0.0,0.0,0.0,0.0,0.0,0.0,0.0,0.0,0.0,0.90625,0.90625,0.90625,0.90625,0.90625,0.90625,0.90625,0.90625,0.90625,0.90625
WT,8.0,0.02,12,204008863,0.9964896033226373,0.9000000000324672,0.0,0.0,0.046875,0.0,0.953125,0.046875,0.0,0.953125,0.046875,0.046875,0.046875,0.046875,0.046875,0.046875,0.046875,0.046875,0.046875,0.046875,0.0,0.0,0.0,0.0,0.0,0.0,0.0,0.0,0.0,0.0,0.953125,0.953125,0.953125,0.953125,0.953125,0.953125,0.953125,0.953125,0.953125,0.953125
WT,8.0,0.02,13,1880439445,0.9996628031774205,0.9000000000324672,0.0,0.0,0.0,0.0,1.0,0.0,0.0,1.0,0.0,0.0,0.0,0.0,0.0,0.0,0.0,0.0,0.0,0.0,0.0,0.0,0.0,0.0,0.0,0.0,0.0,0.0,0.0,0.0,1.0,1.0,1.0,1.0,1.0,1.0,1.0,1.0,1.0,1.0
WT,8.0,0.02,14,1306372712,0.985704108032339,0.9000000000324672,0.0,0.0078125,0.09375,0.0,0.90625,0.09375,0.0,0.90625,0.09375,0.09375,0.09375,0.09375,0.09375,0.09375,0.09375,0.09375,0.09375,0.09375,0.0,0.0,0.0,0.0,0.0,0.0,0.0,0.0,0.0,0.0,0.90625,0.90625,0.90625,0.90625,0.90625,0.90625,0.90625,0.90625,0.90625,0.90625
WT,8.0,0.02,15,2122084012,0.9857041080327246,0.9000000000324672,0.0,0.015625,0.09375,0.0,0.90625,0.09375,0.0,0.90625,0.09375,0.09375,0.09375,0.09375,0.09375,0.09375,0.09375,0.09375,0.09375,0.09375,0.0,0.0,0.0,0.0,0.0,0.0,0.0,0.0,0.0,0.0,0.90625,0.90625,0.90625,0.90625,0.90625,0.90625,0.90625,0.90625,0.90625,0.90625
WT,8.0,0.02,16,1976297044,0.9857041080325866,0.9000000000324672,0.0,0.015625,0.09375,0.0,0.90625,0.09375,0.0,0.90625,0.09375,0.09375,0.09375,0.09375,0.09375,0.09375,0.09375,0.09375,0.09375,0.09375,0.0,0.0,0.0,0.0,0.0,0.0,0.0,0.0,0.0,0.0,0.90625,0.90625,0.90625,0.90625,0.90625,0.90625,0.90625,0.90625,0.90625,0.90625
WT,8.0,0.02,17,784548992,0.9900897164802093,0.9000000000324672,0.0,0.0,0.078125,0.0,0.921875,0.078125,0.0,0.921875,0.078125,0.078125,0.078125,0.078125,0.078125,0.078125,0.078125,0.078125,0.078125,0.078125,0.0,0.0,0.0,0.0,0.0,0.0,0.0,0.0,0.0,0.0,0.921875,0.921875,0.921875,0.921875,0.921875,0.921875,0.921875,0.921875,0.921875,0.921875
WT,8.0,0.02,18,2121403537,0.9832174711033054,0.9000000000324672,0.0,0.015625,0.1015625,0.0,0.8984375,0.1015625,0.0,0.8984375,0.1015625,0.1015625,0.1015625,0.1015625,0.1015625,0.1015625,0.1015625,0.1015625,0.1015625,0.1015625,0.0,0.0,0.0,0.0,0.0,0.0,0.0,0.0,0.0,0.0,0.8984375,0.8984375,0.8984375,0.8984375,0.8984375,0.8984375,0.8984375,0.8984375,0.8984375,0.8984375
WT,8.0,0.02,19,347016859,0.9964896033239028,0.9000000000324672,0.0,0.0,0.046875,0.0,0.953125,0.046875,0.0,0.953125,0.046875,0.046875,0.046875,0.046875,0.046875,0.046875,0.046875,0.046875,0.046875,0.046875,0.0,0.0,0.0,0.0,0.0,0.0,0.0,0.0,0.0,0.0,0.953125,0.953125,0.953125,0.953125,0.953125,0.953125,0.953125,0.953125,0.953125,0.953125
WT,8.0,0.024,0,1168784116,0.9776610169805088,0.9000000000335102,0.0,0.0078125,0.1171875,0.0,0.8828125,0.1171875,0.0,0.8828125,0.1171875,0.1171875,0.1171875,0.1171875,0.1171875,0.1171875,0.1171875,0.1171875,0.1171875,0.1171875,0.0,0.0,0.0,0.0,0.0,0.0,0.0,0.0,0.0,0.0,0.8828125,0.8828125,0.8828125,0.8828125,0.8828125,0.8828125,0.8828125,0.8828125,0.8828125,0.8828125
WT,8.0,0.024,1,921289450,0.9776610169806872,0.9000000000335102,0.0,0.0078125,0.1171875,0.0,0.8828125,0.1171875,0.0,0.8828125,0.1171875,0.1171875,0.1171875,0.1171875,0.1171875,0.1171875,0.1171875,0.1171875,0.1171875,0.1171875,0.0,0.0,0.0,0.0,0.0,0.0,0.0,0.0,0.0,0.0,0.8828125,0.8828125,0.8828125,0.8828125,0.8828125,0.8828125,0.8828125,0.8828125,0.8828125,0.8828125
WT,8.0,0.024,2,1293255992,0.9776610169806589,0.9000000000335102,0.0,0.0078125,0.1171875,0.0,0.8828125,0.1171875,0.0,0.8828125,0.1171875,0.1171875,0.1171875,0.1171875,0.1171875,0.1171875,0.1171875,0.1171875,0.1171875,0.1171875,0.0,0.0,0.0,0.0,0.0,0.0,0.0,0.0,0.0,0.0,0.8828125,0.8828125,0.8828125,0.8828125,0.8828125,0.8828125,0.8828125,0.8828125,0.8828125,0.8828125
WT,8.0,0.024,3,1702858716,0.9776610169802994,0.9000000000335102,0.0,0.0078125,0.1171875,0.0,0.8828125,0.1171875,0.0,0.8828125,0.1171875,0.1171875,0.1171875,0.1171875,0.1171875,0.1171875,0.1171875,0.1171875,0.1171875,0.1171875,0.0,0.0,0.0,0.0,0.0,0.0,0.0,0.0,0.0,0.0,0.8828125,0.8828125,0.8828125,0.8828125,0.8828125,0.8828125,0.8828125,0.8828125,0.8828125,0.8828125
WT,8.0,0.024,4,1895310323,0.9832174711028165,0.9000000000335102,0.0,0.0,0.1015625,0.0,0.8984375,0.1015625,0.0,0.8984375,0.1015625,0.1015625,0.1015625,0.1015625,0.1015625,0.1015625,0.1015625,0.1015625,0.1015625,0.1015625,0.0,0.0,0.0,0.0,0.0,0.0,0.0,0.0,0.0,0.0,0.8984375,0.8984375,0.8984375,0.8984375,0.8984375,0.8984375,0.8984375,0.8984375,0.8984375,0.8984375
WT,8.0,0.024,5,211694680,0.977661016980631,0.9000000000335102,0.0,0.0078125,0.1171875,0.0,0.8828125,0.1171875,0.0,0.8828125,0.1171875,0.1171875,0.1171875,0.1171875,0.1171875,0.1171875,0.1171875,0.1171875,0.1171875,0.1171875,0.0,0.0,0.0,0.0,0.0,0.0,0.0,0.0,0.0,0.0,0.8828125,0.8828125,0.8828125,0.8828125,0.8828125,0.8828125,0.8828125,0.8828125,0.8828125,0.8828125
WT,8.0,0.024,6,280584697,0.9776610169803798,0.9000000000335102,0.0,0.015625,0.1171875,0.0,0.8828125,0.1171875,0.0,0.8828125,0.1171875,0.1171875,0.1171875,0.1171875,0.1171875,0.1171875,0.1171875,0.1171875,0.1171875,0.1171875,0.0,0.0,0.0,0.0,0.0,0.0,0.0,0.0,0.0,0.0,0.8828125,0.8828125,0.8828125,0.8828125,0.8828125,0.8828125,0.8828125,0.8828125,0.8828125,0.8828125
WT,8.0,0.024,7,617447500,0.9776610169806869,0.9000000000335102,0.0,0.0234375,0.1171875,0.0,0.8828125,0.1171875,0.0,0.8828125,0.1171875,0.1171875,0.1171875,0.1171875,0.1171875,0.1171875,0.1171875,0.1171875,0.1171875,0.1171875,0.0,0.0,0.0,0.0,0.0,0.0,0.0,0.0,0.0,0.0,0.8828125,0.8828125,0.8828125,0.8828125,0.8828125,0.8828125,0.8828125,0.8828125,0.8828125,0.8828125
WT,8.0,0.024,8,1249765968,0.9832174711033933,0.9000000000335102,0.0,0.0,0.1015625,0.0,0.8984375,0.1015625,0.0,0.8984375,0.1015625,0.1015625,0.1015625,0.1015625,0.1015625,0.1015625,0.1015625,0.1015625,0.1015625,0.1015625,0.0,0.0,0.0,0.0,0.0,0.0,0.0,0.0,0.0,0.0,0.8984375,0.8984375,0.8984375,0.8984375,0.8984375,0.8984375,0.8984375,0.8984375,0.8984375,0.8984375
WT,8.0,0.024,9,1504658074,0.9996992867270286,0.9000000000335102,0.0,0.0,0.0,0.0,1.0,0.0,0.0,1.0,0.0,0.0,0.0,0.0,0.0,0.0,0.0,0.0,0.0,0.0,0.015625,0.0,0.0,0.0,0.0,0.0,0.0,0.0,0.0,0.0,0.984375,1.0,1.0,1.0,1.0,1.0,1.0,1.0,1.0,1.0
WT,8.0,0.024,10,1008898872,0.9857041080321953,0.9000000000335102,0.0,0.0,0.09375,0.0,0.90625,0.09375,0.0,0.90625,0.09375,0.09375,0.09375,0.09375,0.09375,0.09375,0.09375,0.09375,0.09375,0.09375,0.0,0.0,0.0,0.0,0.0,0.0,0.0,0.0,0.0,0.0,0.90625,0.90625,0.90625,0.90625,0.90625,0.90625,0.90625,0.90625,0.90625,0.90625
WT,8.0,0.024,11,794319243,0.9832174711001441,0.9000000000335102,0.0,0.0078125,0.1015625,0.0,0.8984375,0.1015625,0.0,0.8984375,0.1015625,0.1015625,0.1015625,0.1015625,0.1015625,0.1015625,0.1015625,0.1015625,0.1015625,0.1015625,0.0,0.0,0.0,0.0,0.0,0.0,0.0,0.0,0.0,0.0,0.8984375,0.8984375,0.8984375,0.8984375,0.8984375,0.8984375,0.8984375,0.8984375,0.8984375,0.8984375
WT,8.0,0.024,12,204008863,0.9900897164802142,0.9000000000335102,0.0,0.0,0.078125,0.0,0.921875,0.078125,0.0,0.921875,0.078125,0.078125,0.078125,0.078125,0.078125,0.078125,0.078125,0.078125,0.078125,0.078125,0.0,0.0,0.0,0.0,0.0,0.0,0.0,0.0,0.0,0.0,0.921875,0.921875,0.921875,0.921875,0.921875,0.921875,0.921875,0.921875,0.921875,0.921875
WT,8.0,0.024,13,1880439445,0.9996604851298794,0.9000000000335102,0.0,0.0,0.0,0.0,1.0,0.0,0.0,1.0,0.0,0.0,0.0,0.0,0.0,0.0,0.0,0.0,0.0,0.0,0.0,0.0,0.0,0.0,0.0,0.0,0.0,0.0,0.0,0.0,1.0,1.0,1.0,1.0,1.0,1.0,1.0,1.0,1.0,1.0
WT,8.0,0.024,14,1306372712,0.9805361183984711,0.9000000000335102,0.0,0.0078125,0.109375,0.0,0.890625,0.109375,0.0,0.890625,0.109375,0.109375,0.109375,0.109375,0.109375,0.109375,0.109375,0.109375,0.109375,0.109375,0.0,0.0,0.0,0.0,0.0,0.0,0.0,0.0,0.0,0.0,0.890625,0.890625,0.890625,0.890625,0.890625,0.890625,0.890625,0.890625,0.890625,0.890625
WT,8.0,0.024,15,2122084012,0.9776610169804112,0.9000000000335102,0.0,0.0234375,0.1171875,0.0,0.8828125,0.1171875,0.0,0.8828125,0.1171875,0.1171875,0.1171875,0.1171875,0.1171875,0.1171875,0.1171875,0.1171875,0.1171875,0.1171875,0.0,0.0,0.0,0.0,0.0,0.0,0.0,0.0,0.0,0.0,0.8828125,0.8828125,0.8828125,0.8828125,0.8828125,0.8828125,0.8828125,0.8828125,0.8828125,0.8828125
WT,8.0,0.024,16,1976297044,0.9805361183978142,0.9000000000335102,0.0,0.015625,0.109375,0.0,0.890625,0.109375,0.0,0.890625,0.109375,0.109375,0.109375,0.109375,0.109375,0.109375,0.109375,0.109375,0.109375,0.109375,0.0,0.0,0.0,0.0,0.0,0.0,0.0,0.0,0.0,0.0,0.890625,0.890625,0.890625,0.890625,0.890625,0.890625,0.890625,0.890625,0.890625,0.890625
WT,8.0,0.024,17,784548992,0.9832174711030214,0.9000000000335102,0.0,0.0,0.1015625,0.0,0.8984375,0.1015625,0.0,0.8984375,0.1015625,0.1015625,0.1015625,0.1015625,0.1015625,0.1015625,0.1015625,0.1015625,0.1015625,0.1015625,0.0,0.0,0.0,0.0,0.0,0.0,0.0,0.0,0.0,0.0,0.8984375,0.8984375,0.8984375,0.8984375,0.8984375,0.8984375,0.8984375,0.8984375,0.8984375,0.8984375
WT,8.0,0.024,18,2121403537,0.977661016980673,0.9000000000335102,0.0,0.0234375,0.1171875,0.0,0.8828125,0.1171875,0.0,0.8828125,0.1171875,0.1171875,0.1171875,0.1171875,0.1171875,0.1171875,0.1171875,0.1171875,0.1171875,0.1171875,0.0,0.0,0.0,0.0,0.0,0.0,0.0,0.0,0.0,0.0,0.8828125,0.8828125,0.8828125,0.8828125,0.8828125,0.8828125,0.8828125,0.8828125,0.8828125,0.8828125
WT,8.0,0.024,19,347016859,0.9936866130894842,0.9000000000335102,0.0,0.0,0.0625,0.0,0.9375,0.0625,0.0,0.9375,0.0625,0.0625,0.0625,0.0625,0.0625,0.0625,0.0625,0.0625,0.0625,0.0625,0.0,0.0,0.0,0.0,0.0,0.0,0.0,0.0,0.0,0.0,0.9375,0.9375,0.9375,0.9375,0.9375,0.9375,0.9375,0.9375,0.9375,0.9375
WT,8.0,0.028,0,1168784116,0.9713337835127956,0.9000000000339756,0.0,0.0078125,0.1328125,0.0,0.8671875,0.1328125,0.0,0.8671875,0.1328125,0.1328125,0.1328125,0.1328125,0.1328125,0.1328125,0.1328125,0.1328125,0.1328125,0.1328125,0.0,0.0,0.0,0.0,0.0,0.0,0.0,0.0,0.0,0.0,0.8671875,0.8671875,0.8671875,0.8671875,0.8671875,0.8671875,0.8671875,0.8671875,0.8671875,0.8671875
WT,8.0,0.028,1,921289450,0.9713337835136981,0.9000000000339756,0.0,0.0234375,0.1328125,0.0,0.8671875,0.1328125,0.0,0.8671875,0.1328125,0.1328125,0.1328125,0.1328125,0.1328125,0.1328125,0.1328125,0.1328125,0.1328125,0.1328125,0.0,0.0,0.0,0.0,0.0,0.0,0.0,0.0,0.0,0.0,0.8671875,0.8671875,0.8671875,0.8671875,0.8671875,0.8671875,0.8671875,0.8671875,0.8671875,0.8671875
WT,8.0,0.028,2,1293255992,0.9713337835135828,0.9000000000339756,0.0,0.0078125,0.1328125,0.0,0.8671875,0.1328125,0.0,0.8671875,0.1328125,0.1328125,0.1328125,0.1328125,0.1328125,0.1328125,0.1328125,0.1328125,0.1328125,0.1328125,0.0,0.0,0.0,0.0,0.0,0.0,0.0,0.0,0.0,0.0,0.8671875,0.8671875,0.8671875,0.8671875,0.8671875,0.8671875,0.8671875,0.8671875,0.8671875,0.8671875
WT,8.0,0.028,3,1702858716,0.9642448897883583,0.9000000000339756,0.0,0.0078125,0.1484375,0.0,0.8515625,0.1484375,0.0,0.8515625,0.1484375,0.1484375,0.1484375,0.1484375,0.1484375,0.1484375,0.1484375,0.1484375,0.1484375,0.1484375,0.0,0.0,0.0,0.0,0.0,0.0,0.0,0.0,0.0,0.0,0.8515625,0.8515625,0.8515625,0.8515625,0.8515625,0.8515625,0.8515625,0.8515625,0.8515625,0.8515625
WT,8.0,0.028,4,1895310323,0.9776610169801313,0.9000000000339756,0.0,0.0,0.1171875,0.0,0.8828125,0.1171875,0.0,0.8828125,0.1171875,0.1171875,0.1171875,0.1171875,0.1171875,0.1171875,0.1171875,0.1171875,0.1171875,0.1171875,0.0,0.0,0.0,0.0,0.0,0.0,0.0,0.0,0.0,0.0,0.8828125,0.8828125,0.8828125,0.8828125,0.8828125,0.8828125,0.8828125,0.8828125,0.8828125,0.8828125
WT,8.0,0.028,5,211694680,0.9745932034528363,0.9000000000339756,0.0,0.0078125,0.125,0.0,0.875,0.125,0.0,0.875,0.125,0.125,0.125,0.125,0.125,0.125,0.125,0.125,0.125,0.125,0.0,0.0,0.0,0.0,0.0,0.0,0.0,0.0,0.0,0.0,0.875,0.875,0.875,0.875,0.875,0.875,0.875,0.875,0.875,0.875
WT,8.0,0.028,6,280584697,0.9678839314808683,0.9000000000339756,0.0,0.015625,0.140625,0.0,0.859375,0.140625,0.0,0.859375,0.140625,0.140625,0.140625,0.140625,0.140625,0.140625,0.140625,0.140625,0.140625,0.140625,0.0,0.0,0.0,0.0,0.0,0.0,0.0,0.0,0.0,0.0,0.859375,0.859375,0.859375,0.859375,0.859375,0.859375,0.859375,0.859375,0.859375,0.859375
WT,8.0,0.028,7,617447500,0.9678839314808058,0.9000000000339756,0.0,0.0390625,0.140625,0.0,0.859375,0.140625,0.0,0.859375,0.140625,0.140625,0.140625,0.140625,0.140625,0.140625,0.140625,0.140625,0.140625,0.140625,0.0,0.0,0.0,0.0,0.0,0.0,0.0,0.0,0.0,0.0,0.859375,0.859375,0.859375,0.859375,0.859375,0.859375,0.859375,0.859375,0.859375,0.859375
WT,8.0,0.028,8,1249765968,0.9805361183969153,0.9000000000339756,0.0,0.0,0.109375,0.0,0.890625,0.109375,0.0,0.890625,0.109375,0.109375,0.109375,0.109375,0.109375,0.109375,0.109375,0.109375,0.109375,0.109375,0.0,0.0,0.0,0.0,0.0,0.0,0.0,0.0,0.0,0.0,0.890625,0.890625,0.890625,0.890625,0.890625,0.890625,0.890625,0.890625,0.890625,0.890625
WT,8.0,0.028,9,1504658074,0.9991970123842581,0.9000000000339756,0.0,0.0,0.0,0.0,1.0,0.0,0.0,1.0,0.0234375,0.0,0.0,0.0,0.0,0.0,0.0,0.0,0.0,0.0,0.0,0.0,0.0,0.0,0.0,0.0,0.0,0.0,0.0,0.0,0.9765625,1.0,1.0,1.0,1.0,1.0,1.0,1.0,1.0,1.0
WT,8.0,0.028,10,1008898872,0.9745932034530361,0.9000000000339756,0.0,0.0,0.125,0.0,0.875,0.125,0.0,0.875,0.125,0.125,0.125,0.125,0.125,0.125,0.125,0.125,0.125,0.125,0.0,0.0,0.0,0.0,0.0,0.0,0.0,0.0,0.0,0.0,0.875,0.875,0.875,0.875,0.875,0.875,0.875,0.875,0.875,0.875
WT,8.0,0.028,11,794319243,0.9713337835136872,0.9000000000339756,0.0,0.0078125,0.1328125,0.0,0.8671875,0.1328125,0.0,0.8671875,0.1328125,0.1328125,0.1328125,0.1328125,0.1328125,0.1328125,0.1328125,0.1328125,0.1328125,0.1328125,0.0,0.0,0.0,0.0,0.0,0.0,0.0,0.0,0.0,0.0,0.8671875,0.8671875,0.8671875,0.8671875,0.8671875,0.8671875,0.8671875,0.8671875,0.8671875,0.8671875
WT,8.0,0.028,12,204008863,0.9857041080326326,0.9000000000339756,0.0,0.0,0.09375,0.0,0.90625,0.09375,0.0,0.90625,0.09375,0.09375,0.09375,0.09375,0.09375,0.09375,0.09375,0.09375,0.09375,0.09375,0.0,0.0,0.0,0.0,0.0,0.0,0.0,0.0,0.0,0.0,0.90625,0.90625,0.90625,0.90625,0.90625,0.90625,0.90625,0.90625,0.90625,0.90625
WT,8.0,0.028,13,1880439445,0.9996581309784595,0.9000000000339756,0.0,0.0,0.0,0.0,1.0,0.0,0.0,1.0,0.0,0.0,0.0,0.0,0.0,0.0,0.0,0.0,0.0,0.0,0.0,0.0,0.0,0.0,0.0,0.0,0.0,0.0,0.0,0.0,1.0,1.0,1.0,1.0,1.0,1.0,1.0,1.0,1.0,1.0
WT,8.0,0.028,14,1306372712,0.9713337835136612,0.9000000000339756,0.0,0.0078125,0.1328125,0.0,0.8671875,0.1328125,0.0,0.8671875,0.1328125,0.1328125,0.1328125,0.1328125,0.1328125,0.1328125,0.1328125,0.1328125,0.1328125,0.1328125,0.0,0.0,0.0,0.0,0.0,0.0,0.0,0.0,0.0,0.0,0.8671875,0.8671875,0.8671875,0.8671875,0.8671875,0.8671875,0.8671875,0.8671875,0.8671875,0.8671875
WT,8.0,0.028,15,2122084012,0.971333783512335,0.9000000000339756,0.0,0.0625,0.1328125,0.0,0.8671875,0.1328125,0.0,0.8671875,0.1328125,0.1328125,0.1328125,0.1328125,0.1328125,0.1328125,0.1328125,0.1328125,0.1328125,0.1328125,0.0,0.0,0.0,0.0,0.0,0.0,0.0,0.0,0.0,0.0,0.8671875,0.8671875,0.8671875,0.8671875,0.8671875,0.8671875,0.8671875,0.8671875,0.8671875,0.8671875
WT,8.0,0.028,16,1976297044,0.9713337835136513,0.9000000000339756,0.0,0.015625,0.1328125,0.0,0.8671875,0.1328125,0.0,0.8671875,0.1328125,0.1328125,0.1328125,0.1328125,0.1328125,0.1328125,0.1328125,0.1328125,0.1328125,0.1328125,0.0,0.0,0.0,0.0,0.0,0.0,0.0,0.0,0.0,0.0,0.8671875,0.8671875,0.8671875,0.8671875,0.8671875,0.8671875,0.8671875,0.8671875,0.8671875,0.8671875
WT,8.0,0.028,17,784548992,0.9745932034515752,0.9000000000339756,0.0,0.0,0.125,0.0,0.875,0.125,0.0,0.875,0.125,0.125,0.125,0.125,0.125,0.125,0.125,0.125,0.125,0.125,0.0,0.0,0.0,0.0,0.0,0.0,0.0,0.0,0.0,0.0,0.875,0.875,0.875,0.875,0.875,0.875,0.875,0.875,0.875,0.875
WT,8.0,0.028,18,2121403537,0.9678839314799849,0.9000000000339756,0.0,0.03125,0.140625,0.0,0.859375,0.140625,0.0,0.859375,0.140625,0.140625,0.140625,0.140625,0.140625,0.140625,0.140625,0.140625,0.140625,0.140625,0.0,0.0,0.0,0.0,0.0,0.0,0.0,0.0,0.0,0.0,0.859375,0.859375,0.859375,0.859375,0.859375,0.859375,0.859375,0.859375,0.859375,0.859375
WT,8.0,0.028,19,347016859,0.9857041080321877,0.9000000000339756,0.0,0.0,0.09375,0.0,0.90625,0.09375,0.0,0.90625,0.09375,0.09375,0.09375,0.09375,0.09375,0.09375,0.09375,0.09375,0.09375,0.09375,0.0,0.0,0.0,0.0,0.0,0.0,0.0,0.0,0.0,0.0,0.90625,0.90625,0.90625,0.90625,0.90625,0.90625,0.90625,0.90625,0.90625,0.90625
WT,8.0,0.032,0,1168784116,0.9642448897883916,0.9500000028545361,0.0,0.0078125,0.1484375,0.0,0.8515625,0.1484375,0.0,0.8515625,0.1484375,0.1484375,0.1484375,0.1484375,0.1484375,0.1484375,0.1484375,0.1484375,0.1484375,0.1484375,0.0,0.0,0.0,0.0,0.0,0.0,0.0,0.0,0.0,0.0,0.8515625,0.8515625,0.8515625,0.8515625,0.8515625,0.8515625,0.8515625,0.8515625,0.8515625,0.8515625
WT,8.0,0.032,1,921289450,0.9604179684478074,0.9500000028545361,0.0,0.046875,0.15625,0.0,0.84375,0.15625,0.0,0.84375,0.15625,0.15625,0.15625,0.15625,0.15625,0.15625,0.15625,0.15625,0.15625,0.15625,0.0,0.0,0.0,0.0,0.0,0.0,0.0,0.0,0.0,0.0,0.84375,0.84375,0.84375,0.84375,0.84375,0.84375,0.84375,0.84375,0.84375,0.84375
WT,8.0,0.032,2,1293255992,0.9642448897880864,0.9500000028545361,0.0,0.0078125,0.1484375,0.0,0.8515625,0.1484375,0.0,0.8515625,0.1484375,0.1484375,0.1484375,0.1484375,0.1484375,0.1484375,0.1484375,0.1484375,0.1484375,0.1484375,0.0,0.0,0.0,0.0,0.0,0.0,0.0,0.0,0.0,0.0,0.8515625,0.8515625,0.8515625,0.8515625,0.8515625,0.8515625,0.8515625,0.8515625,0.8515625,0.8515625
WT,8.0,0.032,3,1702858716,0.9564045445084013,0.9500000028545361,0.0,0.0078125,0.1640625,0.0,0.8359375,0.1640625,0.0,0.8359375,0.1640625,0.1640625,0.1640625,0.1640625,0.1640625,0.1640625,0.1640625,0.1640625,0.1640625,0.1640625,0.0,0.0,0.0,0.0,0.0,0.0,0.0,0.0,0.0,0.0,0.8359375,0.8359375,0.8359375,0.8359375,0.8359375,0.8359375,0.8359375,0.8359375,0.8359375,0.8359375
WT,8.0,0.032,4,1895310323,0.971333783513585,0.9500000028545361,0.0,0.0,0.1328125,0.0,0.8671875,0.1328125,0.0,0.8671875,0.1328125,0.1328125,0.1328125,0.1328125,0.1328125,0.1328125,0.1328125,0.1328125,0.1328125,0.1328125,0.0,0.0,0.0,0.0,0.0,0.0,0.0,0.0,0.0,0.0,0.8671875,0.8671875,0.8671875,0.8671875,0.8671875,0.8671875,0.8671875,0.8671875,0.8671875,0.8671875
WT,8.0,0.032,5,211694680,0.9642448897801389,0.9500000028545361,0.0,0.0078125,0.1484375,0.0,0.8515625,0.1484375,0.0,0.8515625,0.1484375,0.1484375,0.1484375,0.1484375,0.1484375,0.1484375,0.1484375,0.1484375,0.1484375,0.1484375,0.0,0.0,0.0,0.0,0.0,0.0,0.0,0.0,0.0,0.0,0.8515625,0.8515625,0.8515625,0.8515625,0.8515625,0.8515625,0.8515625,0.8515625,0.8515625,0.8515625
WT,8.0,0.032,6,280584697,0.9642448897734592,0.9500000028545361,0.0,0.015625,0.1484375,0.0,0.8515625,0.1484375,0.0,0.8515625,0.1484375,0.1484375,0.1484375,0.1484375,0.1484375,0.1484375,0.1484375,0.1484375,0.1484375,0.1484375,0.0,0.0,0.0,0.0,0.0,0.0,0.0,0.0,0.0,0.0,0.8515625,0.8515625,0.8515625,0.8515625,0.8515625,0.8515625,0.8515625,0.8515625,0.8515625,0.8515625
WT,8.0,0.032,7,617447500,0.9604179684523323,0.9500000028545361,0.0,0.0546875,0.15625,0.0,0.84375,0.15625,0.0,0.84375,0.15625,0.15625,0.15625,0.15625,0.15625,0.15625,0.15625,0.15625,0.15625,0.15625,0.0,0.0,0.0,0.0,0.0,0.0,0.0,0.0,0.0,0.0,0.84375,0.84375,0.84375,0.84375,0.84375,0.84375,0.84375,0.84375,0.84375,0.84375
WT,8.0,0.032,8,1249765968,0.9745932034513263,0.9500000028545361,0.0,0.0,0.125,0.0,0.875,0.125,0.0,0.875,0.125,0.125,0.125,0.125,0.125,0.125,0.125,0.125,0.125,0.125,0.0,0.0,0.0,0.0,0.0,0.0,0.0,0.0,0.0,0.0,0.875,0.875,0.875,0.875,0.875,0.875,0.875,0.875,0.875,0.875
WT,8.0,0.032,9,1504658074,0.9984946376854676,0.9500000028545361,0.0,0.0,0.03125,0.0,0.96875,0.03125,0.0,0.96875,0.03125,0.03125,0.03125,0.03125,0.03125,0.03125,0.03125,0.03125,0.03125,0.03125,0.0,0.0,0.0,0.0,0.0,0.0,0.0,0.0,0.0,0.0,0.96875,0.96875,0.96875,0.96875,0.96875,0.96875,0.96875,0.96875,0.96875,0.96875
WT,8.0,0.032,10,1008898872,0.9678839307327598,0.9500000028545361,0.0,0.0,0.140625,0.0,0.859375,0.140625,0.0,0.859375,0.140625,0.140625,0.140625,0.140625,0.140625,0.140625,0.140625,0.140625,0.140625,0.140625,0.0,0.0,0.0,0.0,0.0,0.0,0.0,0.0,0.0,0.0,0.859375,0.859375,0.859375,0.859375,0.859375,0.859375,0.859375,0.859375,0.859375,0.859375
WT,8.0,0.032,11,794319243,0.9642448897883936,0.9500000028545361,0.0,0.0078125,0.1484375,0.0,0.8515625,0.1484375,0.0,0.8515625,0.1484375,0.1484375,0.1484375,0.1484375,0.1484375,0.1484375,0.1484375,0.1484375,0.1484375,0.1484375,0.0,0.0,0.0,0.0,0.0,0.0,0.0,0.0,0.0,0.0,0.8515625,0.8515625,0.8515625,0.8515625,0.8515625,0.8515625,0.8515625,0.8515625,0.8515625,0.8515625
WT,8.0,0.032,12,204008863,0.9776610169671931,0.9500000028545361,0.0,0.0,0.1171875,0.0,0.8828125,0.1171875,0.0,0.8828125,0.1171875,0.1171875,0.1171875,0.1171875,0.1171875,0.1171875,0.1171875,0.1171875,0.1171875,0.1171875,0.0,0.0,0.0,0.0,0.0,0.0,0.0,0.0,0.0,0.0,0.8828125,0.8828125,0.8828125,0.8828125,0.8828125,0.8828125,0.8828125,0.8828125,0.8828125,0.8828125
WT,8.0,0.032,13,1880439445,0.9996557399188791,0.9500000028545361,0.0,0.0,0.0,0.0,1.0,0.0,0.0,1.0,0.0,0.0,0.0,0.0,0.0,0.0,0.0,0.0,0.0,0.0,0.0,0.0,0.0,0.0,0.0,0.0,0.0,0.0,0.0,0.0,1.0,1.0,1.0,1.0,1.0,1.0,1.0,1.0,1.0,1.0
WT,8.0,0.032,14,1306372712,0.9642448897879151,0.9500000028545361,0.0,0.0078125,0.1484375,0.0,0.8515625,0.1484375,0.0,0.8515625,0.1484375,0.1484375,0.1484375,0.1484375,0.1484375,0.1484375,0.1484375,0.1484375,0.1484375,0.1484375,0.0,0.0,0.0,0.0,0.0,0.0,0.0,0.0,0.0,0.0,0.8515625,0.8515625,0.8515625,0.8515625,0.8515625,0.8515625,0.8515625,0.8515625,0.8515625,0.8515625
WT,8.0,0.032,15,2122084012,0.9604179684202232,0.9500000028545361,0.0,0.078125,0.15625,0.0,0.84375,0.15625,0.0,0.84375,0.15625,0.15625,0.15625,0.15625,0.15625,0.15625,0.15625,0.15625,0.15625,0.15625,0.0,0.0,0.0,0.0,0.0,0.0,0.0,0.0,0.0,0.0,0.84375,0.84375,0.84375,0.84375,0.84375,0.84375,0.84375,0.84375,0.84375,0.84375
WT,8.0,0.032,16,1976297044,0.9642448897883141,0.9500000028545361,0.0,0.015625,0.1484375,0.0,0.8515625,0.1484375,0.0,0.8515625,0.1484375,0.1484375,0.1484375,0.1484375,0.1484375,0.1484375,0.1484375,0.1484375,0.1484375,0.1484375,0.0,0.0,0.0,0.0,0.0,0.0,0.0,0.0,0.0,0.0,0.8515625,0.8515625,0.8515625,0.8515625,0.8515625,0.8515625,0.8515625,0.8515625,0.8515625,0.8515625
WT,8.0,0.032,17,784548992,0.9642448897884085,0.9500000028545361,0.0,0.0,0.1484375,0.0,0.8515625,0.1484375,0.0,0.8515625,0.1484375,0.1484375,0.1484375,0.1484375,0.1484375,0.1484375,0.1484375,0.1484375,0.1484375,0.1484375,0.0,0.0,0.0,0.0,0.0,0.0,0.0,0.0,0.0,0.0,0.8515625,0.8515625,0.8515625,0.8515625,0.8515625,0.8515625,0.8515625,0.8515625,0.8515625,0.8515625
WT,8.0,0.032,18,2121403537,0.9604179684492689,0.9500000028545361,0.0,0.0625,0.15625,0.0,0.84375,0.15625,0.0,0.84375,0.15625,0.15625,0.15625,0.15625,0.15625,0.15625,0.15625,0.15625,0.15625,0.15625,0.0,0.0,0.0,0.0,0.0,0.0,0.0,0.0,0.0,0.0,0.84375,0.84375,0.84375,0.84375,0.84375,0.84375,0.84375,0.84375,0.84375,0.84375
WT,8.0,0.032,19,347016859,0.977661016980105,0.9500000028545361,0.0,0.0,0.1171875,0.0,0.8828125,0.1171875,0.0,0.8828125,0.1171875,0.1171875,0.1171875,0.1171875,0.1171875,0.1171875,0.1171875,0.1171875,0.1171875,0.1171875,0.0,0.0,0.0,0.0,0.0,0.0,0.0,0.0,0.0,0.0,0.8828125,0.8828125,0.8828125,0.8828125,0.8828125,0.8828125,0.8828125,0.8828125,0.8828125,0.8828125
